1775813457553	422	200	4	4
1775813457757	572	200	6	5
1775813457929	1015	200	9	7
1775813457944	1009	200	9	6
1775813458108	964	200	10	6
1775813458233	929	200	11	6
1775813458439	1118	200	13	7
1775813458760	1118	200	14	7
1775813458938	1223	200	19	11
1775813459039	1126	200	19	10
1775813459176	1127	200	20	10
1775813459128	1275	200	21	10
1775813459795	1242	200	26	14
1775813459445	1593	200	26	14
1775813459924	1327	200	26	12
1775813459940	1315	200	26	11
1775813460124	1694	200	29	13
1775813460071	1806	200	29	12
1775813460124	1989	200	31	13
1775813460250	1866	200	31	12
1775813460327	1991	200	31	11
1775813460514	1978	200	33	12
1775813460609	2081	200	33	11
1775813460801	1977	200	34	11
1775813460879	2090	200	36	12
1775813461023	2136	200	36	11
1775813461396	1899	200	36	10
1775813461507	2009	200	36	9
1775813461539	2101	200	37	9
1775813461944	1889	200	37	8
1775813461992	1921	200	37	7
1775813462413	1698	200	37	6
1775813462397	1842	200	37	5
1775813462728	1860	200	41	8
1775813462809	1868	200	42	8
1775813462858	2113	200	42	7
1775813463592	1445	200	42	6
1775813464257	1063	200	42	5
1775813464357	986	200	42	4
1775813464389	1156	200	44	5
1775813464435	1195	200	44	4
1775813464593	1282	200	45	4
1775813465392	635	200	45	3
1775813465408	713	200	45	2
1775813465756	501	200	46	2
1775813466257	408	200	47	2
1775813466474	420	200	47	1
1775813467024	422	200	52	5
1775813467118	983	200	57	9
1775813467214	889	200	57	9
1775813467182	1122	200	59	9
1775813467341	992	200	59	8
1775813467604	1452	200	61	9
1775813467667	1453	200	61	8
1775813467683	1677	200	61	7
1775813468013	1350	200	61	6
1775813468014	1637	200	62	6
1775813468105	1735	200	63	6
1775813468263	2124	200	65	7
1775813468669	1780	200	65	6
1775813468733	1953	200	66	6
1775813469630	1156	200	67	6
1775813469673	1318	200	69	7
1775813469861	1398	200	71	8
1775813469991	1555	200	72	8
1775813470459	1271	200	73	8
1775813470740	1277	200	73	7
1775813470787	1282	200	73	6
1775813470802	1576	200	73	5
1775813471065	1426	200	73	4
1775813471145	1684	200	73	3
1775813471273	1648	200	74	3
1775813471650	1365	200	74	2
1775813472920	719	200	80	7
1775813473030	977	200	80	6
1775813473188	1168	200	82	7
1775813473204	1153	200	82	6
1775813473299	1180	200	82	5
1775813473347	1254	200	82	4
1775813473438	2005	200	84	5
1775813474302	1210	200	84	4
1775813474302	1304	200	84	3
1775813474818	869	200	84	2
1775813475387	473	200	85	2
1775813475813	501	200	87	3
1775813476055	603	200	89	4
1775813476214	577	200	89	3
1775813476404	636	200	91	4
1775813476621	540	200	92	4
1775813476793	620	200	92	3
1775813476966	660	200	94	4
1775813477138	678	200	94	3
1775813477472	774	200	95	3
1775813477441	819	200	95	2
1775813478171	455	200	98	4
1775813478452	777	200	102	7
1775813478436	820	200	102	6
1775813478625	970	200	103	6
1775813478738	878	200	103	5
1775813478927	1030	200	106	7
1775813479133	832	200	106	6
1775813479179	1159	200	108	7
1775813479520	867	200	108	6
1775813479801	965	200	110	7
1775813479719	1142	200	110	6
1775813480053	1186	200	111	6
1775813479864	1400	200	111	5
1775813480493	1126	200	112	5
1775813480210	1455	200	112	4
1775813480619	1290	200	114	5
1775813481065	978	200	115	5
1775813481513	772	200	116	5
1775813481732	888	200	117	5
1775813481830	1099	200	119	6
1775813481920	1175	200	121	7
1775813482075	1174	200	123	8
1775813482550	929	200	123	7
1775813482739	930	200	126	9
1775813482848	1012	200	127	9
1775813482938	1128	200	130	11
1775813482970	1218	200	130	10
1775813483142	1233	200	130	9
1775813483236	1283	200	131	9
1775813483535	1222	200	135	12
1775813483567	1337	200	138	14
1775813483630	1516	200	138	13
1775813483771	1558	200	139	13
1775813483952	1569	200	139	12
1775813483912	1744	200	139	11
1775813484066	1785	200	139	10
1775813484423	1671	200	139	9
1775813484554	1728	200	143	12
1775813484634	1845	200	143	11
1775813484745	1968	200	144	11
1775813484745	2111	200	144	10
1775813484760	2383	200	146	11
1775813484807	2427	200	146	10
1775813484823	2653	200	154	17
1775813485181	2534	200	156	18
1775813486139	1860	200	157	18
1775813486154	2035	200	159	19
1775813486155	2225	200	160	19
1775813486238	2353	200	161	19
1775813486537	2317	200	161	18
1775813486859	2187	200	161	17
1775813487112	2107	200	161	16
1775813487329	2105	200	162	16
1775813487282	2440	200	162	15
1775813487408	2515	200	163	15
1775813487408	2701	200	163	14
1775813487438	2857	200	164	14
1775813487454	3083	200	164	13
1775813487470	3273	200	164	12
1775813487470	3476	200	165	12
1775813487548	3517	200	168	14
1775813487642	3694	200	168	13
1775813487910	3586	200	168	12
1775813488074	3640	200	171	14
1775813488171	3730	200	172	14
1775813488222	3870	200	172	13
1775813488444	3844	200	173	13
1775813489400	3074	200	176	15
1775813489837	2827	200	176	14
1775813490280	2576	200	176	13
1775813490828	2229	200	178	14
1775813490951	2287	200	178	13
1775813490951	2476	200	179	13
1775813490998	2626	200	179	12
1775813491531	2419	200	179	11
1775813491578	2660	200	180	11
1775813491671	2794	200	182	12
1775813491859	2697	200	182	11
1775813492223	2469	200	184	12
1775813492359	2502	200	186	13
1775813492391	2658	200	186	12
1775813492440	2801	200	187	12
1775813492899	2563	200	187	11
1775813492988	2726	200	190	13
1775813493255	2648	200	190	12
1775813494025	2123	200	191	12
1775813494284	1985	200	192	12
1775813494380	2238	200	195	14
1775813494589	2152	200	195	13
1775813494605	2343	200	195	12
1775813494700	2355	200	196	12
1775813494806	2448	200	196	11
1775813495122	2303	200	196	10
1775813495634	2006	200	197	10
1775813495673	2119	200	199	11
1775813495672	2377	200	201	12
1775813496071	2212	200	201	11
1775813496170	2545	200	207	16
1775813496283	2718	200	208	16
1775813496373	2863	200	210	17
1775813496482	2810	200	210	16
1775813497035	2396	200	211	16
1775813497569	2047	200	213	17
1775813497646	2325	200	215	18
1775813497739	2497	200	216	18
1775813497850	2607	200	216	17
1775813497974	2646	200	217	17
1775813498351	2400	200	217	16
1775813498398	2554	200	219	17
1775813498430	2629	200	219	16
1775813498589	2662	200	220	16
1775813498605	2821	200	221	16
1775813498653	2977	200	221	15
1775813498948	2897	200	221	14
1775813499026	3122	200	225	17
1775813499073	3292	200	225	17
1775813499327	3319	200	227	17
1775813499488	3342	200	227	16
1775813499587	3432	200	227	15
1775813499649	3470	200	228	15
1775813499950	3427	200	231	17
1775813499982	3463	200	231	16
1775813500516	3201	200	233	17
1775813500753	3073	200	233	16
1775813500805	3377	200	235	17
1775813501175	3106	200	236	17
1775813501269	3295	200	237	17
1775813501883	2767	200	237	16
1775813501945	3004	200	238	16
1775813502021	3032	200	239	16
1775813502021	3359	200	242	18
1775813502366	3149	200	243	18
1775813502382	3400	200	245	19
1775813503072	2821	200	245	18
1775813503181	2994	200	248	20
1775813503261	3014	200	248	19
1775813503292	3250	200	248	18
1775813503544	3110	200	249	18
1775813503666	3274	200	250	18
1775813503901	3187	200	251	18
1775813504012	3311	200	253	19
1775813504213	3208	200	253	18
1775813504418	3284	200	254	18
1775813504703	3100	200	256	19
1775813504991	3091	200	257	19
1775813505070	3106	200	257	18
1775813505203	3266	200	257	17
1775813505362	3292	200	258	17
1775813505487	3450	200	259	17
1775813505662	3371	200	259	16
1775813505677	3639	200	261	17
1775813505976	3487	200	261	16
1775813506101	3654	200	261	15
1775813506133	3813	200	262	15
1775813506653	3506	200	264	16
1775813506772	3572	200	264	15
1775813507024	3544	200	264	14
1775813507150	3609	200	265	14
1775813507278	3666	200	266	14
1775813507633	3588	200	266	13
1775813507711	3700	200	267	13
1775813507727	3970	200	268	13
1775813507884	4095	200	270	14
1775813508513	3720	200	272	15
1775813508672	3862	200	275	17
1775813509123	3507	200	275	16
1775813509138	3621	200	275	15
1775813509869	2984	200	275	14
1775813510030	3090	200	276	14
1775813510091	3226	200	277	14
1775813510613	2890	200	277	13
1775813510907	2789	200	278	13
1775813511272	2609	200	278	12
1775813511471	2715	200	279	12
1775813511711	2586	200	280	12
1775813511870	2703	200	280	11
1775813512026	2666	200	280	10
1775813512134	2888	200	283	12
1775813512291	2881	200	283	11
1775813512401	3149	200	283	10
1775813512448	3199	200	284	10
1775813513006	2873	200	285	10
1775813513246	2686	200	285	9
1775813513536	2602	200	286	9
1775813513906	2554	200	289	11
1775813514281	2701	200	291	12
1775813514752	2515	200	292	12
1775813514784	2575	200	292	11
1775813514990	2510	200	292	10
1775813515584	2019	200	292	9
1775813515850	2031	200	294	10
1775813516084	2191	200	298	13
1775813516226	2378	200	300	14
1775813516432	2381	200	300	13
1775813516416	2685	200	300	12
1775813516479	2640	200	300	11
1775813516606	2799	200	303	13
1775813517036	2411	200	303	12
1775813517624	2163	200	305	13
1775813517836	2075	200	306	13
1775813518155	2206	200	310	16
1775813517934	2476	200	310	15
1775813518204	2542	200	314	18
1775813518267	2495	200	314	17
1775813518315	2856	200	321	23
1775813518468	2749	200	321	22
1775813519128	2456	200	323	23
1775813519238	2409	200	323	22
1775813519269	2665	200	325	23
1775813519519	2473	200	325	22
1775813519694	2582	200	327	23
1775813519830	2544	200	327	22
1775813519951	2700	200	327	21
1775813520051	2705	200	328	21
1775813520146	2813	200	328	20
1775813520210	2909	200	332	23
1775813520528	2952	200	333	23
1775813520616	3229	200	336	25
1775813520664	3308	200	337	25
1775813520743	3341	200	337	24
1775813520821	3358	200	337	23
1775813520884	3488	200	337	22
1775813520901	3786	200	339	23
1775813520916	4091	200	340	23
1775813520994	4271	200	340	22
1775813521135	4349	200	340	21
1775813521167	4412	200	340	20
1775813521437	4254	200	341	20
1775813521516	4368	200	343	21
1775813521768	4306	200	344	21
1775813521784	4469	200	344	20
1775813522202	4361	200	346	21
1775813522265	4552	200	347	21
1775813522670	4414	200	348	21
1775813523004	4277	200	348	20
1775813523004	4389	200	348	19
1775813523102	4492	200	351	21
1775813523118	4623	200	353	22
1775813523218	4768	200	355	23
1775813523679	4411	200	356	23
1775813523815	4459	200	356	22
1775813523815	4740	200	356	21
1775813523941	4800	200	357	21
1775813524651	4283	200	357	20
1775813524682	4440	200	357	19
1775813524835	4573	200	359	20
1775813525587	4104	200	359	19
1775813525751	4182	200	361	20
1775813525837	4232	200	362	20
1775813525901	4449	200	364	21
1775813526341	4166	200	365	21
1775813526341	4400	200	366	21
1775813526693	4167	200	369	23
1775813526921	4203	200	369	22
1775813527469	3774	200	369	21
1775813527564	3943	200	369	20
1775813527564	4127	200	369	19
1775813527627	4351	200	369	18
1775813527690	4405	200	370	18
1775813527784	4578	200	371	18
1775813527879	4587	200	371	17
1775813528087	4707	200	375	20
1775813528739	4248	200	376	20
1775813529162	4112	200	378	21
1775813529319	4046	200	379	21
1775813529709	3944	200	379	20
1775813529788	3955	200	380	20
1775813530037	3937	200	382	21
1775813530245	3831	200	383	21
1775813530261	4017	200	383	20
1775813530449	3972	200	383	19
1775813530636	4012	200	383	18
1775813530778	4058	200	384	18
1775813530825	4316	200	385	18
1775813530841	4469	200	386	18
1775813532060	3540	200	388	19
1775813532138	3638	200	388	18
1775813532518	3453	200	389	18
1775813532644	3513	200	389	17
1775813532660	3675	200	390	17
1775813532737	3769	200	392	18
1775813532967	3771	200	395	20
1775813532999	3932	200	396	20
1775813533237	3877	200	396	19
1775813533353	3957	200	396	18
1775813533686	3886	200	398	19
1775813533943	3756	200	399	19
1775813533958	3977	200	400	19
1775813534006	4142	200	401	19
1775813534794	3527	200	401	18
1775813534949	3582	200	402	18
1775813535184	3530	200	404	19
1775813535327	3578	200	406	20
1775813535375	3650	200	406	19
1775813535831	3478	200	408	20
1775813536269	3193	200	408	19
1775813536348	3416	200	409	19
1775813536469	3344	200	409	18
1775813536548	3532	200	409	17
1775813536691	3476	200	409	16
1775813536738	3730	200	411	17
1775813536914	3690	200	411	16
1775813537347	3584	200	411	15
1775813537378	3658	200	412	15
1775813537678	3567	200	413	15
1775813537772	3594	200	413	14
1775813538036	3656	200	414	14
1775813538353	3442	200	416	15
1775813538617	3462	200	417	15
1775813538681	3582	200	418	15
1775813538823	3697	200	419	15
1775813538807	3841	200	419	14
1775813539070	3863	200	422	16
1775813539183	3842	200	423	16
1775813539571	3741	200	423	15
1775813540247	3124	200	424	15
1775813540343	3258	200	426	16
1775813541004	2783	200	427	16
1775813541115	2976	200	430	18
1775813541502	2908	200	433	20
1775813541725	2912	200	435	21
1775813541768	2967	200	437	22
1775813542043	2812	200	437	21
1775813542122	2901	200	438	21
1775813542347	2885	200	438	20
1775813542774	2654	200	439	20
1775813542886	2816	200	441	21
1775813542918	3060	200	442	21
1775813542970	3196	200	442	20
1775813543352	3004	200	442	19
1775813543550	3006	200	444	20
1775813543566	3174	200	444	19
1775813543708	3171	200	444	18
1775813543801	3324	200	444	17
1775813543915	3395	200	444	16
1775813544073	3434	200	445	16
1775813544165	3531	200	445	15
1775813544228	3662	200	447	16
1775813544306	3781	200	449	17
1775813544423	3943	200	450	17
1775813544615	3951	200	452	18
1775813544694	4064	200	452	17
1775813544710	4257	200	454	18
1775813544950	4195	200	454	17
1775813545392	4114	200	457	19
1775813545601	4068	200	457	18
1775813545665	4275	200	458	18
1775813545902	4158	200	458	17
1775813546396	3884	200	458	16
1775813546474	3900	200	459	16
1775813547442	3140	200	462	18
1775813547788	2990	200	462	17
1775813547804	3374	200	467	21
1775813548024	3346	200	469	22
1775813548055	3530	200	469	21
1775813548133	3639	200	469	20
1775813548403	3562	200	471	21
1775813548544	3682	200	472	21
1775813548792	3629	200	474	22
1775813548808	3801	200	475	22
1775813549285	3369	200	475	21
1775813549441	3512	200	476	21
1775813549472	3559	200	476	20
1775813549677	3789	200	480	23
1775813550335	3172	200	480	22
1775813550481	3334	200	483	24
1775813550529	3369	200	483	23
1775813550544	3634	200	484	23
1775813550831	3443	200	486	24
1775813550863	3604	200	490	27
1775813550894	3765	200	492	28
1775813550972	3922	200	494	29
1775813550988	4052	200	494	28
1775813551285	3945	200	497	30
1775813551332	4087	200	499	31
1775813551776	4088	200	500	31
1775813551959	4200	200	505	35
1775813552196	4070	200	505	34
1775813552245	4140	200	505	33
1775813552285	4274	200	505	32
1775813552587	4163	200	506	32
1775813552680	4261	200	507	32
1775813553264	3862	200	508	32
1775813553281	4131	200	509	32
1775813553375	4227	200	509	31
1775813553433	4452	200	513	34
1775813553633	4404	200	513	33
1775813553696	4574	200	514	33
1775813553728	4636	200	515	33
1775813553935	4616	200	516	33
1775813554218	4528	200	519	35
1775813554266	4762	200	520	35
1775813554336	4882	200	520	34
1775813554352	5054	200	520	33
1775813554402	5196	200	520	32
1775813554433	5357	200	521	32
1775813554611	5458	200	521	31
1775813554610	5657	200	521	30
1775813554673	5926	200	522	30
1775813554689	6045	200	524	31
1775813555128	5941	200	525	31
1775813555223	5940	200	526	31
1775813555223	6176	200	527	31
1775813555332	6164	200	527	30
1775813555380	6308	200	527	29
1775813555646	6169	200	527	28
1775813555884	6183	200	529	29
1775813555979	6227	200	529	28
1775813556051	6397	200	531	29
1775813556083	6553	200	531	28
1775813556098	6836	200	531	27
1775813556618	6543	200	532	27
1775813556888	6568	200	532	26
1775813556966	6589	200	532	25
1775813557256	6517	200	534	26
1775813557667	6212	200	535	26
1775813557698	6470	200	538	28
1775813557794	6546	200	540	29
1775813557856	6689	200	540	28
1775813558200	6506	200	540	27
1775813558326	6587	200	540	26
1775813558532	6568	200	544	29
1775813558686	6697	200	546	30
1775813558717	6855	200	546	29
1775813558733	7025	200	548	30
1775813558955	7087	200	550	31
1775813559737	6488	200	550	30
1775813560317	6066	200	550	29
1775813560647	5962	200	551	29
1775813560726	6038	200	551	28
1775813561025	5941	200	552	28
1775813561088	6249	200	552	27
1775813561330	6048	200	552	26
1775813561869	5670	200	553	26
1775813561916	5746	200	554	26
1775813562311	5732	200	555	26
1775813562326	6142	200	558	28
1775813563015	5647	200	561	30
1775813563581	5120	200	561	29
1775813563739	5058	200	562	29
1775813563850	5138	200	564	30
1775813563951	5655	200	564	29
1775813563999	5735	200	564	28
1775813564018	5873	200	564	27
1775813564175	5764	200	564	26
1775813564252	5879	200	565	26
1775813565022	5389	200	568	28
1775813565057	5565	200	568	27
1775813565083	5778	200	571	29
1775813565099	5962	200	574	31
1775813565242	5948	200	574	30
1775813565242	6212	200	574	29
1775813565604	6003	200	574	28
1775813565651	6204	200	575	28
1775813565996	6033	200	577	29
1775813565996	6324	200	579	30
1775813566555	5903	200	581	31
1775813566889	5783	200	583	32
1775813567482	5405	200	584	32
1775813567561	5624	200	584	31
1775813567891	5499	200	585	31
1775813568116	5625	200	586	31
1775813568331	5561	200	587	31
1775813568394	5788	200	588	31
1775813568489	5753	200	589	31
1775813568567	5939	200	589	30
1775813568645	5972	200	589	29
1775813568746	6151	200	589	28
1775813568833	6159	200	589	27
1775813568928	6342	200	590	27
1775813570102	5267	200	591	27
1775813570196	5470	200	593	28
1775813570196	5548	200	593	27
1775813570322	5715	200	593	26
1775813570661	5477	200	594	26
1775813570677	5746	200	594	25
1775813570708	5895	200	600	30
1775813570964	5838	200	602	31
1775813571028	5954	200	603	31
1775813571044	6138	200	603	30
1775813571667	5699	200	606	32
1775813571884	5683	200	607	32
1775813571966	5780	200	609	33
1775813572182	5757	200	609	32
1775813572306	5821	200	609	31
1775813572337	5982	200	611	32
1775813572337	6270	200	613	33
1775813572493	6351	200	613	32
1775813572541	6513	200	613	31
1775813572694	6632	200	617	34
1775813573363	6019	200	617	33
1775813573566	6095	200	619	34
1775813573834	5865	200	619	33
1775813574024	6024	200	619	32
1775813574209	5918	200	619	31
1775813574994	5421	200	619	30
1775813575320	5190	200	620	30
1775813575572	5234	200	621	30
1775813575667	5222	200	621	29
1775813576044	5238	200	623	30
1775813576486	4811	200	623	29
1775813576470	5180	200	626	31
1775813576518	5235	200	628	32
1775813576565	5558	200	630	33
1775813576565	5633	200	630	32
1775813576580	5887	200	631	32
1775813576748	5843	200	632	32
1775813576764	6109	200	632	31
1775813576828	6152	200	632	30
1775813577191	6037	200	633	30
1775813577267	6102	200	635	31
1775813577298	6311	200	637	32
1775813577560	6188	200	638	32
1775813577653	6379	200	639	32
1775813577685	6509	200	639	31
1775813578159	6304	200	639	30
1775813578222	6434	200	640	30
1775813578332	6513	200	640	29
1775813578554	6349	200	641	29
1775813579149	5961	200	644	31
1775813579243	6028	200	644	30
1775813579305	6179	200	644	29
1775813579321	6309	200	646	30
1775813579418	6443	200	647	30
1775813579418	6617	200	648	30
1775813580483	5774	200	650	31
1775813580738	5748	200	650	30
1775813581015	5736	200	650	29
1775813581111	5772	200	650	28
1775813581430	5652	200	654	31
1775813581489	5770	200	655	31
1775813581647	5817	200	657	32
1775813581663	5970	200	657	31
1775813581694	6202	200	658	31
1775813581868	6257	200	659	31
1775813581946	6453	200	662	33
1775813582410	6170	200	662	32
1775813582503	6198	200	663	32
1775813583038	5785	200	664	32
1775813583241	5773	200	664	31
1775813583366	5910	200	664	30
1775813583459	6002	200	665	30
1775813583490	6274	200	669	33
1775813583618	6322	200	670	33
1775813583774	6407	200	671	33
1775813584593	5877	200	671	32
1775813584895	5883	200	672	32
1775813584989	5889	200	672	31
1775813585020	6036	200	673	31
1775813585020	6167	200	673	30
1775813585588	5756	200	674	30
1775813585588	5968	200	674	29
1775813585764	6080	200	677	31
1775813585873	6249	200	677	30
1775813586077	6326	200	681	33
1775813586251	6405	200	681	32
1775813586930	5767	200	681	31
1775813586930	5975	200	683	32
1775813587041	5942	200	683	31
1775813587072	6256	200	685	32
1775813587213	6248	200	685	31
1775813587315	6448	200	686	31
1775813587398	6394	200	687	31
1775813587810	6326	200	689	32
1775813587945	6279	200	689	31
1775813588195	6324	200	692	33
1775813588259	6349	200	692	32
1775813588354	6542	200	693	32
1775813588589	6400	200	694	32
1775813588734	6449	200	695	32
1775813589390	5981	200	698	34
1775813589594	5967	200	699	34
1775813589578	6169	200	701	35
1775813589626	6406	200	702	35
1775813589657	6619	200	702	34
1775813589767	6888	200	706	37
1775813590015	6696	200	706	36
1775813590596	6306	200	708	37
1775813590929	6060	200	710	38
1775813591316	5928	200	710	37
1775813591565	5901	200	710	36
1775813591613	6088	200	710	35
1775813591691	6202	200	711	35
1775813592194	5936	200	711	34
1775813592178	6106	200	711	33
1775813592287	6228	200	713	34
1775813592319	6288	200	714	34
1775813592789	6010	200	714	33
1775813592852	6145	200	715	33
1775813593276	5997	200	717	34
1775813593291	6184	200	719	35
1775813593646	5993	200	720	35
1775813593793	6099	200	720	34
1775813593967	6128	200	720	33
1775813594031	6248	200	720	32
1775813594374	6126	200	720	31
1775813594405	6377	200	720	30
1775813594484	6574	200	721	30
1775813594781	6371	200	721	29
1775813594906	6460	200	724	31
1775813595141	6322	200	724	30
1775813595219	6434	200	725	30
1775813595235	6617	200	725	29
1775813595361	6675	200	725	28
1775813595415	6811	200	726	28
1775813595592	6825	200	729	30
1775813595702	7009	200	729	29
1775813595894	6996	200	729	28
1775813596443	6732	200	734	32
1775813596490	6781	200	736	33
1775813596554	7005	200	739	35
1775813596648	7004	200	739	34
1775813596822	7120	200	741	35
1775813596982	7054	200	742	35
1775813596882	7437	200	743	35
1775813596983	7438	200	743	34
1775813597711	7085	200	744	34
1775813598330	6477	200	744	33
1775813598431	6745	200	745	33
1775813598558	6644	200	745	32
1775813598880	6682	200	747	33
1775813599030	6627	200	748	33
1775813599124	6818	200	750	34
1775813599394	6642	200	751	34
1775813599457	6866	200	753	35
1775813599488	6930	200	753	34
1775813601041	5759	200	754	34
1775813601161	5730	200	754	33
1775813601193	6043	200	755	33
1775813601272	6053	200	755	32
1775813601621	5953	200	758	34
1775813602181	5525	200	759	34
1775813602243	5702	200	759	33
1775813602321	5740	200	759	32
1775813602400	5922	200	760	32
1775813602905	5534	200	760	31
1775813602905	5797	200	761	31
1775813602984	5917	200	764	33
1775813603062	6168	200	766	34
1775813603125	6240	200	767	34
1775813603201	6536	200	768	34
1775813603189	6636	200	768	33
1775813603303	6656	200	768	32
1775813603430	6645	200	768	31
1775813603492	6840	200	769	31
1775813603697	6825	200	769	30
1775813603938	6865	200	770	30
1775813604001	7079	200	772	31
1775813604160	7109	200	773	31
1775813604659	6958	200	776	33
1775813604898	6758	200	777	33
1775813605442	6476	200	777	32
1775813605554	6394	200	777	31
1775813605632	6670	200	777	30
1775813605776	6607	200	778	30
1775813605991	6861	200	780	31
1775813605808	7047	200	780	30
1775813606101	7083	200	781	30
1775813606242	6953	200	781	29
1775813606666	6902	200	781	28
1775813607041	6536	200	781	27
1775813607372	6587	200	783	28
1775813607372	6629	200	783	27
1775813607560	6821	200	784	27
1775813607701	6716	200	784	26
1775813608234	6473	200	784	25
1775813608516	6236	200	784	24
1775813608706	6382	200	785	24
1775813608721	6413	200	785	23
1775813608752	6771	200	787	24
1775813608956	6614	200	788	24
1775813609300	6698	200	793	28
1775813609222	6817	200	794	28
1775813609475	6854	200	795	28
1775813610099	6243	200	795	27
1775813610794	5919	200	796	27
1775813610982	5827	200	797	27
1775813611030	6154	200	799	28
1775813611197	6007	200	799	27
1775813611307	6199	200	801	28
1775813611466	6131	200	803	29
1775813611529	6343	200	803	28
1775813611640	6358	200	803	27
1775813612325	5915	200	805	28
1775813612502	5922	200	806	28
1775813612645	5970	200	806	27
1775813612938	5917	200	806	26
1775813613588	5515	200	808	27
1775813613761	5521	200	810	28
1775813614082	5461	200	812	29
1775813614929	4733	200	813	29
1775813615415	4509	200	814	29
1775813615462	4581	200	814	28
1775813615557	4772	200	814	27
1775813615635	4846	200	814	26
1775813615746	4966	200	814	25
1775813615809	5000	200	816	26
1775813615793	5231	200	816	25
1775813615857	5336	200	816	24
1775813616032	5370	200	819	26
1775813616095	5484	200	822	28
1775813616480	5391	200	824	29
1775813616781	5219	200	825	29
1775813616878	5369	200	827	30
1775813616862	5506	200	827	29
1775813617375	5249	200	827	28
1775813617470	5263	200	827	27
1775813617518	5547	200	827	26
1775813617579	5620	200	827	25
1775813618051	5588	200	830	27
1775813618128	5544	200	830	26
1775813618380	5507	200	831	26
1775813618898	5074	200	831	25
1775813618977	5372	200	836	29
1775813619262	5195	200	837	29
1775813619278	5551	200	839	30
1775813619389	5486	200	839	29
1775813619498	5680	200	840	29
1775813619576	5682	200	841	29
1775813619762	5764	200	842	29
1775813620730	4886	200	843	29
1775813620808	5064	200	843	28
1775813621203	4864	200	846	30
1775813621204	5060	200	847	30
1775813621341	5106	200	847	29
1775813621515	5553	200	851	32
1775813621515	5558	200	851	31
1775813621546	5763	200	851	30
1775813621625	5783	200	853	31
1775813621796	6072	200	858	35
1775813621985	5950	200	859	35
1775813622096	6164	200	860	35
1775813622096	6175	200	861	35
1775813623321	5300	200	861	34
1775813623336	5341	200	861	33
1775813623584	5429	200	863	34
1775813623694	5420	200	863	33
1775813623997	5460	200	866	35
1775813624188	5362	200	866	34
1775813624235	5614	200	868	35
1775813624251	5604	200	868	34
1775813624315	5885	200	868	33
1775813624378	5917	200	868	32
1775813624650	5995	200	870	33
1775813624698	5964	200	870	32
1775813624947	6082	200	871	32
1775813625185	5879	200	871	31
1775813625264	6145	200	871	30
1775813625608	5884	200	872	30
1775813625955	5878	200	875	32
1775813625986	5937	200	875	31
1775813626077	6253	200	875	30
1775813626014	6323	200	875	29
1775813626849	5783	200	876	29
1775813626913	5817	200	876	28
1775813626945	6168	200	879	30
1775813626992	6262	200	881	31
1775813627366	6271	200	884	33
1775813627366	6273	200	884	32
1775813627461	6509	200	884	31
1775813627616	6446	200	885	31
1775813627774	6815	200	885	30
1775813627647	6942	200	885	29
1775813627821	7118	200	885	28
1775813627915	7035	200	885	27
1775813628091	7215	200	887	28
1775813628271	7125	200	887	27
1775813628731	6998	200	889	28
1775813628888	6980	200	890	28
1775813629277	7025	200	892	29
1775813629308	7101	200	892	28
1775813629340	7193	200	893	28
1775813629687	6946	200	893	27
1775813629687	7132	200	893	26
1775813630317	6875	200	896	28
1775813630398	7075	200	897	28
1775813630743	6985	200	898	28
1775813631489	6334	200	899	28
1775813631692	6273	200	899	27
1775813631753	6324	200	899	26
1775813631800	6540	200	900	26
1775813632615	6011	200	900	25
1775813632827	5992	200	900	24
1775813632875	6127	200	901	24
1775813632897	6301	200	901	23
1775813633209	6192	200	901	22
1775813633241	6337	200	903	23
1775813633445	6336	200	904	23
1775813633569	6390	200	904	22
1775813633615	6535	200	905	22
1775813634004	6333	200	906	22
1775813635013	5530	200	906	21
1775813635206	5517	200	906	20
1775813635704	5302	200	906	19
1775813635719	5468	200	908	20
1775813635767	5622	200	911	22
1775813635910	5593	200	911	21
1775813636144	5625	200	911	20
1775813636492	5389	200	912	20
1775813636897	5255	200	913	20
1775813636976	5266	200	914	20
1775813637131	5306	200	917	22
1775813637329	5319	200	918	22
1775813637502	5768	200	920	23
1775813637791	5549	200	920	22
1775813638180	5395	200	922	23
1775813638888	4740	200	922	22
1775813639515	4345	200	924	23
1775813639562	4486	200	925	23
1775813639750	4580	200	927	24
1775813640063	4543	200	930	26
1775813640235	4714	200	932	27
1775813641037	4131	200	932	26
1775813641180	4052	200	933	26
1775813641259	4116	200	934	26
1775813641307	4161	200	937	28
1775813641379	4373	200	937	27
1775813641861	4180	200	939	28
1775813642057	4508	200	941	29
1775813642166	4399	200	941	28
1775813642324	4382	200	941	27
1775813642406	4388	200	941	26
1775813642437	5105	200	947	31
1775813642571	5033	200	947	30
1775813643121	4701	200	949	31
1775813643106	4731	200	949	30
1775813643436	4686	200	951	31
1775813643468	4825	200	951	30
1775813643654	5276	200	954	32
1775813643715	5252	200	954	31
1775813644044	5122	200	954	30
1775813644281	4913	200	954	29
1775813644312	5337	200	958	32
1775813644407	5429	200	962	35
1775813644469	5647	200	963	35
1775813644532	5731	200	963	34
1775813644869	5715	200	963	33
1775813644948	5784	200	963	32
1775813645191	5797	200	966	34
1775813645296	5858	200	966	33
1775813645391	5969	200	966	32
1775813645391	6156	200	970	35
1775813645438	6289	200	972	36
1775813645835	6090	200	973	36
1775813645975	6132	200	974	36
1775813646288	6007	200	975	36
1775813646429	6075	200	976	36
1775813646844	5926	200	979	38
1775813646956	6012	200	980	38
1775813647082	6083	200	983	40
1775813647146	6223	200	984	40
1775813647386	6348	200	989	44
1775813647402	6469	200	990	44
1775813647745	6440	200	991	44
1775813647808	6583	200	992	44
1775813647871	6784	200	992	43
1775813647950	6873	200	992	42
1775813648311	6701	200	992	41
1775813648531	6669	200	993	41
1775813648578	6763	200	996	43
1775813649377	6153	200	997	43
1775813649393	6333	200	998	43
1775813649409	6501	200	998	42
1775813649551	6648	200	1000	43
1775813649708	6681	200	1002	44
1775813649739	6843	200	1002	43
1775813649739	7032	200	1004	44
1775813649786	7185	200	1005	44
1775813649852	7314	200	1005	43
1775813650803	6538	200	1007	44
1775813650913	6619	200	1008	44
1775813650961	6852	200	1009	44
1775813651526	6487	200	1009	43
1775813651494	6707	200	1010	43
1775813651526	6868	200	1011	43
1775813651542	7014	200	1012	43
1775813651588	7177	200	1012	42
1775813651716	7251	200	1012	41
1775813651889	7536	200	1015	43
1775813652011	7595	200	1015	42
1775813652187	7682	200	1016	42
1775813652456	7486	200	1016	41
1775813652544	7650	200	1019	43
1775813652701	7544	200	1019	42
1775813652750	7734	200	1020	42
1775813652813	7859	200	1021	42
1775813653092	8128	200	1023	43
1775813653124	8202	200	1023	42
1775813653124	8412	200	1024	42
1775813653232	8351	200	1024	41
1775813653420	8399	200	1025	41
1775813653437	8502	200	1025	40
1775813653436	8856	200	1027	41
1775813653452	9033	200	1028	41
1775813653563	9203	200	1030	42
1775813653816	9128	200	1030	41
1775813654069	9059	200	1030	40
1775813654345	8996	200	1030	39
1775813655029	8488	200	1031	39
1775813655209	8423	200	1032	39
1775813655257	8568	200	1033	39
1775813655336	8676	200	1035	40
1775813655399	8814	200	1036	40
1775813655612	8778	200	1036	39
1775813655932	8762	200	1038	40
1775813656042	8787	200	1038	39
1775813656260	8849	200	1041	41
1775813656387	8794	200	1042	41
1775813656654	8856	200	1042	40
1775813656686	8948	200	1042	39
1775813656808	9113	200	1043	39
1775813657234	8784	200	1043	38
1775813657295	9007	200	1044	38
1775813657429	8973	200	1044	37
1775813657776	8915	200	1046	38
1775813658077	8699	200	1046	37
1775813658361	8794	200	1047	37
1775813658534	8709	200	1047	36
1775813659003	8551	200	1048	36
1775813659019	8618	200	1048	35
1775813659255	8670	200	1050	36
1775813659778	8254	200	1050	35
1775813659944	8371	200	1051	35
1775813659991	8449	200	1052	35
1775813660007	8771	200	1054	36
1775813660322	8531	200	1054	35
1775813660586	8565	200	1055	35
1775813661010	8244	200	1055	34
1775813661167	8280	200	1055	33
1775813661329	8230	200	1055	32
1775813661605	8326	200	1059	35
1775813662064	8096	200	1060	35
1775813662238	8165	200	1062	36
1775813662365	8373	200	1066	39
1775813662507	8434	200	1067	39
1775813662588	8469	200	1067	38
1775813663412	7749	200	1067	37
1775813663630	7668	200	1067	36
1775813663661	7876	200	1067	35
1775813663960	7916	200	1068	35
1775813663975	8037	200	1070	36
1775813664053	8247	200	1072	37
1775813664678	7716	200	1072	36
1775813664693	8140	200	1073	36
1775813664853	7980	200	1073	35
1775813664932	8153	200	1077	38
1775813664948	8163	200	1077	37
1775813665905	7649	200	1079	38
1775813665138	8555	200	1079	37
1775813666404	7697	200	1082	39
1775813666250	7912	200	1082	38
1775813666594	7858	200	1084	39
1775813667000	7489	200	1084	38
1775813667487	7320	200	1085	38
1775813667758	7211	200	1085	37
1775813667758	7450	200	1086	37
1775813668241	7105	200	1086	36
1775813668366	7265	200	1086	35
1775813668664	7063	200	1089	37
1775813668759	7336	200	1092	39
1775813668929	7182	200	1092	38
1775813669637	6742	200	1092	37
1775813669652	6839	200	1094	38
1775813669732	7016	200	1094	37
1775813669875	6996	200	1094	36
1775813670138	6954	200	1095	36
1775813670325	6931	200	1096	36
1775813670341	7104	200	1096	35
1775813670450	7182	200	1097	35
1775813670654	7151	200	1097	34
1775813670639	7376	200	1098	34
1775813670717	7558	200	1099	34
1775813670780	7712	200	1099	33
1775813671867	6812	200	1101	34
1775813671914	6953	200	1101	33
1775813671914	7251	200	1101	32
1775813672024	7326	200	1101	31
1775813672088	7454	200	1104	33
1775813672731	6996	200	1105	33
1775813672921	6999	200	1107	34
1775813672905	7206	200	1107	33
1775813672968	7332	200	1108	33
1775813673015	7569	200	1108	32
1775813673352	7771	200	1111	34
1775813673382	7834	200	1112	34
1775813673727	7619	200	1112	33
1775813673789	7655	200	1112	32
1775813674010	7728	200	1115	34
1775813674259	7754	200	1117	35
1775813674338	7962	200	1117	34
1775813674808	7590	200	1117	33
1775813675029	7703	200	1120	35
1775813675667	7191	200	1120	34
1775813675667	7470	200	1122	35
1775813675682	7522	200	1122	34
1775813675826	7631	200	1124	35
1775813676032	7561	200	1127	37
1775813676047	7868	200	1127	36
1775813676412	7669	200	1127	35
1775813676412	8032	200	1129	36
1775813676942	7614	200	1129	35
1775813677098	7572	200	1130	35
1775813677458	7323	200	1131	35
1775813678008	6961	200	1131	34
1775813678085	7260	200	1132	34
1775813678620	7064	200	1132	33
1775813678651	7163	200	1134	34
1775813679356	6562	200	1134	33
1775813679404	6613	200	1135	33
1775813679420	6789	200	1137	34
1775813679606	6978	200	1138	34
1775813679764	7072	200	1140	35
1775813679748	7305	200	1140	34
1775813680156	7119	200	1140	33
1775813680800	6595	200	1140	32
1775813680816	6827	200	1142	33
1775813680895	6849	200	1142	32
1775813681144	6875	200	1142	31
1775813681459	6743	200	1145	33
1775813681633	6905	200	1150	37
1775813681690	6916	200	1150	36
1775813681875	7048	200	1150	35
1775813681922	7130	200	1151	35
1775813682512	6884	200	1152	35
1775813682655	6854	200	1154	36
1775813682687	7146	200	1154	35
1775813682955	6918	200	1154	34
1775813682971	7149	200	1155	34
1775813683208	7024	200	1156	34
1775813683275	7385	200	1159	36
1775813683481	7301	200	1159	35
1775813683576	7475	200	1161	36
1775813683592	7559	200	1161	36
1775813684200	7216	200	1163	36
1775813684231	7355	200	1164	36
1775813684595	7287	200	1165	36
1775813684726	7334	200	1167	37
1775813685333	6853	200	1167	36
1775813685743	6579	200	1170	38
1775813685809	6678	200	1170	37
1775813685941	6740	200	1171	37
1775813686066	6807	200	1171	36
1775813686097	7150	200	1172	36
1775813686273	7241	200	1174	37
1775813686601	7175	200	1175	37
1775813686793	7028	200	1175	36
1775813687427	6587	200	1176	36
1775813687525	6592	200	1176	35
1775813688073	6298	200	1178	36
1775813688120	6466	200	1178	35
1775813688246	6626	200	1178	34
1775813688184	6875	200	1180	35
1775813688373	7028	200	1182	36
1775813688389	7132	200	1183	36
1775813688404	7378	200	1186	38
1775813688516	7408	200	1187	38
1775813688992	7184	200	1190	40
1775813689059	7266	200	1190	39
1775813689411	7272	200	1191	39
1775813689474	7350	200	1192	39
1775813689928	7145	200	1195	41
1775813690190	7061	200	1197	42
1775813690237	7393	200	1199	43
1775813690443	7444	200	1203	46
1775813690587	7572	200	1206	48
1775813690804	7474	200	1206	47
1775813690899	7638	200	1207	47
1775813691153	7526	200	1208	47
1775813691415	7551	200	1208	46
1775813691460	7686	200	1209	46
1775813691590	7858	200	1210	46
1775813691965	7670	200	1210	45
1775813692028	7993	200	1210	44
1775813692200	7922	200	1212	45
1775813692242	8156	200	1214	46
1775813692292	8293	200	1214	45
1775813692560	8394	200	1216	46
1775813693047	8097	200	1217	46
1775813693268	8175	200	1217	45
1775813693361	8230	200	1217	44
1775813693644	8088	200	1218	44
1775813693908	8017	200	1219	44
1775813694240	7806	200	1219	43
1775813694257	8052	200	1220	43
1775813694957	7527	200	1220	42
1775813695035	7886	200	1221	42
1775813695206	7829	200	1221	41
1775813695268	8029	200	1222	41
1775813695411	7938	200	1223	41
1775813695537	8095	200	1223	40
1775813695662	8059	200	1223	39
1775813695708	8216	200	1224	39
1775813695877	8234	200	1224	38
1775813695957	8431	200	1224	37
1775813696022	8561	200	1226	38
1775813696178	8642	200	1227	38
1775813696540	8423	200	1228	38
1775813696769	8531	200	1229	38
1775813696872	8559	200	1229	37
1775813696920	8635	200	1229	36
1775813697073	8654	200	1229	35
1775813697121	8790	200	1230	35
1775813697216	8886	200	1234	38
1775813697484	8749	200	1234	37
1775813697532	8950	200	1235	37
1775813697718	8957	200	1235	36
1775813697765	9099	200	1235	35
1775813697812	9244	200	1237	36
1775813697813	9448	200	1238	36
1775813697961	9499	200	1239	36
1775813698072	9563	200	1239	35
1775813698087	9824	200	1240	35
1775813698547	9473	200	1240	34
1775813698500	9790	200	1240	33
1775813699055	9354	200	1240	32
1775813699403	9270	200	1241	32
1775813700101	8707	200	1244	34
1775813700101	8988	200	1245	34
1775813700180	9061	200	1245	33
1775813700384	9051	200	1247	34
1775813700666	8957	200	1250	36
1775813700854	9059	200	1250	35
1775813701025	9093	200	1251	35
1775813701638	8700	200	1251	34
1775813701907	8717	200	1254	36
1775813702300	8472	200	1255	36
1775813702505	8693	200	1260	40
1775813703205	8087	200	1261	40
1775813703315	8130	200	1261	39
1775813703728	7832	200	1262	39
1775813704403	7408	200	1263	39
1775813704459	7541	200	1263	38
1775813704675	7525	200	1264	38
1775813704928	7452	200	1264	37
1775813705214	7453	200	1269	41
1775813705761	7334	200	1273	44
1775813705984	7242	200	1273	43
1775813706015	7410	200	1274	43
1775813706068	7410	200	1275	43
1775813706084	7634	200	1278	45
1775813706320	7582	200	1278	44
1775813706969	7248	200	1278	43
1775813707031	7420	200	1278	42
1775813707080	7586	200	1280	43
1775813707440	7466	200	1280	42
1775813707720	7313	200	1280	41
1775813708495	6697	200	1280	40
1775813708688	6650	200	1280	39
1775813708726	6727	200	1280	38
1775813708742	6897	200	1281	38
1775813708915	7029	200	1285	41
1775813709272	6988	200	1288	43
1775813709350	7105	200	1290	44
1775813709492	7079	200	1292	45
1775813709492	7315	200	1293	45
1775813709492	7460	200	1294	45
1775813710044	7190	200	1297	47
1775813710361	6979	200	1297	46
1775813710440	7176	200	1297	45
1775813710614	7100	200	1297	44
1775813710714	7279	200	1299	45
1775813710795	7308	200	1299	44
1775813710826	7461	200	1299	43
1775813710890	7585	200	1299	42
1775813711093	7770	200	1299	41
1775813711187	7846	200	1299	40
1775813711219	8164	200	1300	40
1775813711548	7968	200	1300	39
1775813711720	7991	200	1300	38
1775813712164	7644	200	1300	37
1775813712407	7590	200	1300	36
1775813712407	7723	200	1301	36
1775813712487	7896	200	1301	35
1775813712659	7909	200	1302	35
1775813712659	8197	200	1305	37
1775813712785	8204	200	1305	36
1775813712879	8530	200	1309	39
1775813712895	8523	200	1309	38
1775813712911	8788	200	1310	38
1775813713333	8476	200	1313	40
1775813713457	8879	200	1315	41
1775813713502	9023	200	1316	41
1775813713566	9151	200	1317	41
1775813713693	9116	200	1317	40
1775813714556	8447	200	1318	40
1775813714603	8538	200	1320	41
1775813715576	7772	200	1320	40
1775813715654	7871	200	1322	41
1775813715686	8045	200	1323	41
1775813715749	8161	200	1324	41
1775813715812	8280	200	1325	41
1775813715954	8332	200	1325	40
1775813716002	8570	200	1326	40
1775813716049	8726	200	1326	39
1775813716332	8669	200	1327	39
1775813716316	8893	200	1328	39
1775813716474	8940	200	1329	39
1775813716521	9144	200	1330	39
1775813716705	9150	200	1330	38
1775813716971	9077	200	1330	37
1775813716971	9266	200	1330	36
1775813716940	9519	200	1331	36
1775813717033	9609	200	1331	35
1775813717740	9121	200	1332	35
1775813717803	9242	200	1332	34
1775813719067	8216	200	1336	37
1775813720115	7456	200	1337	37
1775813720484	7124	200	1337	36
1775813720674	7140	200	1337	35
1775813720721	7183	200	1337	34
1775813720783	7671	200	1339	35
1775813721031	7493	200	1340	35
1775813721393	7394	200	1340	34
1775813721297	7493	200	1340	33
1775813721409	7634	200	1342	34
1775813721439	7799	200	1343	34
1775813721785	7789	200	1345	35
1775813721753	7947	200	1345	34
1775813721801	8225	200	1345	33
1775813722196	7955	200	1346	33
1775813722228	8148	200	1347	33
1775813722338	8142	200	1347	32
1775813722694	7987	200	1349	33
1775813722946	7907	200	1350	33
1775813723010	8036	200	1352	34
1775813723125	8110	200	1354	35
1775813723361	8166	200	1355	35
1775813723507	8207	200	1357	36
1775813723617	8298	200	1357	35
1775813723869	8272	200	1359	36
1775813723952	8423	200	1361	37
1775813724469	8108	200	1361	36
1775813724950	7812	200	1362	36
1775813725125	7898	200	1364	37
1775813725408	7802	200	1366	38
1775813725439	7939	200	1366	37
1775813726317	7348	200	1369	39
1775813726761	7015	200	1371	40
1775813727063	6845	200	1371	39
1775813727095	6945	200	1372	39
1775813727110	7171	200	1377	43
1775813727257	7213	200	1377	42
1775813727289	7360	200	1377	41
1775813728214	6637	200	1377	40
1775813728369	6768	200	1378	40
1775813728479	6931	200	1379	40
1775813728891	6773	200	1379	39
1775813729003	6950	200	1380	39
1775813729161	6888	200	1381	39
1775813729467	6690	200	1381	38
1775813729467	6816	200	1381	37
1775813730126	6442	200	1382	37
1775813730318	6437	200	1383	37
1775813730675	6365	200	1383	36
1775813730643	6587	200	1384	36
1775813730755	6741	200	1386	37
1775813730901	6764	200	1387	37
1775813730932	7016	200	1388	37
1775813731147	6920	200	1388	36
1775813731226	7054	200	1390	37
1775813731415	6979	200	1391	37
1775813731570	7013	200	1391	36
1775813731634	7119	200	1391	35
1775813732024	7097	200	1393	36
1775813732102	7466	200	1396	38
1775813732258	7422	200	1396	37
1775813732289	7513	200	1396	36
1775813732682	7154	200	1396	35
1775813732863	7226	200	1396	34
1775813732976	7492	200	1397	34
1775813733090	7757	200	1398	34
1775813733153	7939	200	1400	35
1775813733421	7793	200	1400	34
1775813733453	7827	200	1400	33
1775813733453	7965	200	1401	33
1775813733755	7857	200	1403	34
1775813733739	8194	200	1403	33
1775813733948	8319	200	1407	36
1775813734059	8463	200	1409	37
1775813734059	8682	200	1409	36
1775813734090	8755	200	1410	36
1775813734157	8883	200	1412	37
1775813734237	8892	200	1415	39
1775813735114	8215	200	1418	41
1775813735208	8307	200	1418	40
1775813735714	8086	200	1421	42
1775813735976	8115	200	1421	41
1775813736305	8119	200	1424	43
1775813736622	7899	200	1425	43
1775813737106	7651	200	1428	45
1775813737236	7616	200	1429	45
1775813737401	7687	200	1429	44
1775813737640	7616	200	1429	43
1775813737686	7925	200	1431	44
1775813738142	7576	200	1432	44
1775813738206	7788	200	1435	46
1775813738301	7859	200	1436	46
1775813738880	7490	200	1438	47
1775813739049	7564	200	1439	47
1775813739240	7568	200	1439	46
1775813739287	7732	200	1440	46
1775813739350	7857	200	1441	46
1775813740367	7032	200	1442	46
1775813740680	6906	200	1442	45
1775813740874	6843	200	1442	44
1775813740942	6970	200	1444	45
1775813741323	6767	200	1445	45
1775813741465	6816	200	1445	44
1775813741465	7005	200	1446	44
1775813742014	6644	200	1447	44
1775813742051	6900	200	1448	44
1775813742089	7046	200	1448	43
1775813742168	7261	200	1448	42
1775813742309	7259	200	1451	44
1775813742325	7479	200	1451	43
1775813742749	7178	200	1451	42
1775813742859	7311	200	1451	41
1775813742875	7433	200	1451	40
1775813743050	7519	200	1451	39
1775813743073	7685	200	1451	38
1775813743089	7872	200	1451	37
1775813743252	7852	200	1451	36
1775813743299	8031	200	1451	35
1775813743331	8187	200	1451	34
1775813743557	8302	200	1452	34
1775813743573	8377	200	1452	33
1775813743705	8538	200	1454	34
1775813744238	8135	200	1454	33
1775813744271	8366	200	1457	35
1775813744413	8325	200	1457	34
1775813744444	8577	200	1458	34
1775813744540	8656	200	1458	33
1775813744649	8826	200	1459	33
1775813744733	8858	200	1459	32
1775813744817	8968	200	1460	32
1775813745351	8552	200	1460	31
1775813745478	8622	200	1461	31
1775813745620	8664	200	1461	30
1775813745884	8684	200	1464	32
1775813745915	8798	200	1464	31
1775813745978	8974	200	1465	31
1775813746056	9039	200	1465	30
1775813746274	9062	200	1466	30
1775813746322	9204	200	1466	29
1775813746490	9241	200	1467	29
1775813746935	8990	200	1468	29
1775813747154	9034	200	1470	30
1775813747280	9105	200	1470	29
1775813747774	8891	200	1471	29
1775813747900	9127	200	1472	29
1775813747921	9369	200	1473	29
1775813748315	9298	200	1474	29
1775813748537	9330	200	1476	30
1775813748759	9332	200	1476	29
1775813749433	8940	200	1477	29
1775813749481	9159	200	1478	29
1775813749554	9485	200	1480	30
1775813751812	7321	200	1480	29
1775813752096	7260	200	1482	30
1775813752218	7301	200	1484	31
1775813752481	7328	200	1485	31
1775813752512	7426	200	1485	30
1775813752638	7545	200	1488	32
1775813752785	7594	200	1491	34
1775813753413	7152	200	1491	33
1775813753785	7015	200	1493	34
1775813754037	7023	200	1494	34
1775813754335	6997	200	1495	34
1775813754366	7242	200	1497	35
1775813754478	7320	200	1500	37
1775813754777	7210	200	1501	37
1775813755200	6987	200	1501	36
1775813755731	6643	200	1501	35
1775813755771	6798	200	1502	35
1775813756076	6703	200	1503	35
1775813756140	6895	200	1504	35
1775813756644	6588	200	1506	36
1775813756985	6491	200	1508	37
1775813757063	6622	200	1509	37
1775813757437	6432	200	1509	36
1775813757641	6432	200	1510	36
1775813757795	6533	200	1511	36
1775813758359	6099	200	1512	36
1775813758457	6194	200	1512	35
1775813758911	5838	200	1512	34
1775813758957	5982	200	1514	35
1775813759188	5940	200	1515	35
1775813759254	6323	200	1517	36
1775813759396	6480	200	1518	36
1775813759489	6568	200	1518	35
1775813759714	6418	200	1519	35
1775813759967	6313	200	1519	34
1775813760031	6425	200	1519	33
1775813760095	6649	200	1521	34
1775813760205	6744	200	1522	34
1775813760346	6869	200	1524	35
1775813760378	7028	200	1525	35
1775813760719	6878	200	1527	36
1775813760782	7002	200	1528	36
1775813760923	7057	200	1528	35
1775813761252	6930	200	1528	34
1775813761442	6916	200	1529	34
1775813761457	7091	200	1531	35
1775813761616	7214	200	1532	35
1775813761704	7315	200	1534	36
1775813761768	7491	200	1535	36
1775813761837	7561	200	1536	36
1775813762471	7218	200	1538	37
1775813762676	7105	200	1538	36
1775813763023	7042	200	1539	36
1775813763166	7020	200	1540	36
1775813763212	7236	200	1541	36
1775813763354	7214	200	1541	35
1775813763401	7425	200	1544	37
1775813763537	7503	200	1545	37
1775813763931	7374	200	1546	37
1775813764197	7289	200	1548	38
1775813764361	7417	200	1549	38
1775813764766	7108	200	1549	37
1775813764872	7292	200	1550	37
1775813764981	7274	200	1550	36
1775813765468	7057	200	1552	37
1775813765561	7060	200	1553	37
1775813765640	7286	200	1554	37
1775813766101	6920	200	1555	37
1775813766533	6864	200	1556	37
1775813766755	6658	200	1556	36
1775813766708	7073	200	1560	39
1775813767052	6820	200	1560	38
1775813767116	7093	200	1561	38
1775813767351	6900	200	1561	37
1775813767552	7037	200	1561	36
1775813767568	7070	200	1562	36
1775813767753	7168	200	1562	35
1775813768262	6756	200	1563	35
1775813768403	6948	200	1564	35
1775813768543	6948	200	1564	34
1775813768793	6984	200	1565	34
1775813768840	7038	200	1566	34
1775813768871	7193	200	1567	34
1775813769230	7022	200	1568	34
1775813769262	7291	200	1569	34
1775813769406	7379	200	1570	34
1775813769637	7369	200	1570	33
1775813769967	7236	200	1572	34
1775813770121	7418	200	1575	36
1775813770283	7313	200	1575	35
1775813770680	7099	200	1575	34
1775813770699	7177	200	1575	33
1775813770720	7445	200	1577	34
1775813771004	7443	200	1579	35
1775813771238	7420	200	1581	36
1775813771349	7494	200	1583	37
1775813771428	7591	200	1583	36
1775813771587	7623	200	1584	36
1775813772069	7329	200	1584	35
1775813772304	7281	200	1584	34
1775813772523	7351	200	1585	34
1775813772555	7478	200	1586	34
1775813772884	7389	200	1589	36
1775813772994	7505	200	1592	38
1775813773339	7345	200	1593	38
1775813773599	7326	200	1594	38
1775813773646	7421	200	1594	37
1775813773662	7641	200	1594	36
1775813773726	7767	200	1596	37
1775813774202	7485	200	1598	38
1775813774611	7261	200	1598	37
1775813774972	7095	200	1598	36
1775813775067	7186	200	1598	35
1775813775596	6853	200	1598	34
1775813775871	6769	200	1599	34
1775813775919	6896	200	1600	34
1775813776098	6924	200	1600	33
1775813776412	6800	200	1602	34
1775813776568	6940	200	1602	33
1775813777149	6531	200	1602	32
1775813777133	6830	200	1603	32
1775813777212	6867	200	1604	32
1775813777288	7060	200	1605	32
1775813777382	7154	200	1606	32
1775813778011	6802	200	1606	31
1775813778089	7073	200	1608	32
1775813778309	6946	200	1608	31
1775813778388	7023	200	1608	30
1775813778487	7010	200	1608	29
1775813778632	7147	200	1610	30
1775813778706	7261	200	1611	30
1775813778784	7525	200	1613	31
1775813779101	7526	200	1615	32
1775813779720	7162	200	1615	31
1775813779973	7031	200	1615	30
1775813780066	7047	200	1615	29
1775813780145	7091	200	1616	29
1775813780208	7283	200	1617	29
1775813780349	7428	200	1621	32
1775813780460	7599	200	1623	33
1775813780460	7879	200	1623	32
1775813780649	7969	200	1626	34
1775813780818	8083	200	1628	35
1775813781367	7722	200	1629	35
1775813781431	7771	200	1630	35
1775813781556	7838	200	1630	34
1775813781556	8031	200	1631	34
1775813782606	7188	200	1631	33
1775813782663	7321	200	1632	33
1775813783095	7164	200	1633	33
1775813783189	7255	200	1633	32
1775813783720	7008	200	1634	32
1775813783969	6955	200	1636	33
1775813784159	7047	200	1637	33
1775813784471	6931	200	1639	34
1775813785005	6677	200	1639	33
1775813785036	6820	200	1639	32
1775813785648	6514	200	1641	33
1775813785758	6566	200	1641	32
1775813785820	6862	200	1642	32
1775813785978	6749	200	1642	31
1775813786180	6835	200	1642	30
1775813786354	6755	200	1642	29
1775813786575	6737	200	1642	28
1775813787118	6471	200	1645	30
1775813787468	6504	200	1645	29
1775813787499	6667	200	1647	30
1775813787546	6900	200	1648	30
1775813787563	7077	200	1649	30
1775813787595	7251	200	1649	29
1775813788034	7078	200	1650	29
1775813788050	7267	200	1650	28
1775813788362	7224	200	1650	27
1775813788409	7365	200	1651	27
1775813788425	7638	200	1652	27
1775813788692	7570	200	1656	30
1775813788737	7753	200	1657	30
1775813789020	7717	200	1657	29
1775813789146	7816	200	1659	30
1775813789568	7636	200	1660	30
1775813789803	7535	200	1660	29
1775813790029	7573	200	1660	28
1775813790460	7433	200	1662	29
1775813790744	7435	200	1665	31
1775813790820	7630	200	1667	32
1775813790932	7749	200	1669	33
1775813791325	7740	200	1671	34
1775813791340	7940	200	1671	33
1775813792092	7447	200	1674	35
1775813792124	7547	200	1676	36
1775813792610	7274	200	1679	38
1775813793437	6628	200	1681	39
1775813793549	6748	200	1683	40
1775813793565	6976	200	1683	39
1775813793990	6739	200	1685	40
1775813794151	6815	200	1687	41
1775813794278	6846	200	1688	41
1775813794570	6822	200	1690	42
1775813794899	6669	200	1691	42
1775813795683	6282	200	1694	44
1775813795936	6218	200	1695	44
1775813796168	6353	200	1696	44
1775813796216	6470	200	1696	43
1775813796216	6848	200	1696	42
1775813796168	6991	200	1697	42
1775813796318	7075	200	1697	41
1775813796812	6678	200	1697	40
1775813796907	6962	200	1698	40
1775813797142	6821	200	1699	40
1775813797610	6689	200	1700	40
1775813797720	6646	200	1700	39
1775813797910	6826	200	1705	43
1775813797942	6871	200	1705	42
1775813797974	7185	200	1709	45
1775813798194	7022	200	1709	44
1775813798271	7328	200	1709	43
1775813798482	7198	200	1710	43
1775813798600	7549	200	1711	43
1775813798727	7505	200	1712	43
1775813799351	7264	200	1713	43
1775813798802	7824	200	1713	42
1775813799430	7492	200	1713	41
1775813799398	7614	200	1713	40
1775813799556	7843	200	1713	39
1775813799634	7771	200	1713	38
1775813799731	8068	200	1715	39
1775813799700	8173	200	1715	38
1775813799825	8632	200	1716	38
1775813799900	8638	200	1717	38
1775813800041	8794	200	1718	38
1775813800232	8733	200	1720	39
1775813800248	8992	200	1720	38
1775813800606	8888	200	1721	38
1775813800669	9126	200	1722	38
1775813800731	9337	200	1724	39
1775813800857	9489	200	1724	38
1775813801108	9436	200	1724	37
1775813801173	9559	200	1726	38
1775813801188	9785	200	1726	37
1775813801453	9771	200	1728	38
1775813801624	9784	200	1729	38
1775813801702	9983	200	1730	38
1775813801954	9945	200	1732	39
1775813801987	10181	200	1734	40
1775813802432	10019	200	1735	40
1775813803083	9620	200	1736	40
1775813803507	9413	200	1736	39
1775813803964	9221	200	1737	39
1775813804027	9365	200	1739	40
1775813804513	9155	200	1739	39
1775813804652	9216	200	1740	39
1775813804668	9349	200	1740	38
1775813804684	9567	200	1740	37
1775813804731	9701	200	1743	39
1775813804817	9812	200	1745	40
1775813804820	9918	200	1745	39
1775813804915	10098	200	1746	39
1775813805152	10048	200	1748	40
1775813805610	9878	200	1748	39
1775813806048	9637	200	1749	39
1775813806159	9717	200	1752	41
1775813806581	9574	200	1754	42
1775813807632	8716	200	1754	41
1775813807773	8773	200	1756	42
1775813808383	8362	200	1757	42
1775813808539	8475	200	1759	43
1775813808602	8542	200	1759	42
1775813808854	8516	200	1760	42
1775813808932	8639	200	1761	42
1775813809340	8425	200	1762	42
1775813809792	8267	200	1763	42
1775813809808	8457	200	1765	43
1775813809856	8600	200	1766	43
1775813810627	8005	200	1769	45
1775813810724	8094	200	1771	48
1775813811032	8065	200	1775	49
1775813811128	8165	200	1775	48
1775813811363	8122	200	1775	47
1775813811533	8236	200	1777	48
1775813811722	8222	200	1778	48
1775813811847	8313	200	1778	47
1775813812004	8346	200	1780	48
1775813812052	8531	200	1781	48
1775813812431	8379	200	1781	47
1775813812664	8538	200	1781	46
1775813813016	8320	200	1781	45
1775813813275	8435	200	1783	46
1775813813354	8474	200	1783	45
1775813813749	8365	200	1783	44
1775813814324	7883	200	1783	43
1775813814340	8133	200	1783	42
1775813814387	8219	200	1783	41
1775813814450	8399	200	1786	43
1775813814607	8366	200	1786	42
1775813814834	8393	200	1786	41
1775813815070	8277	200	1786	40
1775813815103	8534	200	1788	41
1775813815568	8194	200	1788	40
1775813815814	8265	200	1789	40
1775813815830	8346	200	1789	39
1775813815862	8597	200	1791	40
1775813815893	8602	200	1791	39
1775813815940	8926	200	1794	41
1775813816366	8533	200	1794	40
1775813816657	8682	200	1795	40
1775813816501	8843	200	1795	39
1775813816767	8872	200	1797	40
1775813816817	8856	200	1797	39
1775813817564	8547	200	1801	42
1775813817242	8927	200	1801	41
1775813817690	8803	200	1803	42
1775813817962	8582	200	1803	41
1775813818212	8674	200	1807	44
1775813818243	8668	200	1807	43
1775813818418	8836	200	1809	44
1775813818486	8867	200	1810	44
1775813818486	9201	200	1810	43
1775813818615	9077	200	1810	42
1775813818818	9198	200	1811	42
1775813818819	9291	200	1812	42
1775813818819	9759	200	1812	41
1775813818787	9849	200	1812	40
1775813818968	9920	200	1812	39
1775813819048	9923	200	1813	39
1775813819762	9484	200	1814	39
1775813819747	9605	200	1815	39
1775813819809	10010	200	1818	41
1775813820170	9744	200	1818	40
1775813820216	9975	200	1819	40
1775813820581	9653	200	1819	39
1775813821390	9091	200	1819	38
1775813821484	9150	200	1819	37
1775813822636	8427	200	1821	38
1775813822777	8437	200	1822	38
1775813823481	8072	200	1824	39
1775813822776	8776	200	1824	38
1775813823608	8226	200	1827	40
1775813824074	7851	200	1828	40
1775813824438	7931	200	1828	39
1775813824328	8139	200	1828	38
1775813824500	8258	200	1829	38
1775813824564	8269	200	1829	37
1775813824660	8427	200	1834	41
1775813825281	7879	200	1835	41
1775813825452	7997	200	1835	40
1775813825484	8059	200	1836	40
1775813825691	8231	200	1836	39
1775813825784	8248	200	1838	40
1775813825851	8507	200	1839	40
1775813826040	8366	200	1839	39
1775813826245	8440	200	1839	38
1775813826367	8418	200	1839	37
1775813826664	8428	200	1842	39
1775813826664	8505	200	1843	39
1775813826664	8871	200	1845	40
1775813826666	8957	200	1845	39
1775813827104	8818	200	1846	39
1775813827167	8834	200	1846	38
1775813827355	8932	200	1847	38
1775813827830	8566	200	1847	37
1775813828051	8598	200	1847	36
1775813828893	7883	200	1847	35
1775813829236	7754	200	1848	35
1775813829345	7757	200	1848	34
1775813829392	7966	200	1850	35
1775813829551	7996	200	1851	35
1775813829709	8185	200	1853	36
1775813829999	8032	200	1853	35
1775813830772	7524	200	1854	35
1775813831025	7426	200	1854	34
1775813831214	7523	200	1855	34
1775813831276	7583	200	1856	34
1775813831324	7828	200	1859	36
1775813831592	7637	200	1859	35
1775813831625	7882	200	1862	37
1775813831746	7891	200	1862	36
1775813831889	8087	200	1863	36
1775813832592	7503	200	1865	37
1775813832887	7412	200	1865	36
1775813832981	7420	200	1865	35
1775813832981	7611	200	1865	34
1775813833028	7844	200	1867	35
1775813833076	7991	200	1868	35
1775813833155	8103	200	1869	35
1775813833458	7994	200	1870	35
1775813833925	7757	200	1871	35
1775813833941	7935	200	1872	35
1775813834099	8066	200	1878	40
1775813834868	7388	200	1878	39
1775813834963	7530	200	1880	40
1775813835074	7468	200	1880	39
1775813835106	7764	200	1882	40
1775813835296	7627	200	1882	39
1775813835524	7666	200	1884	40
1775813835807	7543	200	1884	39
1775813836009	7532	200	1885	39
1775813836899	6836	200	1885	38
1775813837234	6689	200	1885	37
1775813837250	6864	200	1886	37
1775813837390	7005	200	1886	36
1775813837642	6948	200	1887	36
1775813837705	7087	200	1887	35
1775813838243	6735	200	1887	34
1775813838485	6674	200	1887	33
1775813838836	6515	200	1888	33
1775813838977	6563	200	1888	32
1775813839024	6704	200	1889	32
1775813839131	6793	200	1889	31
1775813839239	6869	200	1889	30
1775813839301	7097	200	1890	30
1775813839475	7210	200	1891	30
1775813839934	7084	200	1891	29
1775813840076	7322	200	1891	28
1775813840028	7399	200	1891	27
1775813840651	6985	200	1893	28
1775813840777	6951	200	1893	27
1775813840984	7465	200	1901	34
1775813841172	7396	200	1901	33
1775813841391	7479	200	1902	33
1775813841580	7292	200	1902	32
1775813841832	7347	200	1902	31
1775813841880	7392	200	1902	30
1775813841959	7715	200	1904	31
1775813841991	7709	200	1905	31
1775813841991	8117	200	1906	31
1775813842038	8167	200	1907	31
1775813842440	8053	200	1908	31
1775813842070	8472	200	1908	30
1775813842455	8369	200	1909	30
1775813842565	8398	200	1910	30
1775813842710	8546	200	1913	32
1775813843116	8325	200	1913	31
1775813843147	8507	200	1913	30
1775813843524	8300	200	1914	30
1775813843929	8081	200	1914	29
1775813844557	7643	200	1915	29
1775813845701	7253	200	1919	32
1775813845194	7819	200	1919	31
1775813846393	6763	200	1919	30
1775813846579	6578	200	1919	29
1775813847433	6128	200	1923	32
1775813847528	6350	200	1924	32
1775813847765	6417	200	1926	33
1775813847765	6581	200	1926	32
1775813847781	6693	200	1926	31
1775813847797	6846	200	1926	30
1775813847877	6910	200	1926	29
1775813847908	7038	200	1927	29
1775813848115	7009	200	1928	29
1775813848255	7183	200	1931	31
1775813848744	6886	200	1932	31
1775813849471	6445	200	1934	32
1775813849487	6533	200	1934	31
1775813849699	6595	200	1935	31
1775813849762	6646	200	1935	30
1775813850191	6439	200	1936	30
1775813850468	6302	200	1938	31
1775813850577	6387	200	1939	31
1775813850923	6230	200	1940	31
1775813851081	6260	200	1940	30
1775813851097	6530	200	1941	30
1775813851128	6742	200	1941	29
1775813851752	6322	200	1944	31
1775813852020	6369	200	1948	34
1775813852299	6333	200	1948	33
1775813852601	6145	200	1949	33
1775813852633	6266	200	1950	33
1775813852805	6250	200	1951	33
1775813853349	5898	200	1952	33
1775813853366	6072	200	1955	35
1775813853366	6718	200	1956	35
1775813853381	6703	200	1956	34
1775813853571	6726	200	1957	34
1775813854073	6318	200	1958	34
1775813854121	6797	200	1960	35
1775813854797	6254	200	1960	34
1775813855109	6211	200	1962	35
1775813855172	6223	200	1962	34
1775813855204	6409	200	1963	34
1775813855299	6443	200	1963	33
1775813855625	6300	200	1963	32
1775813855640	6467	200	1964	32
1775813855779	6609	200	1964	31
1775813856189	6301	200	1965	31
1775813856425	6274	200	1966	31
1775813856738	6128	200	1970	34
1775813856754	6403	200	1973	36
1775813856960	6330	200	1973	35
1775813857084	6462	200	1973	34
1775813857345	6378	200	1973	33
1775813858007	6176	200	1976	35
1775813857883	6369	200	1976	34
1775813858039	6458	200	1977	34
1775813858195	6351	200	1978	34
1775813858258	6609	200	1979	34
1775813858321	6643	200	1979	33
1775813858384	6777	200	1979	32
1775813858679	6662	200	1979	31
1775813858824	6819	200	1980	31
1775813858918	6900	200	1980	30
1775813859169	7003	200	1980	29
1775813859296	6956	200	1980	28
1775813859349	7121	200	1983	30
1775813859382	7202	200	1984	30
1775813859954	6914	200	1986	31
1775813860189	6773	200	1986	30
1775813860362	6892	200	1987	30
1775813860535	6856	200	1989	31
1775813860846	6791	200	1989	30
1775813861115	6640	200	1989	29
1775813861274	6736	200	1992	31
1775813861538	6676	200	1993	31
1775813861929	6474	200	1994	31
1775813862398	6196	200	1994	30
1775813862507	6334	200	1996	31
1775813862742	6317	200	1996	30
1775813862790	6461	200	1996	29
1775813862837	6604	200	1996	28
1775813862853	6774	200	1997	28
1775813862903	7251	200	2000	30
1775813862997	7370	200	2001	30
1775813862997	7487	200	2001	29
1775813863751	6834	200	2002	29
1775813863783	6991	200	2004	30
1775813864029	6932	200	2004	29
1775813864282	6968	200	2005	29
1775813864538	6900	200	2005	28
1775813864767	6959	200	2006	28
1775813865502	6399	200	2006	27
1775813866255	5857	200	2006	26
1775813866270	6018	200	2010	29
1775813866365	6181	200	2011	29
1775813866569	6180	200	2011	28
1775813866711	6152	200	2011	27
1775813866789	6219	200	2013	28
1775813867202	5961	200	2016	30
1775813867311	6031	200	2016	29
1775813867343	6282	200	2017	29
1775813867831	6082	200	2017	28
1775813867846	6425	200	2018	28
1775813867897	6551	200	2018	27
1775813868039	6593	200	2019	27
1775813868374	6324	200	2019	26
1775813868648	6247	200	2019	25
1775813868819	6239	200	2019	24
1775813869598	5748	200	2022	26
1775813869692	5836	200	2023	26
1775813869723	6141	200	2023	25
1775813870005	6055	200	2025	26
1775813870242	5975	200	2025	25
1775813870521	5784	200	2025	24
1775813870616	5882	200	2027	25
1775813870683	5992	200	2028	25
1775813871118	5737	200	2029	25
1775813871589	5465	200	2029	24
1775813872181	5158	200	2031	25
1775813872182	5343	200	2034	27
1775813872183	5549	200	2036	28
1775813872262	5663	200	2037	28
1775813872309	5800	200	2037	27
1775813872952	5338	200	2037	26
1775813872969	5515	200	2037	25
1775813873029	5662	200	2038	25
1775813873075	5785	200	2038	24
1775813873153	5991	200	2038	23
1775813873381	5957	200	2039	23
1775813874050	5498	200	2040	23
1775813874463	5292	200	2041	23
1775813875226	4779	200	2043	24
1775813875321	4894	200	2043	23
1775813875337	5142	200	2044	23
1775813875449	5241	200	2044	22
1775813875964	4944	200	2044	21
1775813875980	5256	200	2044	20
1775813876449	4910	200	2044	19
1775813876497	5178	200	2046	20
1775813876608	5248	200	2047	20
1775813876730	5375	200	2049	21
1775813877124	5161	200	2049	20
1775813877341	5186	200	2051	21
1775813877448	5361	200	2053	22
1775813877432	5598	200	2054	22
1775813877495	5749	200	2054	21
1775813877591	5890	200	2056	22
1775813877543	6242	200	2058	23
1775813877853	6100	200	2059	23
1775813878543	5543	200	2060	23
1775813879287	5000	200	2063	25
1775813879350	5123	200	2066	27
1775813879669	4990	200	2066	26
1775813879764	5097	200	2068	27
1775813880007	5033	200	2068	26
1775813880291	4937	200	2069	26
1775813881422	4086	200	2070	26
1775813881644	4055	200	2072	27
1775813881706	4286	200	2075	29
1775813881862	4313	200	2077	30
1775813881971	4449	200	2079	31
1775813882526	4024	200	2081	32
1775813882511	4295	200	2083	33
1775813882576	4324	200	2083	32
1775813882576	4565	200	2085	33
1775813882825	4407	200	2085	32
1775813883280	4160	200	2088	34
1775813883465	4167	200	2088	33
1775813883527	4371	200	2088	32
1775813883770	4306	200	2088	31
1775813883928	4368	200	2088	30
1775813884085	4410	200	2088	29
1775813884132	4715	200	2090	30
1775813884162	4959	200	2091	30
1775813884212	5092	200	2091	29
1775813884323	5180	200	2091	28
1775813884338	5276	200	2091	27
1775813884464	5385	200	2091	26
1775813884745	5244	200	2093	27
1775813884861	5418	200	2094	27
1775813885081	5342	200	2094	26
1775813885307	5423	200	2098	29
1775813885597	5237	200	2099	29
1775813885631	5434	200	2099	28
1775813885799	5429	200	2099	27
1775813885800	5633	200	2100	27
1775813885878	5733	200	2100	26
1775813886067	5685	200	2101	26
1775813886146	5845	200	2102	26
1775813886314	5877	200	2104	27
1775813886439	6083	200	2105	27
1775813886393	6314	200	2105	26
1775813886564	6558	200	2107	27
1775813886470	6715	200	2108	27
1775813886745	6577	200	2109	27
1775813887064	6361	200	2109	26
1775813887064	6684	200	2110	26
1775813887234	6756	200	2113	28
1775813887378	6918	200	2116	30
1775813887425	6930	200	2116	29
1775813888504	6128	200	2117	29
1775813888584	6126	200	2118	29
1775813889088	5909	200	2119	29
1775813889858	5213	200	2119	28
1775813889906	5436	200	2120	28
1775813890098	5421	200	2122	29
1775813890458	5348	200	2123	29
1775813890537	5447	200	2123	28
1775813890537	5734	200	2124	28
1775813890726	5634	200	2124	27
1775813890757	5913	200	2126	28
1775813891297	5444	200	2126	27
1775813891660	5436	200	2126	26
1775813891896	5303	200	2126	25
1775813892110	5311	200	2128	26
1775813892126	5412	200	2129	26
1775813892251	5551	200	2131	27
1775813892977	4916	200	2132	27
1775813893009	5078	200	2132	26
1775813893124	5161	200	2133	26
1775813893238	5563	200	2136	28
1775813893448	5493	200	2136	27
1775813893916	5269	200	2136	26
1775813893916	5295	200	2136	25
1775813893979	5441	200	2137	25
1775813894043	5569	200	2137	24
1775813894012	6219	200	2142	28
1775813894012	6219	200	2142	27
1775813894590	5807	200	2143	27
1775813894672	5802	200	2143	26
1775813894856	6109	200	2146	28
1775813895293	5792	200	2148	29
1775813895435	6039	200	2150	30
1775813895356	6204	200	2152	31
1775813895622	6093	200	2154	32
1775813896206	5600	200	2154	31
1775813896410	5770	200	2158	34
1775813896662	5654	200	2160	35
1775813897260	5476	200	2162	36
1775813897354	5386	200	2162	35
1775813897427	5586	200	2165	37
1775813897663	5407	200	2165	36
1775813897868	5728	200	2165	35
1775813897789	5912	200	2165	34
1775813898281	5700	200	2167	35
1775813898408	5630	200	2167	34
1775813898619	5657	200	2167	34
1775813898667	5775	200	2169	34
1775813899294	5374	200	2170	34
1775813899639	5123	200	2171	34
1775813899859	5173	200	2174	36
1775813899985	5152	200	2174	35
1775813900141	5417	200	2176	36
1775813900172	5422	200	2176	35
1775813900315	5572	200	2179	37
1775813900489	5448	200	2180	37
1775813900800	5467	200	2180	36
1775813900894	5411	200	2180	35
1775813901004	5661	200	2183	37
1775813901004	5662	200	2183	36
1775813901402	5777	200	2185	37
1775813901466	5713	200	2185	36
1775813901482	6024	200	2190	40
1775813901529	5976	200	2190	39
1775813901598	6279	200	2192	40
1775813901676	6235	200	2192	39
1775813901832	6506	200	2193	39
1775813901816	6556	200	2193	38
1775813901912	6827	200	2195	39
1775813901943	6826	200	2195	38
1775813902214	6930	200	2197	39
1775813902296	6874	200	2197	38
1775813902642	6896	200	2197	37
1775813902328	7223	200	2197	36
1775813902804	7086	200	2199	37
1775813903011	6970	200	2200	37
1775813903011	7255	200	2200	36
1775813903809	6552	200	2200	35
1775813903965	6585	200	2201	35
1775813904278	6462	200	2201	34
1775813904380	6807	200	2202	34
1775813904634	6775	200	2203	34
1775813904776	6965	200	2209	39
1775813904760	7025	200	2209	38
1775813904776	7201	200	2209	37
1775813904943	7135	200	2209	36
1775813905177	7444	200	2217	43
1775813905314	7401	200	2217	42
1775813905676	7265	200	2217	41
1775813905755	7199	200	2217	40
1775813905877	7335	200	2221	43
1775813905925	7479	200	2221	42
1775813906539	7395	200	2226	46
1775813906634	7426	200	2226	45
1775813906634	7550	200	2226	44
1775813906839	7418	200	2226	43
1775813906913	7552	200	2227	43
1775813907229	7603	200	2230	45
1775813907213	7895	200	2231	45
1775813907229	8128	200	2233	46
1775813907275	8197	200	2233	45
1775813907323	8297	200	2233	44
1775813907746	8039	200	2234	44
1775813907841	8180	200	2235	44
1775813908042	8124	200	2235	43
1775813908621	7833	200	2236	43
1775813908684	7861	200	2237	43
1775813908918	7925	200	2238	43
1775813909124	7893	200	2239	43
1775813909785	7497	200	2239	42
1775813909817	7509	200	2239	41
1775813909912	7736	200	2243	44
1775813910425	7280	200	2244	44
1775813911145	6876	200	2248	47
1775813911241	6883	200	2248	46
1775813911415	7031	200	2250	47
1775813911415	7131	200	2250	46
1775813911478	7355	200	2252	47
1775813911557	7369	200	2253	47
1775813911572	7561	200	2253	46
1775813911656	7650	200	2253	45
1775813912136	7456	200	2254	45
1775813912167	7612	200	2256	46
1775813912338	7647	200	2256	45
1775813912417	7687	200	2258	46
1775813912401	8029	200	2259	46
1775813912528	8030	200	2260	46
1775813912560	8195	200	2261	46
1775813912576	8442	200	2261	45
1775813912971	8238	200	2261	44
1775813913081	8324	200	2261	43
1775813913128	8463	200	2262	43
1775813913176	8846	200	2268	48
1775813913485	8748	200	2268	47
1775813913548	8948	200	2269	47
1775813913690	8840	200	2269	46
1775813913706	9041	200	2272	48
1775813913753	9107	200	2273	48
1775813914312	8831	200	2279	53
1775813914676	8630	200	2281	54
1775813914708	8798	200	2281	53
1775813914755	8929	200	2282	53
1775813914940	8949	200	2284	54
1775813915113	8996	200	2287	56
1775813915223	9135	200	2287	55
1775813915756	8879	200	2289	56
1775813915787	9092	200	2289	55
1775813916181	8905	200	2290	55
1775813916461	8763	200	2290	54
1775813916619	8705	200	2290	53
1775813916895	8694	200	2290	52
1775813917393	8294	200	2290	51
1775813917393	8496	200	2291	51
1775813917471	8585	200	2291	50
1775813917527	8835	200	2291	49
1775813917666	8875	200	2291	48
1775813917756	9004	200	2291	47
1775813917827	9023	200	2291	46
1775813917937	9182	200	2292	46
1775813918000	9255	200	2294	47
1775813918342	9151	200	2294	46
1775813918342	9344	200	2296	47
1775813918578	9300	200	2296	46
1775813918689	9321	200	2296	45
1775813918927	9331	200	2296	44
1775813919409	9038	200	2297	44
1775813919616	9122	200	2297	43
1775813919724	9198	200	2298	43
1775813920052	9071	200	2298	42
1775813920068	9252	200	2298	41
1775813920289	9213	200	2299	41
1775813920558	9130	200	2300	41
1775813920689	9188	200	2301	41
1775813921467	8611	200	2303	42
1775813921594	8665	200	2307	45
1775813921644	8806	200	2309	46
1775813921660	8979	200	2311	47
1775813921706	9120	200	2311	46
1775813921727	9457	200	2313	47
1775813922016	9370	200	2314	47
1775813922267	9503	200	2317	49
1775813922563	9320	200	2317	48
1775813922594	9392	200	2317	47
1775813922594	9523	200	2318	47
1775813922770	9580	200	2319	47
1775813922873	9780	200	2320	47
1775813922905	9986	200	2322	48
1775813922905	10387	200	2322	47
1775813922921	10437	200	2322	46
1775813922952	10564	200	2322	45
1775813923110	10576	200	2322	44
1775813923281	11027	200	2326	47
1775813923281	11219	200	2327	47
1775813923633	11171	200	2327	46
1775813923806	11057	200	2327	45
1775813923853	11201	200	2327	44
1775813924100	11265	200	2329	45
1775813924100	11775	200	2330	45
1775813924068	12234	200	2333	47
1775813924412	11987	200	2333	46
1775813924444	12095	200	2334	46
1775813925054	11579	200	2334	45
1775813925789	11073	200	2336	46
1775813926873	10244	200	2338	47
1775813927228	10165	200	2338	46
1775813927209	10527	200	2342	49
1775813927544	10325	200	2345	51
1775813927629	10502	200	2345	50
1775813928347	9826	200	2345	49
1775813928816	9638	200	2347	50
1775813929460	9081	200	2348	50
1775813929602	9236	200	2351	52
1775813929703	9311	200	2352	52
1775813929891	9392	200	2352	51
1775813930080	9396	200	2354	52
1775813930033	9794	200	2356	53
1775813930190	9734	200	2356	52
1775813930190	9884	200	2357	52
1775813930223	9968	200	2357	51
1775813930274	10176	200	2358	51
1775813930361	10444	200	2360	52
1775813930456	10610	200	2361	52
1775813930471	10824	200	2362	52
1775813931090	10379	200	2363	52
1775813931122	10438	200	2363	51
1775813931268	10532	200	2365	52
1775813931453	10424	200	2366	52
1775813931627	10455	200	2366	51
1775813931769	10579	200	2367	51
1775813932018	10768	200	2372	55
1775813932333	10577	200	2372	54
1775813932573	10526	200	2372	53
1775813932684	10521	200	2372	52
1775813932778	10719	200	2374	53
1775813933920	9665	200	2375	53
1775813934048	9830	200	2376	53
1775813934206	9775	200	2377	53
1775813934221	10122	200	2382	57
1775813934475	9972	200	2383	57
1775813935058	9696	200	2383	56
1775813935151	9722	200	2384	56
1775813935654	9477	200	2386	57
1775813935953	9379	200	2386	56
1775813936060	9674	200	2386	55
1775813936171	9843	200	2386	54
1775813936517	9784	200	2386	53
1775813936727	9688	200	2386	52
1775813936775	9776	200	2386	51
1775813936933	9775	200	2386	50
1775813937010	9905	200	2388	51
1775813937448	9755	200	2389	51
1775813937464	9946	200	2389	50
1775813937648	10015	200	2391	51
1775813937663	10272	200	2391	50
1775813937742	10305	200	2392	50
1775813937742	10505	200	2393	50
1775813937866	10489	200	2394	50
1775813938388	10150	200	2395	50
1775813938419	10312	200	2396	50
1775813938498	10768	200	2398	51
1775813938565	10801	200	2398	50
1775813938677	10893	200	2398	49
1775813938707	10899	200	2398	48
1775813938871	10997	200	2400	49
1775813939307	10779	200	2402	50
1775813939402	11187	200	2403	50
1775813939513	11199	200	2403	49
1775813939575	11339	200	2403	48
1775813940013	10951	200	2403	47
1775813940389	10813	200	2403	46
1775813940656	10670	200	2403	45
1775813940783	10901	200	2405	46
1775813940922	10943	200	2405	45
1775813941221	10943	200	2407	46
1775813941426	10828	200	2407	45
1775813941615	10918	200	2409	46
1775813941694	10915	200	2409	45
1775813941805	11109	200	2409	44
1775813942289	10783	200	2409	43
1775813942427	10848	200	2409	42
1775813942427	10965	200	2409	41
1775813942490	11114	200	2410	41
1775813942632	11068	200	2410	41
1775813942680	11289	200	2412	41
1775813943492	10588	200	2413	41
1775813943476	11060	200	2415	42
1775813943555	11072	200	2415	41
1775813943832	11137	200	2416	41
1775813943910	11175	200	2419	43
1775813944103	11211	200	2421	44
1775813944180	11262	200	2422	44
1775813944211	11473	200	2422	43
1775813944273	11541	200	2422	42
1775813944305	11757	200	2425	44
1775813944381	11877	200	2426	44
1775813944860	11724	200	2428	45
1775813945123	11598	200	2429	45
1775813945124	11860	200	2430	45
1775813946818	10285	200	2431	45
1775813946834	10532	200	2433	46
1775813946944	10540	200	2433	45
1775813947577	10248	200	2435	46
1775813947640	10225	200	2435	45
1775813948007	10149	200	2436	45
1775813948117	10089	200	2436	44
1775813948338	10281	200	2438	45
1775813948401	10281	200	2438	44
1775813948572	10435	200	2438	43
1775813948761	10277	200	2438	42
1775813949126	10262	200	2439	42
1775813949756	9671	200	2440	42
1775813949820	9949	200	2440	41
1775813949952	9913	200	2440	40
1775813949952	10130	200	2441	40
1775813950173	10037	200	2441	39
1775813951491	9042	200	2445	42
1775813951554	9106	200	2445	41
1775813952102	8905	200	2446	41
1775813952150	8953	200	2447	41
1775813952433	8950	200	2448	41
1775813952467	9012	200	2449	41
1775813953591	8183	200	2450	41
1775813953702	8118	200	2450	40
1775813953843	8303	200	2451	40
1775813954048	8193	200	2452	40
1775813954369	8078	200	2454	41
1775813954384	8244	200	2454	40
1775813954970	7844	200	2455	40
1775813955001	8003	200	2457	41
1775813955017	8279	200	2461	44
1775813955065	8439	200	2462	44
1775813955303	8365	200	2462	43
1775813955303	8604	200	2462	42
1775813955367	8680	200	2462	41
1775813955943	8308	200	2464	42
1775813955943	8434	200	2464	41
1775813956054	8568	200	2464	40
1775813956180	8632	200	2465	40
1775813956462	8634	200	2467	41
1775813956479	8714	200	2468	41
1775813956657	8817	200	2469	41
1775813956902	8666	200	2469	40
1775813957014	8758	200	2470	40
1775813957226	8724	200	2470	39
1775813957275	9010	200	2470	38
1775813957512	8903	200	2470	37
1775813957686	9018	200	2470	36
1775813957887	8990	200	2471	36
1775813958321	8938	200	2471	35
1775813958468	8818	200	2471	34
1775813959316	8153	200	2474	36
1775813959393	8172	200	2474	35
1775813960004	8084	200	2474	34
1775813960291	7898	200	2474	33
1775813960425	8046	200	2474	32
1775813960325	8240	200	2475	32
1775813960458	8352	200	2476	32
1775813960992	7911	200	2476	31
1775813961102	8082	200	2478	32
1775813961150	8219	200	2479	32
1775813961403	8188	200	2480	32
1775813961699	8055	200	2481	32
1775813961925	8028	200	2482	32
1775813962153	7979	200	2482	31
1775813962326	8144	200	2486	34
1775813962405	8208	200	2489	36
1775813962670	8272	200	2490	36
1775813962890	8098	200	2490	35
1775813962941	8344	200	2492	36
1775813963086	8281	200	2494	37
1775813963086	8571	200	2494	36
1775813963139	8603	200	2495	36
1775813963218	8833	200	2496	36
1775813963359	8780	200	2496	35
1775813964162	8266	200	2498	36
1775813964210	8396	200	2501	38
1775813964789	8017	200	2503	39
1775813964900	8101	200	2505	40
1775813964947	8231	200	2505	39
1775813965170	8176	200	2506	39
1775813965415	8145	200	2506	38
1775813965698	8145	200	2508	39
1775813966827	7449	200	2510	40
1775813967294	7197	200	2511	40
1775813967408	7272	200	2512	40
1775813967455	7318	200	2513	40
1775813968508	6405	200	2513	39
1775813968575	6558	200	2514	39
1775813968908	6481	200	2516	40
1775813968925	6562	200	2518	41
1775813969348	6402	200	2518	40
1775813969537	6342	200	2519	40
1775813969725	6428	200	2519	39
1775813969892	6376	200	2520	39
1775813970242	6266	200	2520	38
1775813970304	6398	200	2520	37
1775813970368	6522	200	2520	36
1775813970399	6685	200	2520	35
1775813970502	6771	200	2520	34
1775813970588	6887	200	2520	33
1775813970604	7160	200	2524	36
1775813970635	7310	200	2525	36
1775813971265	6916	200	2525	35
1775813971281	7090	200	2526	35
1775813971312	7343	200	2527	35
1775813971358	7488	200	2527	34
1775813971684	7448	200	2527	33
1775813971857	7409	200	2527	32
1775813972187	7239	200	2527	31
1775813972283	7270	200	2529	32
1775813972441	7306	200	2529	31
1775813972591	7351	200	2529	30
1775813972575	7556	200	2531	31
1775813972751	7570	200	2531	30
1775813972783	7825	200	2532	30
1775813972830	8019	200	2533	30
1775813972861	8209	200	2534	30
1775813973223	8029	200	2534	29
1775813973665	7853	200	2535	29
1775813973616	8103	200	2535	28
1775813973880	7960	200	2536	28
1775813974188	7761	200	2537	28
1775813974407	7723	200	2538	28
1775813974565	7760	200	2538	27
1775813974740	7825	200	2538	26
1775813975040	7754	200	2538	25
1775813975150	7886	200	2538	24
1775813975197	8029	200	2538	23
1775813975451	7999	200	2539	23
1775813975483	8219	200	2542	25
1775813975799	8130	200	2545	27
1775813976211	7830	200	2545	26
1775813977506	6726	200	2547	27
1775813977640	6771	200	2547	26
1775813977655	6950	200	2548	26
1775813977749	7046	200	2550	27
1775813977796	7189	200	2551	27
1775813978350	6760	200	2552	27
1775813978633	6732	200	2552	26
1775813979462	6025	200	2553	26
1775813979540	6263	200	2556	28
1775813980013	5993	200	2556	27
1775813980105	6119	200	2556	26
1775813980475	5847	200	2557	26
1775813980703	5878	200	2559	27
1775813980954	5749	200	2559	26
1775813981409	5528	200	2562	28
1775813981735	5356	200	2564	29
1775813981883	5437	200	2566	30
1775813982004	5504	200	2566	29
1775813983383	4361	200	2567	29
1775813983538	4324	200	2567	28
1775813983625	4549	200	2568	28
1775813983688	4680	200	2570	29
1775813983719	4940	200	2572	30
1775813983820	4968	200	2573	31
1775813983868	5068	200	2574	30
1775813984074	4956	200	2574	29
1775813984154	5114	200	2574	28
1775813984422	5036	200	2576	29
1775813984626	5219	200	2581	33
1775813984752	5425	200	2583	34
1775813984801	5595	200	2585	35
1775813985022	5465	200	2585	34
1775813985457	5145	200	2585	33
1775813985583	5142	200	2586	33
1775813985676	5399	200	2587	33
1775813985692	5538	200	2587	32
1775813986233	5397	200	2589	33
1775813986407	5233	200	2589	32
1775813986472	5462	200	2589	31
1775813986820	5211	200	2589	30
1775813986915	5490	200	2590	30
1775813986898	5507	200	2590	29
1775813986973	5774	200	2592	30
1775813987052	5789	200	2594	31
1775813987232	5953	200	2598	34
1775813987263	5958	200	2598	33
1775813987679	5871	200	2599	33
1775813988040	5537	200	2599	32
1775813988262	5640	200	2599	31
1775813988246	5731	200	2600	31
1775813988465	5777	200	2600	30
1775813988535	5818	200	2601	30
1775813988743	5867	200	2602	30
1775813988790	5998	200	2602	29
1775813989358	5627	200	2602	28
1775813989326	5843	200	2602	27
1775813989507	5860	200	2604	28
1775813989607	5945	200	2604	27
1775813989670	6071	200	2606	28
1775813989717	6221	200	2606	27
1775813989827	6296	200	2607	27
1775813989999	6316	200	2609	28
1775813990155	6348	200	2609	27
1775813990361	6331	200	2609	26
1775813990330	6648	200	2610	26
1775813990703	6433	200	2612	27
1775813990988	6470	200	2612	26
1775813991318	6295	200	2612	25
1775813991626	6261	200	2612	24
1775813992241	5776	200	2612	23
1775813992507	5708	200	2612	22
1775813992666	5699	200	2614	23
1775813992805	5790	200	2614	22
1775813992836	5951	200	2614	21
1775813992883	6021	200	2615	21
1775813992962	6180	200	2618	23
1775813993071	6240	200	2620	24
1775813993166	6382	200	2620	23
1775813993496	6161	200	2621	23
1775813993935	5948	200	2624	25
1775813994249	5776	200	2624	24
1775813994549	5770	200	2626	25
1775813995189	5321	200	2629	27
1775813995205	5596	200	2632	29
1775813995613	5319	200	2633	29
1775813995660	5559	200	2635	30
1775813996082	5290	200	2638	32
1775813996158	5485	200	2639	32
1775813996239	5497	200	2639	31
1775813996725	5297	200	2640	31
1775813996993	5127	200	2640	30
1775813997039	5283	200	2640	29
1775813998237	4226	200	2641	29
1775813998300	4403	200	2642	29
1775813998826	4057	200	2643	29
1775813999047	4134	200	2644	29
1775813999066	4292	200	2645	29
1775813999140	4420	200	2645	28
1775813999156	4533	200	2645	27
1775813999188	4686	200	2646	27
1775813999582	4536	200	2648	28
1775813999678	4647	200	2648	27
1775813999723	4826	200	2648	26
1775813999740	4999	200	2650	27
1775814000190	4787	200	2652	28
1775814000301	4865	200	2654	29
1775814000439	4846	200	2655	29
1775814000424	5146	200	2656	29
1775814000503	5256	200	2656	28
1775814000518	5494	200	2657	28
1775814000690	5582	200	2660	30
1775814000773	5875	200	2661	30
1775814000836	5912	200	2661	29
1775814000989	5918	200	2664	31
1775814001104	5889	200	2665	31
1775814001305	6053	200	2668	33
1775814001352	6295	200	2668	32
1775814001352	6652	200	2669	32
1775814001541	6658	200	2670	32
1775814001746	6730	200	2670	31
1775814002418	6168	200	2670	30
1775814002715	6075	200	2672	31
1775814002668	6229	200	2672	30
1775814002904	6176	200	2672	29
1775814003282	5986	200	2673	29
1775814003844	5871	200	2675	30
1775814003985	5944	200	2676	30
1775814004017	6274	200	2676	29
1775814004565	5732	200	2676	28
1775814004565	5939	200	2678	29
1775814004848	5754	200	2679	29
1775814004927	6217	200	2680	29
1775814005035	6315	200	2682	30
1775814005082	6524	200	2683	30
1775814005285	6415	200	2683	29
1775814005570	6267	200	2683	28
1775814006008	5935	200	2683	27
1775814006024	6194	200	2684	27
1775814006055	6355	200	2685	27
1775814006178	6569	200	2686	27
1775814006512	6367	200	2686	26
1775814006804	6415	200	2689	28
1775814006836	6576	200	2689	27
1775814006898	6632	200	2690	27
1775814006975	6670	200	2693	29
1775814007022	6763	200	2693	28
1775814007088	6938	200	2694	28
1775814007275	6944	200	2694	27
1775814007938	6466	200	2695	27
1775814008017	6582	200	2697	28
1775814008637	6132	200	2699	29
1775814008688	6287	200	2701	30
1775814009203	5963	200	2703	31
1775814009477	5878	200	2703	30
1775814009664	5926	200	2704	30
1775814009755	6127	200	2704	29
1775814010367	5743	200	2704	28
1775814010382	5915	200	2704	27
1775814010587	5966	200	2706	28
1775814010869	5867	200	2707	28
1775814011280	5648	200	2707	27
1775814011322	5661	200	2707	26
1775814011583	5655	200	2708	26
1775814012028	5323	200	2709	26
1775814012405	5231	200	2710	26
1775814012472	5263	200	2712	27
1775814012969	4958	200	2714	28
1775814012985	5126	200	2715	28
1775814013127	5272	200	2717	29
1775814013428	5159	200	2719	30
1775814013582	5291	200	2719	29
1775814013583	5393	200	2721	30
1775814013614	5645	200	2722	30
1775814013881	5468	200	2723	30
1775814014325	5401	200	2726	32
1775814014483	5264	200	2726	31
1775814014568	5543	200	2731	35
1775814014663	5483	200	2731	34
1775814014757	5739	200	2731	33
1775814014822	5724	200	2731	32
1775814014921	5994	200	2732	32
1775814014984	6024	200	2734	33
1775814015448	5891	200	2735	33
1775814015086	6252	200	2735	33
1775814016452	5173	200	2735	31
1775814016499	5219	200	2737	32
1775814016596	5466	200	2740	34
1775814017203	4984	200	2740	33
1775814017344	5182	200	2740	32
1775814017420	5202	200	2741	32
1775814017704	5149	200	2741	31
1775814017704	5244	200	2741	30
1775814017752	5441	200	2742	30
1775814017924	5408	200	2742	29
1775814017940	5592	200	2744	30
1775814018301	5398	200	2745	30
1775814018347	5550	200	2745	29
1775814018535	5553	200	2745	28
1775814018551	5834	200	2747	29
1775814018896	5662	200	2748	29
1775814018928	5911	200	2749	29
1775814019021	6007	200	2750	29
1775814019319	6051	200	2750	28
1775814019429	6041	200	2751	28
1775814019556	6059	200	2752	28
1775814019713	5987	200	2753	28
1775814019760	6225	200	2754	28
1775814019822	6525	200	2756	29
1775814019886	6750	200	2759	31
1775814019980	6847	200	2760	31
1775814020091	6919	200	2762	32
1775814020716	6402	200	2762	31
1775814020950	6428	200	2763	31
1775814020966	6590	200	2763	30
1775814021045	6737	200	2763	29
1775814021706	6322	200	2767	32
1775814021706	6513	200	2767	31
1775814021921	6399	200	2768	31
1775814022000	6470	200	2771	33
1775814022017	6629	200	2772	33
1775814022582	6256	200	2772	32
1775814023052	5979	200	2774	33
1775814023462	5768	200	2775	33
1775814023521	5906	200	2775	32
1775814023679	6347	200	2781	37
1775814024273	5855	200	2781	36
1775814024273	6008	200	2781	35
1775814024556	5816	200	2781	34
1775814024604	5948	200	2782	34
1775814024893	5943	200	2783	34
1775814025402	5865	200	2786	36
1775814025480	5985	200	2787	36
1775814025621	6026	200	2789	37
1775814025966	5810	200	2789	36
1775814025997	5984	200	2789	35
1775814026045	6027	200	2789	34
1775814026502	5886	200	2794	38
1775814026534	5922	200	2794	37
1775814026629	6111	200	2795	37
1775814026720	6128	200	2796	37
1775814026830	6358	200	2797	37
1775814026986	6250	200	2797	36
1775814027284	6309	200	2798	36
1775814027816	5852	200	2799	36
1775814027985	5995	200	2802	38
1775814027985	6082	200	2802	37
1775814028017	6393	200	2805	39
1775814028256	6194	200	2805	38
1775814028365	6385	200	2806	38
1775814028381	6404	200	2806	37
1775814028460	6756	200	2808	38
1775814028570	6658	200	2808	37
1775814028905	6689	200	2808	36
1775814029017	6617	200	2808	35
1775814029495	6497	200	2810	36
1775814029049	6946	200	2810	35
1775814029510	6761	200	2811	35
1775814029542	6846	200	2811	34
1775814029763	7065	200	2813	35
1775814029778	7157	200	2814	35
1775814029841	7348	200	2816	36
1775814030484	6813	200	2817	36
1775814030817	6682	200	2820	38
1775814030848	6794	200	2821	38
1775814030864	6940	200	2821	37
1775814030968	7101	200	2823	38
1775814031346	6913	200	2825	39
1775814031533	6848	200	2825	38
1775814031517	7049	200	2826	38
1775814032162	6589	200	2827	38
1775814032209	6817	200	2829	39
1775814032177	7039	200	2829	38
1775814032272	7235	200	2831	39
1775814032335	7312	200	2831	38
1775814032521	7373	200	2835	41
1775814032774	7211	200	2837	42
1775814032948	7234	200	2837	41
1775814033272	7104	200	2838	41
1775814033650	6989	200	2838	40
1775814033822	6957	200	2838	39
1775814033900	7075	200	2838	38
1775814033979	7236	200	2839	38
1775814034105	7298	200	2843	41
1775814034136	7455	200	2845	42
1775814034263	7521	200	2846	42
1775814034617	7360	200	2850	45
1775814034888	7279	200	2850	44
1775814035109	7249	200	2851	44
1775814035720	6831	200	2853	45
1775814035814	6928	200	2854	45
1775814036093	6833	200	2854	44
1775814036443	6916	200	2857	46
1775814036744	6837	200	2858	46
1775814036897	6880	200	2858	45
1775814036960	7004	200	2858	44
1775814037134	7029	200	2859	44
1775814037264	7235	200	2862	46
1775814037335	7280	200	2865	48
1775814037367	7369	200	2867	49
1775814037445	7387	200	2867	48
1775814037587	7431	200	2868	48
1775814037853	7454	200	2869	48
1775814038027	7613	200	2872	50
1775814038184	7742	200	2874	51
1775814038247	7875	200	2874	50
1775814038543	7669	200	2874	49
1775814038684	7683	200	2874	48
1775814038788	7761	200	2874	47
1775814038855	7881	200	2875	47
1775814039296	7628	200	2877	48
1775814039436	7778	200	2877	47
1775814039765	7649	200	2878	47
1775814039827	7763	200	2879	47
1775814039874	7851	200	2879	46
1775814039874	8097	200	2880	46
1775814039905	8361	200	2880	45
1775814039954	8734	200	2883	47
1775814040190	8696	200	2883	46
1775814041195	7757	200	2883	45
1775814041257	7867	200	2884	45
1775814041257	7982	200	2884	44
1775814041289	8302	200	2884	43
1775814041320	8372	200	2884	42
1775814041461	8520	200	2885	42
1775814041569	8522	200	2886	42
1775814041695	8749	200	2890	45
1775814041821	8675	200	2890	44
1775814041837	8992	200	2890	43
1775814041932	8960	200	2890	42
1775814041963	9271	200	2893	44
1775814042197	9058	200	2893	43
1775814042388	9202	200	2894	43
1775814042404	9282	200	2894	42
1775814042588	9390	200	2894	41
1775814043080	8985	200	2896	42
1775814043167	9104	200	2897	42
1775814043278	9165	200	2897	41
1775814043374	9358	200	2897	40
1775814044024	8894	200	2898	40
1775814044184	8996	200	2900	41
1775814044203	9052	200	2901	41
1775814044375	9170	200	2901	40
1775814044548	9090	200	2901	39
1775814044548	9356	200	2902	39
1775814044611	9417	200	2902	38
1775814044642	9689	200	2904	39
1775814044720	9722	200	2904	38
1775814044845	9872	200	2904	37
1775814045144	9678	200	2904	36
1775814045348	9811	200	2905	36
1775814045532	9669	200	2905	35
1775814045626	9888	200	2906	35
1775814045706	9844	200	2906	34
1775814045914	10006	200	2909	36
1775814046603	9416	200	2909	35
1775814046754	9522	200	2909	34
1775814046835	9510	200	2910	34
1775814047402	9230	200	2912	35
1775814047497	9229	200	2912	34
1775814047917	9098	200	2913	34
1775814048308	8800	200	2913	33
1775814048405	8988	200	2915	34
1775814048468	9020	200	2915	33
1775814049001	8802	200	2918	35
1775814049788	8230	200	2920	36
1775814050035	8196	200	2923	38
1775814050350	7998	200	2923	37
1775814050335	8276	200	2926	39
1775814050350	8390	200	2926	38
1775814050399	8567	200	2929	40
1775814050980	8148	200	2929	39
1775814051044	8373	200	2929	38
1775814051134	8451	200	2930	38
1775814051371	8499	200	2931	38
1775814051983	8030	200	2931	37
1775814052047	8297	200	2932	37
1775814052094	8364	200	2932	36
1775814052798	7928	200	2933	36
1775814052986	7864	200	2934	36
1775814053081	8121	200	2936	37
1775814053251	8147	200	2936	36
1775814053652	8029	200	2936	35
1775814054317	7516	200	2938	36
1775814054317	7756	200	2941	38
1775814054896	7455	200	2943	39
1775814055287	7253	200	2944	39
1775814055667	7156	200	2947	41
1775814055808	7205	200	2948	41
1775814055808	7398	200	2949	41
1775814056310	7110	200	2951	42
1775814056497	7204	200	2952	42
1775814056592	7308	200	2953	42
1775814056765	7351	200	2954	42
1775814057216	7132	200	2954	41
1775814057263	7273	200	2955	41
1775814057498	7230	200	2956	41
1775814057577	7437	200	2958	42
1775814057800	7407	200	2959	42
1775814057816	7581	200	2960	42
1775814057853	7736	200	2960	41
1775814058034	7833	200	2961	41
1775814058049	8106	200	2961	40
1775814058161	8185	200	2961	39
1775814058413	8146	200	2962	39
1775814058542	8235	200	2963	39
1775814058573	8523	200	2966	41
1775814058824	8625	200	2966	40
1775814058870	8792	200	2967	40
1775814058871	8892	200	2967	39
1775814059520	8448	200	2970	41
1775814059775	8297	200	2970	40
1775814060340	8013	200	2970	39
1775814060516	8022	200	2971	39
1775814060808	8120	200	2971	38
1775814060932	8144	200	2973	39
1775814061090	8318	200	2977	42
1775814061701	7879	200	2977	41
1775814061701	8167	200	2979	42
1775814061885	8164	200	2980	42
1775814061885	8509	200	2981	42
1775814061952	8555	200	2982	42
1775814062141	8660	200	2984	43
1775814062234	8666	200	2984	42
1775814062377	8733	200	2984	41
1775814062565	8699	200	2984	40
1775814062644	8849	200	2984	39
1775814062721	8952	200	2985	39
1775814062833	9039	200	2985	38
1775814063125	8982	200	2985	37
1775814063269	9025	200	2985	36
1775814063317	9263	200	2986	36
1775814063536	9237	200	2987	36
1775814063818	9081	200	2987	35
1775814064069	8986	200	2987	34
1775814064350	8860	200	2987	33
1775814064649	8735	200	2988	33
1775814064791	8783	200	2988	32
1775814064852	8915	200	2988	31
1775814065135	8850	200	2990	32
1775814065284	8953	200	2990	31
1775814065637	8795	200	2990	30
1775814066467	8145	200	2990	29
1775814066579	8241	200	2991	29
1775814066817	8232	200	2991	28
1775814066864	8327	200	2992	28
1775814066927	8598	200	2994	29
1775814067647	7973	200	2994	28
1775814067786	8069	200	2998	31
1775814067848	8055	200	2998	30
1775814067879	8263	200	3000	31
1775814068513	7816	200	3001	31
1775814068985	7868	200	3001	30
1775814069032	7873	200	3001	29
1775814069255	7901	200	3001	28
1775814069255	7930	200	3001	27
1775814069317	8257	200	3002	27
1775814069332	8410	200	3002	26
1775814069651	8437	200	3004	27
1775814069701	8574	200	3005	27
1775814069963	8413	200	3005	26
1775814070187	8323	200	3006	26
1775814070425	8241	200	3007	26
1775814070551	8339	200	3010	28
1775814070708	8464	200	3012	29
1775814071641	7797	200	3014	30
1775814072474	7253	200	3014	29
1775814072730	7250	200	3017	31
1775814073321	6759	200	3017	30
1775814073879	6327	200	3018	30
1775814073879	6437	200	3018	29
1775814074624	5902	200	3020	30
1775814075122	5760	200	3022	31
1775814075429	5815	200	3024	32
1775814075485	5855	200	3024	31
1775814075669	5876	200	3026	32
1775814075699	5918	200	3026	31
1775814075783	6045	200	3027	31
1775814075814	6204	200	3029	32
1775814076017	6369	200	3031	33
1775814076080	6507	200	3031	32
1775814076251	6669	200	3033	33
1775814077303	5761	200	3033	32
1775814077774	5388	200	3033	31
1775814078058	5266	200	3033	30
1775814078168	5370	200	3033	29
1775814078465	5258	200	3034	29
1775814078582	5313	200	3034	28
1775814078776	5328	200	3035	28
1775814078808	5497	200	3036	28
1775814078855	5622	200	3037	28
1775814078949	5828	200	3037	27
1775814079075	5862	200	3037	26
1775814079216	5958	200	3039	27
1775814079231	6113	200	3042	29
1775814079731	5856	200	3042	28
1775814079747	6047	200	3044	29
1775814079936	6124	200	3044	28
1775814080150	5956	200	3044	27
1775814080351	6022	200	3046	28
1775814080525	5944	200	3046	27
1775814080668	6096	200	3049	29
1775814080815	6052	200	3052	31
1775814080896	6262	200	3053	31
1775814081001	6267	200	3056	33
1775814081348	6200	200	3056	32
1775814081504	6218	200	3057	32
1775814081663	6264	200	3058	32
1775814081899	6154	200	3060	33
1775814082009	6289	200	3062	34
1775814082182	6301	200	3065	36
1775814082308	6461	200	3066	36
1775814082603	6270	200	3066	35
1775814082808	6296	200	3066	34
1775814083701	5575	200	3068	35
1775814083997	5554	200	3070	36
1775814084185	5543	200	3072	37
1775814084407	5520	200	3074	38
1775814085049	5054	200	3074	37
1775814085113	5181	200	3074	36
1775814085192	5291	200	3074	35
1775814085192	5587	200	3075	35
1775814085207	5748	200	3076	35
1775814085717	5574	200	3078	36
1775814085780	5611	200	3079	36
1775814086335	5431	200	3081	37
1775814086335	5437	200	3081	36
1775814086554	5475	200	3084	38
1775814086647	5454	200	3085	38
1775814086695	6120	200	3087	39
1775814086789	6016	200	3087	38
1775814086789	6265	200	3089	39
1775814086804	6251	200	3089	38
1775814087165	6289	200	3091	39
1775814086916	6654	200	3091	38
1775814087165	6695	200	3091	37
1775814087244	6698	200	3091	36
1775814087609	6598	200	3093	37
1775814087825	6563	200	3093	36
1775814088014	6750	200	3095	37
1775814088030	6920	200	3096	37
1775814088135	7158	200	3098	38
1775814088280	7051	200	3098	37
1775814088374	7165	200	3102	40
1775814088405	7216	200	3104	41
1775814088405	7663	200	3104	40
1775814088716	7553	200	3106	41
1775814089190	7372	200	3107	41
1775814089205	7369	200	3107	40
1775814089385	7475	200	3107	39
1775814089481	7475	200	3107	38
1775814089576	7749	200	3110	40
1775814089654	7775	200	3110	39
1775814089767	7937	200	3110	38
1775814089917	7874	200	3111	38
1775814090727	7278	200	3111	37
1775814090944	7152	200	3111	36
1775814091054	7243	200	3111	35
1775814091180	7309	200	3111	34
1775814091341	7571	200	3113	35
1775814091555	7637	200	3113	34
1775814091681	7635	200	3113	33
1775814091932	7575	200	3113	32
1775814092042	7589	200	3115	33
1775814092026	7824	200	3115	32
1775814092026	7982	200	3117	33
1775814092229	8031	200	3120	35
1775814092308	8086	200	3120	34
1775814092844	7828	200	3122	35
1775814093044	7736	200	3122	34
1775814093060	8082	200	3125	36
1775814093295	7945	200	3125	35
1775814094130	7538	200	3129	38
1775814094161	7540	200	3129	37
1775814094501	7480	200	3130	37
1775814094597	7404	200	3130	36
1775814094786	7503	200	3131	36
1775814095022	7356	200	3131	35
1775814095242	7533	200	3135	38
1775814095383	7539	200	3135	37
1775814095416	7818	200	3137	38
1775814095463	7921	200	3138	38
1775814095495	8179	200	3138	37
1775814095541	8317	200	3138	36
1775814095616	8386	200	3139	36
1775814096075	8122	200	3140	36
1775814096260	8025	200	3141	36
1775814096415	8151	200	3144	38
1775814097031	7733	200	3145	38
1775814097158	7794	200	3146	38
1775814097231	7913	200	3147	38
1775814097782	7547	200	3150	40
1775814098755	6826	200	3150	39
1775814098911	6893	200	3152	40
1775814099526	6484	200	3153	40
1775814099541	6648	200	3154	40
1775814099867	6513	200	3156	41
1775814099878	6690	200	3158	42
1775814100227	6533	200	3159	42
1775814100211	6742	200	3162	44
1775814100243	6917	200	3162	43
1775814100414	6915	200	3164	44
1775814100635	6874	200	3166	45
1775814100832	6878	200	3166	44
1775814100916	7091	200	3168	45
1775814100996	7180	200	3168	44
1775814101280	7243	200	3169	44
1775814101575	7075	200	3169	43
1775814101622	7162	200	3170	43
1775814101654	7293	200	3170	42
1775814101847	7290	200	3170	41
1775814102219	7104	200	3171	41
1775814102468	7152	200	3172	41
1775814102593	7212	200	3172	40
1775814102703	7302	200	3172	39
1775814102750	7431	200	3172	38
1775814103174	7200	200	3174	39
1775814103221	7342	200	3178	42
1775814103315	7439	200	3178	41
1775814103943	7007	200	3180	42
1775814104006	7127	200	3180	41
1775814104241	7080	200	3182	42
1775814104334	7257	200	3183	42
1775814104399	7401	200	3184	42
1775814104558	7394	200	3185	42
1775814104709	7471	200	3186	42
1775814104929	7439	200	3187	42
1775814105144	7518	200	3188	42
1775814105208	7636	200	3189	42
1775814105255	7829	200	3191	43
1775814105286	7938	200	3192	43
1775814105592	7877	200	3193	43
1775814105762	7849	200	3195	44
1775814105810	7985	200	3196	44
1775814106043	7995	200	3199	46
1775814106217	7969	200	3199	45
1775814106359	8095	200	3199	44
1775814106453	8154	200	3199	43
1775814106562	8199	200	3201	44
1775814106748	8240	200	3201	43
1775814106763	8454	200	3202	43
1775814106763	8614	200	3203	43
1775814106898	8760	200	3204	43
1775814107282	8417	200	3204	42
1775814107314	8679	200	3206	43
1775814107361	8665	200	3206	42
1775814107440	8927	200	3206	41
1775814107894	8551	200	3207	41
1775814107910	8888	200	3209	42
1775814108316	8516	200	3209	41
1775814108711	8468	200	3212	43
1775814109147	8078	200	3212	42
1775814109572	8024	200	3212	41
1775814110244	7361	200	3212	40
1775814110338	7645	200	3213	40
1775814110417	7635	200	3213	39
1775814110417	7950	200	3214	39
1775814110466	7924	200	3214	38
1775814110528	8220	200	3215	38
1775814110778	8062	200	3215	37
1775814110941	8203	200	3216	37
1775814111288	7974	200	3217	37
1775814111320	8204	200	3217	36
1775814111464	8236	200	3217	35
1775814111782	8159	200	3219	36
1775814111860	8270	200	3219	35
1775814112176	8110	200	3219	34
1775814112223	8257	200	3220	34
1775814112493	8153	200	3222	35
1775814112813	8126	200	3223	35
1775814112924	8109	200	3223	34
1775814112924	8398	200	3225	35
1775814113131	8283	200	3225	34
1775814113477	8221	200	3226	34
1775814113445	8348	200	3226	33
1775814113477	8693	200	3227	33
1775814113726	8631	200	3228	33
1775814113804	8822	200	3229	33
1775814113899	8905	200	3229	32
1775814113930	8978	200	3230	32
1775814114650	8395	200	3232	33
1775814114683	8540	200	3232	32
1775814115014	8396	200	3233	32
1775814115271	8331	200	3234	32
1775814115556	8331	200	3236	33
1775814115749	8325	200	3237	33
1775814115798	8543	200	3242	37
1775814116376	8247	200	3245	39
1775814116551	8361	200	3246	39
1775814116613	8315	200	3246	38
1775814116898	8319	200	3246	37
1775814116967	8346	200	3246	36
1775814117045	8643	200	3249	38
1775814117958	7756	200	3249	37
1775814118147	7927	200	3250	37
1775814118397	7770	200	3251	37
1775814118963	7473	200	3252	37
1775814119184	7368	200	3252	36
1775814119747	7089	200	3254	37
1775814119827	7105	200	3254	36
1775814120332	6936	200	3255	36
1775814120535	6830	200	3258	38
1775814120615	6979	200	3258	37
1775814120677	7017	200	3258	36
1775814121094	6842	200	3259	36
1775814121284	6816	200	3260	36
1775814121617	6658	200	3260	35
1775814121869	6586	200	3262	36
1775814122292	6454	200	3266	39
1775814122600	6330	200	3268	40
1775814122881	6334	200	3269	40
1775814122979	6403	200	3270	40
1775814122995	6600	200	3272	41
1775814123259	6504	200	3272	40
1775814123432	6543	200	3272	39
1775814123682	6496	200	3272	38
1775814123823	6618	200	3274	39
1775814123996	6651	200	3275	39
1775814124105	6745	200	3277	40
1775814124121	6916	200	3277	39
1775814124231	7080	200	3279	40
1775814124263	7234	200	3279	39
1775814124310	7479	200	3282	41
1775814124485	7463	200	3282	40
1775814124580	7686	200	3282	39
1775814124611	7751	200	3282	38
1775814124665	7992	200	3286	41
1775814125504	7331	200	3287	41
1775814125583	7686	200	3289	42
1775814125583	7716	200	3289	41
1775814125830	7694	200	3289	40
1775814126101	7528	200	3289	39
1775814126196	7762	200	3291	40
1775814126666	7426	200	3291	39
1775814126809	7565	200	3292	39
1775814127244	7246	200	3293	39
1775814127318	7427	200	3294	39
1775814127364	7491	200	3295	39
1775814127364	7867	200	3296	39
1775814127883	7452	200	3296	38
1775814127995	7602	200	3296	37
1775814128278	7437	200	3296	36
1775814128332	7567	200	3297	36
1775814128464	7614	200	3298	36
1775814128495	7784	200	3299	36
1775814128495	7961	200	3303	39
1775814128718	7931	200	3304	39
1775814128844	7994	200	3307	41
1775814128891	8142	200	3308	41
1775814129205	8014	200	3310	42
1775814129299	8302	200	3312	43
1775814129472	8313	200	3312	42
1775814129498	8657	200	3314	43
1775814130236	8045	200	3314	42
1775814130358	8280	200	3315	42
1775814130564	8107	200	3315	41
1775814130673	8350	200	3316	41
1775814130818	8264	200	3317	41
1775814131066	8281	200	3318	41
1775814131303	8160	200	3319	41
1775814131552	8146	200	3320	41
1775814131725	8101	200	3321	41
1775814131741	8341	200	3322	41
1775814132447	7754	200	3322	40
1775814132559	7904	200	3323	40
1775814132638	8011	200	3323	39
1775814132639	8202	200	3324	39
1775814132714	8318	200	3324	38
1775814132971	8364	200	3324	37
1775814133178	8325	200	3326	38
1775814133656	8118	200	3327	38
1775814133828	8119	200	3327	37
1775814134131	8095	200	3327	36
1775814134407	7912	200	3327	35
1775814134566	7943	200	3329	36
1775814134753	7893	200	3330	36
1775814135190	7648	200	3333	38
1775814135794	7234	200	3333	37
1775814136040	7327	200	3335	38
1775814136197	7360	200	3336	38
1775814136338	7501	200	3337	38
1775814136388	7584	200	3337	37
1775814136415	7808	200	3340	39
1775814136446	7805	200	3340	38
1775814136635	7922	200	3341	38
1775814136714	7934	200	3344	40
1775814136746	8230	200	3346	41
1775814136778	8215	200	3346	40
1775814136980	8385	200	3346	39
1775814137132	8276	200	3346	38
1775814137195	8521	200	3347	38
1775814137242	8547	200	3347	37
1775814137464	8623	200	3350	39
1775814137815	8369	200	3351	39
1775814138124	8333	200	3351	38
1775814138626	7931	200	3354	40
1775814138910	8021	200	3357	42
1775814139080	8041	200	3357	41
1775814139252	8130	200	3357	40
1775814139456	8100	200	3359	41
1775814139691	7958	200	3359	40
1775814139769	8030	200	3360	40
1775814139973	8004	200	3360	39
1775814140345	7826	200	3361	39
1775814140812	7640	200	3362	39
1775814141401	7298	200	3363	39
1775814141401	7450	200	3363	38
1775814141761	7374	200	3365	39
1775814142418	6809	200	3367	40
1775814142496	7022	200	3367	39
1775814142590	7014	200	3369	40
1775814142669	7145	200	3369	39
1775814142813	7192	200	3371	40
1775814142829	7433	200	3371	39
1775814143113	7340	200	3371	38
1775814143329	7319	200	3372	38
1775814143551	7293	200	3372	37
1775814143694	7354	200	3372	36
1775814144050	7234	200	3375	38
1775814144160	7435	200	3377	39
1775814144160	7526	200	3378	39
1775814144284	7606	200	3380	40
1775814144567	7503	200	3380	39
1775814144613	8007	200	3381	39
1775814144613	8076	200	3382	39
1775814144803	8077	200	3384	40
1775814144880	8047	200	3384	39
1775814145528	7684	200	3384	38
1775814145967	7436	200	3386	39
1775814146030	7743	200	3388	40
1775814146046	7926	200	3389	40
1775814146156	8151	200	3390	40
1775814146463	7944	200	3390	39
1775814146499	8044	200	3391	39
1775814146499	8094	200	3391	38
1775814146724	8106	200	3392	38
1775814146835	8375	200	3392	37
1775814146914	8636	200	3393	37
1775814147464	8197	200	3393	36
1775814147530	8303	200	3396	38
1775814147750	8223	200	3398	39
1775814148063	8101	200	3400	40
1775814148246	8106	200	3402	41
1775814148644	7848	200	3402	40
1775814149004	7674	200	3403	40
1775814149083	7841	200	3404	40
1775814149225	7986	200	3408	43
1775814149209	8187	200	3408	42
1775814149536	8043	200	3410	43
1775814149536	8242	200	3411	43
1775814149858	8055	200	3411	42
1775814149873	8287	200	3413	43
1775814150562	7739	200	3413	42
1775814151074	7460	200	3414	42
1775814151153	7577	200	3415	42
1775814151185	7740	200	3418	44
1775814151440	7677	200	3419	44
1775814151456	7936	200	3420	44
1775814151644	8016	200	3421	44
1775814151708	8261	200	3421	43
1775814151708	8514	200	3423	44
1775814152245	8077	200	3423	43
1775814152676	7771	200	3424	43
1775814152802	7824	200	3426	44
1775814152820	7957	200	3426	43
1775814153238	7771	200	3429	45
1775814153286	7912	200	3429	44
1775814153718	7762	200	3432	46
1775814153765	7915	200	3432	45
1775814153813	8139	200	3434	46
1775814154306	7831	200	3436	47
1775814154418	7914	200	3437	47
1775814154824	7691	200	3438	47
1775814155296	7416	200	3440	48
1775814155728	7134	200	3441	48
1775814155728	7380	200	3441	47
1775814155779	7419	200	3441	46
1775814155873	7606	200	3441	45
1775814155889	7728	200	3441	44
1775814156060	7795	200	3441	43
1775814156107	7935	200	3443	44
1775814156201	8049	200	3443	43
1775814156247	8181	200	3443	42
1775814156532	8173	200	3443	41
1775814156850	8000	200	3444	41
1775814157054	8084	200	3446	42
1775814157075	8125	200	3447	42
1775814157096	8420	200	3449	43
1775814157158	8413	200	3449	42
1775814157473	8457	200	3451	43
1775814157520	8516	200	3451	42
1775814157948	8523	200	3451	41
1775814157649	8823	200	3451	41
1775814158014	8685	200	3452	40
1775814158366	8429	200	3453	40
1775814158819	8501	200	3457	43
1775814158642	8717	200	3457	42
1775814158803	8849	200	3460	44
1775814158898	8767	200	3460	43
1775814158976	9057	200	3460	42
1775814159244	8883	200	3460	41
1775814160124	8391	200	3462	42
1775814159608	8955	200	3463	42
1775814160139	8745	200	3467	45
1775814160381	8591	200	3468	45
1775814160605	8639	200	3470	46
1775814160621	8739	200	3472	47
1775814160826	8826	200	3473	47
1775814160981	8766	200	3473	46
1775814160997	9002	200	3474	46
1775814161281	8889	200	3475	46
1775814161393	9012	200	3477	47
1775814161471	9027	200	3478	47
1775814161786	8996	200	3480	48
1775814161850	8983	200	3481	48
1775814162056	9110	200	3486	52
1775814162088	9112	200	3486	51
1775814162324	9174	200	3486	50
1775814162373	9269	200	3487	50
1775814162584	9266	200	3487	49
1775814162600	9424	200	3488	49
1775814162727	9486	200	3489	49
1775814163994	8411	200	3491	50
1775814164010	8597	200	3492	50
1775814164718	8069	200	3492	49
1775814164895	8183	200	3494	50
1775814165012	8247	200	3495	50
1775814165142	8454	200	3499	53
1775814165347	8402	200	3501	54
1775814165409	8571	200	3502	54
1775814165609	8465	200	3502	53
1775814165829	8482	200	3502	52
1775814166562	7842	200	3502	51
1775814166723	7868	200	3502	50
1775814166990	7975	200	3504	51
1775814167120	8213	200	3506	52
1775814167178	8326	200	3506	51
1775814167193	8406	200	3506	50
1775814167556	8183	200	3506	49
1775814167604	8266	200	3508	50
1775814167604	8517	200	3509	50
1775814168390	7989	200	3510	50
1775814168421	8174	200	3511	50
1775814168529	8254	200	3511	49
1775814168629	8346	200	3511	48
1775814168808	8372	200	3511	47
1775814168808	8548	200	3511	46
1775814168873	8677	200	3511	45
1775814168888	8850	200	3512	45
1775814169110	8921	200	3513	45
1775814169205	9061	200	3515	46
1775814169278	9222	200	3516	46
1775814169341	9516	200	3519	48
1775814169560	9407	200	3519	47
1775814169826	9279	200	3521	48
1775814170110	9153	200	3521	47
1775814170189	9201	200	3523	48
1775814170243	9401	200	3523	47
1775814170407	9524	200	3525	48
1775814170501	9606	200	3526	48
1775814170548	9861	200	3527	48
1775814170798	9707	200	3527	47
1775814170838	9940	200	3531	50
1775814170878	10009	200	3532	50
1775814171036	10137	200	3533	50
1775814171052	10213	200	3533	49
1775814171161	10384	200	3533	48
1775814171562	10081	200	3533	47
1775814172025	9904	200	3533	46
1775814172087	9892	200	3535	47
1775814172246	9972	200	3536	47
1775814172403	10008	200	3536	46
1775814172575	10118	200	3538	47
1775814172925	9903	200	3538	46
1775814173010	10067	200	3538	45
1775814173246	9965	200	3539	45
1775814173328	10137	200	3542	47
1775814173343	10297	200	3543	47
1775814173361	10568	200	3544	47
1775814173557	10494	200	3545	47
1775814173620	10691	200	3545	46
1775814173652	10818	200	3547	47
1775814173841	10929	200	3547	46
1775814174640	10259	200	3547	45
1775814174877	10338	200	3548	45
1775814175035	10277	200	3550	46
1775814175051	10479	200	3552	47
1775814175756	9886	200	3552	46
1775814175835	9998	200	3554	47
1775814176025	10001	200	3554	46
1775814176134	10177	200	3557	48
1775814176414	10169	200	3557	47
1775814177622	9219	200	3557	46
1775814177745	9322	200	3560	48
1775814178234	9032	200	3561	48
1775814178250	9346	200	3564	50
1775814178373	9322	200	3565	50
1775814178545	9220	200	3565	49
1775814178560	9367	200	3566	49
1775814178704	9511	200	3567	49
1775814179066	9435	200	3571	52
1775814179098	9739	200	3573	53
1775814179269	9755	200	3575	54
1775814179361	10042	200	3578	56
1775814179646	9797	200	3579	56
1775814179821	9830	200	3580	56
1775814180018	9726	200	3582	57
1775814180384	9733	200	3586	60
1775814180552	9625	200	3586	59
1775814180568	9927	200	3586	58
1775814180584	10043	200	3587	58
1775814180631	10272	200	3589	59
1775814180812	10258	200	3589	58
1775814180910	10370	200	3590	58
1775814181936	9514	200	3590	57
1775814181951	9811	200	3591	57
1775814182160	9781	200	3591	56
1775814182551	9659	200	3593	57
1775814182678	9817	200	3594	57
1775814183123	9555	200	3595	57
1775814183233	9698	200	3600	61
1775814183329	9721	200	3600	60
1775814183345	9924	200	3600	59
1775814183551	9886	200	3602	60
1775814183703	9937	200	3602	60
1775814184035	9818	200	3604	60
1775814184331	9878	200	3606	61
1775814184411	10040	200	3607	61
1775814185075	9756	200	3613	66
1775814185223	9706	200	3614	66
1775814185223	9868	200	3614	65
1775814185365	9823	200	3614	64
1775814185397	10002	200	3614	63
1775814185728	9911	200	3618	66
1775814185825	10100	200	3618	65
1775814186045	10067	200	3619	65
1775814186123	10190	200	3621	66
1775814186186	10317	200	3625	69
1775814186862	9854	200	3626	69
1775814186962	9968	200	3626	68
1775814186994	10164	200	3626	67
1775814187090	10258	200	3626	66
1775814187293	10247	200	3626	65
1775814187515	10216	200	3626	64
1775814187578	10353	200	3627	64
1775814187626	10492	200	3629	65
1775814187905	10350	200	3629	64
1775814188159	10352	200	3629	63
1775814188221	10400	200	3629	62
1775814188278	10608	200	3630	62
1775814188327	10705	200	3631	62
1775814188439	10812	200	3632	62
1775814188706	10739	200	3632	61
1775814188786	11087	200	3634	62
1775814188869	11289	200	3635	62
1775814188940	11406	200	3637	63
1775814189066	11349	200	3638	63
1775814189161	11425	200	3639	63
1775814189272	11445	200	3640	63
1775814189426	11540	200	3641	63
1775814189522	11650	200	3641	62
1775814189679	11766	200	3642	62
1775814189738	11894	200	3644	63
1775814189753	12075	200	3644	62
1775814189831	12113	200	3644	61
1775814190085	12056	200	3644	60
1775814190117	12284	200	3645	60
1775814190621	12056	200	3647	61
1775814190637	12231	200	3647	60
1775814190637	12505	200	3650	62
1775814191280	12149	200	3652	63
1775814191559	11930	200	3652	62
1775814192200	11458	200	3653	62
1775814192200	11626	200	3653	61
1775814192464	11547	200	3654	61
1775814192576	11624	200	3654	60
1775814192710	11681	200	3655	60
1775814192838	11745	200	3656	60
1775814192869	11905	200	3657	60
1775814192869	12093	200	3659	61
1775814192916	12242	200	3659	60
1775814193389	12066	200	3661	61
1775814193389	12243	200	3663	62
1775814193642	12294	200	3664	62
1775814193737	12375	200	3665	62
1775814193953	12356	200	3666	62
1775814194014	12503	200	3666	61
1775814194407	12371	200	3667	61
1775814194454	12508	200	3671	64
1775814194502	12653	200	3671	63
1775814194517	12831	200	3671	62
1775814194549	12988	200	3672	62
1775814194628	13100	200	3673	62
1775814194757	13256	200	3676	64
1775814194915	13303	200	3679	66
1775814195421	12974	200	3680	66
1775814195469	13126	200	3680	65
1775814195531	13341	200	3680	64
1775814195625	13435	200	3680	63
1775814196075	13176	200	3682	64
1775814196185	13311	200	3682	63
1775814196266	13418	200	3683	63
1775814196342	13584	200	3684	63
1775814196357	13805	200	3687	65
1775814196405	13903	200	3687	64
1775814196469	14038	200	3688	64
1775814196531	14162	200	3688	63
1775814197792	13099	200	3688	62
1775814197988	13090	200	3688	61
1775814198036	13260	200	3689	61
1775814198660	12879	200	3690	61
1775814198944	12885	200	3690	60
1775814199244	12778	200	3691	60
1775814199524	12780	200	3693	61
1775814199555	12818	200	3693	60
1775814199884	12800	200	3695	61
1775814200199	12580	200	3695	60
1775814200247	12819	200	3695	59
1775814200378	12790	200	3695	58
1775814200527	12925	200	3698	60
1775814200623	12917	200	3698	59
1775814200831	12949	200	3698	58
1775814201405	12524	200	3698	57
1775814201548	12829	200	3700	58
1775814201516	12940	200	3701	58
1775814202448	12307	200	3703	59
1775814202158	12611	200	3703	58
1775814202590	12482	200	3706	60
1775814202929	12228	200	3706	59
1775814202929	12619	200	3707	59
1775814203086	12597	200	3707	58
1775814203148	12917	200	3710	60
1775814203304	12800	200	3710	59
1775814203546	12758	200	3711	59
1775814203899	12494	200	3711	58
1775814204306	12543	200	3718	64
1775814204511	12809	200	3724	69
1775814204792	12639	200	3724	68
1775814204654	12847	200	3725	68
1775814204808	12819	200	3727	69
1775814205264	12643	200	3727	68
1775814205389	12894	200	3730	70
1775814205545	13013	200	3730	70
1775814205577	13239	200	3734	72
1775814205703	13228	200	3735	72
1775814206112	13026	200	3735	71
1775814206270	12990	200	3736	71
1775814206739	12719	200	3738	72
1775814206786	12828	200	3738	71
1775814206818	12992	200	3740	72
1775814206818	13187	200	3741	72
1775814206834	13403	200	3742	72
1775814207506	13027	200	3746	75
1775814207585	13084	200	3747	75
1775814207775	13093	200	3748	75
1775814207822	13225	200	3748	74
1775814207917	13332	200	3748	73
1775814208038	13400	200	3751	75
1775814208094	13768	200	3754	77
1775814208189	13800	200	3759	81
1775814208237	14001	200	3759	80
1775814209073	13298	200	3759	79
1775814209199	13434	200	3761	80
1775814209638	13120	200	3762	80
1775814209871	13141	200	3764	81
1775814209998	13221	200	3764	80
1775814210062	13414	200	3764	79
1775814210163	13499	200	3764	78
1775814210464	13289	200	3765	78
1775814211268	12654	200	3766	78
1775814211392	12691	200	3768	79
1775814211850	12422	200	3768	78
1775814212102	12361	200	3768	77
1775814212288	12549	200	3768	76
1775814212460	12721	200	3771	78
1775814212635	12762	200	3771	77
1775814213338	12124	200	3772	77
1775814213338	12264	200	3773	77
1775814213433	12366	200	3774	77
1775814213935	12046	200	3774	76
1775814213976	12195	200	3775	76
1775814214419	12038	200	3775	75
1775814214515	12213	200	3777	76
1775814214641	12264	200	3778	76
1775814214954	12218	200	3779	76
1775814214986	12316	200	3779	75
1775814215064	12503	200	3779	74
1775814215520	12097	200	3779	73
1775814215724	12156	200	3779	72
1775814215740	12239	200	3780	72
1775814215724	12536	200	3780	71
1775814216193	12162	200	3780	70
1775814216443	12205	200	3781	70
1775814216443	12321	200	3782	70
1775814216490	12591	200	3783	70
1775814216649	12521	200	3783	69
1775814216695	12800	200	3785	70
1775814216695	12896	200	3785	69
1775814216758	13197	200	3786	69
1775814217040	13039	200	3786	68
1775814217135	13210	200	3788	69
1775814217167	13265	200	3789	69
1775814217167	13522	200	3791	70
1775814217230	13613	200	3791	69
1775814217262	13856	200	3792	69
1775814217437	13775	200	3792	68
1775814217509	13988	200	3795	70
1775814217622	13970	200	3795	69
1775814217970	13902	200	3795	68
1775814218203	13768	200	3795	67
1775814218267	14069	200	3797	68
1775814218622	13734	200	3797	67
1775814218560	14099	200	3801	70
1775814218685	14054	200	3801	69
1775814218811	14209	200	3801	68
1775814218873	14242	200	3802	68
1775814219140	14271	200	3805	70
1775814219450	14076	200	3807	71
1775814219450	14383	200	3808	71
1775814219705	14260	200	3808	70
1775814219799	14459	200	3809	70
1775814219908	14443	200	3811	71
1775814220080	14558	200	3813	72
1775814220316	14426	200	3813	71
1775814220316	14785	200	3815	72
1775814220379	14785	200	3815	71
1775814220506	14900	200	3815	70
1775814220591	14906	200	3816	70
1775814220754	15028	200	3817	70
1775814221304	14574	200	3817	69
1775814221351	14815	200	3819	70
1775814221367	14903	200	3820	70
1775814221492	15068	200	3822	71
1775814221682	14970	200	3822	70
1775814221867	15107	200	3823	70
1775814221867	15199	200	3823	69
1775814221820	15580	200	3824	69
1775814221883	15592	200	3827	71
1775814221899	15873	200	3828	71
1775814221947	15886	200	3828	70
1775814222442	15677	200	3830	71
1775814222594	15620	200	3831	71
1775814222641	15818	200	3831	70
1775814222921	15633	200	3831	69
1775814222937	15894	200	3835	72
1775814223693	15328	200	3835	71
1775814223784	15533	200	3839	74
1775814223938	15571	200	3839	73
1775814224009	15679	200	3839	72
1775814224870	15018	200	3841	73
1775814224989	15088	200	3841	72
1775814225179	15098	200	3841	71
1775814225433	15035	200	3842	71
1775814225559	15081	200	3842	70
1775814225639	15188	200	3844	71
1775814225990	15030	200	3844	70
1775814226463	14985	200	3848	73
1775814226478	15105	200	3848	72
1775814226905	15047	200	3850	73
1775814227020	15003	200	3850	72
1775814227901	14272	200	3850	71
1775814228454	13902	200	3852	72
1775814228720	13918	200	3855	74
1775814229067	13760	200	3855	73
1775814229174	13930	200	3856	73
1775814229208	14053	200	3858	74
1775814229882	13667	200	3859	74
1775814230102	13536	200	3859	73
1775814230273	13628	200	3861	74
1775814230399	13624	200	3864	76
1775814230571	13802	200	3864	75
1775814230587	13880	200	3865	75
1775814231010	13771	200	3867	76
1775814231247	13676	200	3868	76
1775814231449	13759	200	3869	76
1775814231465	13853	200	3869	75
1775814232087	13585	200	3870	75
1775814232182	13615	200	3870	74
1775814232437	13706	200	3872	75
1775814232470	13760	200	3872	74
1775814232564	13976	200	3875	76
1775814232580	14024	200	3875	75
1775814233061	13862	200	3876	75
1775814233203	13811	200	3876	74
1775814233251	14070	200	3877	74
1775814233361	14037	200	3878	74
1775814233457	14243	200	3880	75
1775814233475	14305	200	3880	74
1775814233574	14575	200	3883	76
1775814234251	13956	200	3883	75
1775814234267	14267	200	3884	75
1775814234282	14271	200	3884	74
1775814234508	14432	200	3890	79
1775814234408	14569	200	3890	78
1775814234906	14487	200	3892	79
1775814235038	14409	200	3892	78
1775814235480	14296	200	3899	84
1775814235540	14289	200	3899	83
1775814236057	14098	200	3901	84
1775814236152	14078	200	3902	84
1775814236183	14439	200	3905	86
1775814236370	14311	200	3905	85
1775814236418	14557	200	3908	87
1775814236796	14219	200	3909	87
1775814237219	14079	200	3912	89
1775814237407	14083	200	3912	88
1775814237470	14380	200	3915	90
1775814237423	14591	200	3915	89
1775814237581	14742	200	3917	90
1775814237988	14414	200	3919	91
1775814238034	14526	200	3919	90
1775814238159	14511	200	3919	89
1775814238587	14331	200	3920	89
1775814238650	14500	200	3924	92
1775814238665	14873	200	3929	96
1775814238759	15081	200	3929	95
1775814239075	14963	200	3929	94
1775814239288	14773	200	3929	93
1775814239288	14971	200	3929	92
1775814239304	15142	200	3933	95
1775814239696	15034	200	3933	94
1775814239789	15152	200	3934	94
1775814240323	14881	200	3935	94
1775814240733	14672	200	3936	94
1775814240800	14960	200	3941	98
1775814241033	14886	200	3942	98
1775814241155	15079	200	3943	98
1775814241219	15133	200	3944	98
1775814241283	15344	200	3945	98
1775814241657	15071	200	3946	98
1775814241953	15068	200	3950	101
1775814242293	14828	200	3951	101
1775814242340	15066	200	3952	101
1775814242371	15125	200	3954	102
1775814242441	15334	200	3956	103
1775814242457	15420	200	3956	102
1775814242939	15312	200	3960	105
1775814243160	15180	200	3960	104
1775814243239	15413	200	3960	103
1775814243364	15416	200	3960	102
1775814243658	15444	200	3963	104
1775814243706	15488	200	3963	103
1775814243940	15542	200	3963	102
1775814243971	15610	200	3965	103
1775814244023	15758	200	3965	102
1775814244464	15492	200	3965	101
1775814244523	15721	200	3966	101
1775814244748	15734	200	3970	104
1775814244824	15894	200	3971	104
1775814245136	15751	200	3973	105
1775814245565	15513	200	3973	104
1775814245838	15411	200	3973	103
1775814246044	15490	200	3975	104
1775814246234	15490	200	3977	105
1775814246424	15490	200	3977	104
1775814246472	15660	200	3978	104
1775814246799	15437	200	3979	104
1775814247302	15151	200	3981	105
1775814247380	15164	200	3982	105
1775814247427	15392	200	3983	105
1775814247523	15408	200	3983	104
1775814247976	15466	200	3984	104
1775814248024	15443	200	3984	103
1775814248040	15684	200	3985	103
1775814248258	15511	200	3985	102
1775814248607	15467	200	3985	101
1775814248718	15532	200	3986	101
1775814248717	15988	200	3986	100
1775814248750	15962	200	3986	99
1775814248804	16215	200	3987	99
1775814248883	16136	200	3987	98
1775814249026	16434	200	3987	97
1775814249151	16384	200	3987	96
1775814249464	16396	200	3990	98
1775814249639	16234	200	3990	97
1775814249639	16561	200	3991	97
1775814249686	16584	200	3991	96
1775814249703	16847	200	3992	96
1775814249734	16894	200	3993	96
1775814249734	17278	200	3994	96
1775814249908	17157	200	3994	95
1775814249986	17338	200	3995	95
1775814250223	17266	200	3995	94
1775814250318	17374	200	3996	94
1775814250500	17369	200	3996	93
1775814250548	17515	200	3996	92
1775814250705	17503	200	3997	92
1775814250769	17675	200	3997	91
1775814250817	18013	200	4001	94
1775814250984	18114	200	4005	97
1775814251031	18342	200	4006	97
1775814251282	18187	200	4006	96
1775814251282	18390	200	4007	96
1775814251550	18183	200	4007	95
1775814251628	18342	200	4008	95
1775814251851	18300	200	4009	95
1775814252209	18254	200	4009	94
1775814252288	18316	200	4009	93
1775814252336	18623	200	4010	93
1775814252367	18688	200	4012	94
1775814252759	18532	200	4014	95
1775814253007	18377	200	4014	94
1775814253087	18536	200	4014	93
1775814253119	18643	200	4016	94
1775814253120	18982	200	4018	95
1775814253214	19105	200	4019	95
1775814253213	19386	200	4020	95
1775814253339	19424	200	4021	95
1775814253386	19531	200	4021	94
1775814253387	19756	200	4022	94
1775814254327	19031	200	4022	93
1775814254373	19151	200	4022	92
1775814254388	19341	200	4023	92
1775814254435	19469	200	4023	91
1775814254763	19327	200	4025	92
1775814254950	19357	200	4026	92
1775814255307	19166	200	4027	92
1775814255416	19338	200	4028	92
1775814255509	19375	200	4028	91
1775814255571	19511	200	4028	90
1775814255648	19532	200	4028	89
1775814255673	19702	200	4030	90
1775814255796	19762	200	4030	89
1775814255966	19788	200	4031	89
1775814256282	19658	200	4031	88
1775814256581	19550	200	4031	87
1775814256692	19630	200	4032	87
1775814256773	19852	200	4032	86
1775814256805	20000	200	4034	87
1775814256820	20181	200	4035	87
1775814256840	20334	200	4036	87
1775814257077	20290	200	4036	86
1775814257272	20223	200	4038	87
1775814257476	20262	200	4041	89
1775814257493	20437	200	4041	88
1775814257587	20637	200	4043	89
1775814257604	20803	200	4044	89
1775814257883	20770	200	4046	90
1775814258057	20778	200	4046	89
1775814258105	20938	200	4047	89
1775814258152	21101	200	4047	88
1775814258901	20533	200	4049	89
1775814258980	20653	200	4049	88
1775814259060	20764	200	4049	87
1775814259523	20488	200	4049	86
1775814259554	20620	200	4049	85
1775814260081	20401	200	4051	86
1775814260317	20346	200	4051	85
1775814260349	20495	200	4051	84
1775814260381	20726	200	4051	83
1775814260418	20884	200	4051	82
1775814260549	20936	200	4052	82
1775814260800	20740	200	4053	82
1775814260880	20936	200	4054	82
1775814261306	20602	200	4054	81
1775814261353	21018	200	4056	82
1775814261646	20732	200	4056	81
1775814261693	21060	200	4057	81
1775814262072	20684	200	4057	80
1775814262261	20836	200	4058	80
1775814262135	20993	200	4058	79
1775814262540	20912	200	4058	78
1775814262293	21222	200	4058	77
1775814262792	21130	200	4061	79
1775814263292	20630	200	4061	78
1775814263544	20734	200	4062	78
1775814264094	20222	200	4062	77
1775814265568	19103	200	4065	79
1775814265008	19689	200	4065	78
1775814265715	19374	200	4065	77
1775814265739	19401	200	4065	76
1775814265956	19516	200	4065	75
1775814266382	19135	200	4065	74
1775814266601	19223	200	4067	75
1775814266980	18926	200	4068	75
1775814267089	19092	200	4071	77
1775814267576	18699	200	4071	76
1775814268107	18548	200	4071	75
1775814268545	18193	200	4071	74
1775814268545	18491	200	4072	74
1775814268606	18517	200	4072	73
1775814268733	18687	200	4075	75
1775814268921	18541	200	4075	74
1775814269000	18796	200	4077	75
1775814269000	18922	200	4077	74
1775814269079	19102	200	4079	75
1775814269317	18964	200	4079	74
1775814269565	19012	200	4083	77
1775814269785	18894	200	4083	76
1775814270072	18966	200	4083	75
1775814270916	18219	200	4083	74
1775814270977	18442	200	4084	74
1775814271022	18495	200	4084	73
1775814271148	18746	200	4086	74
1775814271227	18771	200	4087	74
1775814271633	18640	200	4090	76
1775814271712	18732	200	4092	77
1775814271839	18824	200	4092	76
1775814271855	18988	200	4094	77
1775814272119	18995	200	4098	80
1775814272340	18944	200	4099	80
1775814272674	18796	200	4099	79
1775814273113	18500	200	4099	78
1775814273568	18252	200	4101	79
1775814273954	18023	200	4104	81
1775814274019	18167	200	4105	81
1775814274161	18211	200	4106	81
1775814274408	18250	200	4106	80
1775814274678	18180	200	4107	80
1775814275238	17852	200	4108	80
1775814275286	17957	200	4109	80
1775814275647	17784	200	4109	79
1775814276189	17421	200	4109	78
1775814276638	17230	200	4111	79
1775814276764	17238	200	4111	78
1775814276901	17327	200	4113	79
1775814277171	17220	200	4114	79
1775814277434	17224	200	4115	79
1775814277466	17300	200	4115	78
1775814277591	17445	200	4119	81
1775814277686	17444	200	4119	80
1775814277718	17707	200	4119	79
1775814278031	17581	200	4119	78
1775814278189	18044	200	4123	81
1775814278257	18068	200	4123	80
1775814278486	17980	200	4124	80
1775814278642	17844	200	4124	79
1775814278971	17814	200	4124	78
1775814279303	17735	200	4124	77
1775814279366	18013	200	4126	78
1775814280276	17199	200	4126	77
1775814280260	17472	200	4126	76
1775814281325	16538	200	4126	75
1775814281514	16659	200	4127	75
1775814281811	16537	200	4127	74
1775814282117	16497	200	4127	73
1775814282281	16521	200	4130	75
1775814282519	16407	200	4131	75
1775814282861	16191	200	4132	75
1775814283666	15559	200	4133	75
1775814283714	15797	200	4134	75
1775814283786	15925	200	4135	75
1775814284021	15923	200	4136	75
1775814284373	15765	200	4138	76
1775814284453	15870	200	4138	75
1775814284595	15880	200	4138	74
1775814285620	15126	200	4142	77
1775814285794	15099	200	4142	76
1775814285857	15253	200	4144	77
1775814286065	15255	200	4145	77
1775814286080	15432	200	4146	77
1775814286158	15550	200	4146	76
1775814286819	15080	200	4146	75
1775814287127	14968	200	4150	78
1775814287174	15106	200	4150	77
1775814287282	15135	200	4150	76
1775814287679	14977	200	4155	80
1775814287789	15056	200	4157	81
1775814288050	15128	200	4158	81
1775814288129	15237	200	4158	80
1775814288421	15185	200	4161	82
1775814288452	15297	200	4161	81
1775814288470	15512	200	4163	82
1775814288566	15585	200	4163	81
1775814289362	15062	200	4163	80
1775814289554	14990	200	4163	79
1775814289794	15000	200	4164	79
1775814289984	14941	200	4164	78
1775814290080	15057	200	4166	79
1775814290215	15100	200	4167	79
1775814290246	15258	200	4167	78
1775814290277	15428	200	4167	77
1775814290371	15448	200	4167	76
1775814290717	15359	200	4168	76
1775814290749	15441	200	4169	76
1775814290859	15600	200	4171	77
1775814290875	15710	200	4171	76
1775814290937	15902	200	4171	75
1775814291094	15938	200	4173	76
1775814291140	16079	200	4173	75
1775814291735	15672	200	4174	75
1775814291752	15848	200	4176	76
1775814291906	15985	200	4177	76
1775814291938	16136	200	4178	76
1775814291969	16295	200	4178	75
1775814292158	16238	200	4179	75
1775814292348	16297	200	4179	74
1775814292848	15994	200	4179	73
1775814292938	16102	200	4179	72
1775814293176	16046	200	4181	73
1775814293736	15669	200	4182	73
1775814293819	15874	200	4184	74
1775814294008	15881	200	4186	75
1775814294119	15954	200	4186	74
1775814294261	16003	200	4189	76
1775814294605	15847	200	4189	75
1775814294818	15833	200	4189	74
1775814294818	16013	200	4189	73
1775814294818	16303	200	4190	73
1775814294833	16455	200	4190	72
1775814295733	15737	200	4191	72
1775814295909	15781	200	4192	72
1775814296033	15858	200	4193	72
1775814296080	15998	200	4194	72
1775814296379	15976	200	4196	73
1775814297209	15338	200	4197	73
1775814297303	15431	200	4197	72
1775814297893	15031	200	4197	71
1775814298680	14430	200	4197	70
1775814298664	14644	200	4198	70
1775814298711	14788	200	4200	71
1775814298836	14850	200	4201	71
1775814298971	15007	200	4203	72
1775814299215	14955	200	4203	71
1775814299385	15019	200	4203	70
1775814299621	14995	200	4205	71
1775814299891	14914	200	4206	71
1775814300064	15040	200	4209	73
1775814300127	15089	200	4209	72
1775814300583	14866	200	4212	74
1775814300583	14961	200	4212	73
1775814300720	15139	200	4213	73
1775814300720	15234	200	4215	74
1775814301044	15271	200	4217	75
1775814301106	15306	200	4217	74
1775814301186	15600	200	4219	75
1775814301489	15297	200	4219	74
1775814301915	15294	200	4221	75
1775814302036	15199	200	4221	74
1775814302052	15636	200	4223	75
1775814302068	15671	200	4224	75
1775814302542	15677	200	4227	77
1775814302573	15645	200	4227	76
1775814302589	15978	200	4228	76
1775814302651	15934	200	4228	75
1775814302636	16291	200	4230	76
1775814302761	16256	200	4231	76
1775814302761	16707	200	4232	76
1775814303041	16503	200	4233	76
1775814303509	16361	200	4236	78
1775814303369	16557	200	4236	77
1775814303493	16819	200	4238	78
1775814303806	16534	200	4238	77
1775814303887	16750	200	4242	80
1775814304648	16084	200	4243	80
1775814304985	16049	200	4246	82
1775814305080	16086	200	4246	81
1775814305301	16266	200	4254	88
1775814305852	15739	200	4255	88
1775814306128	15753	200	4257	89
1775814306333	15584	200	4257	88
1775814306365	15893	200	4258	88
1775814306852	15500	200	4258	87
1775814306994	15826	200	4259	87
1775814307227	15651	200	4260	87
1775814307488	15628	200	4260	86
1775814307503	15639	200	4260	85
1775814307855	15549	200	4262	86
1775814307934	15659	200	4263	86
1775814308310	15845	200	4268	90
1775814309094	15121	200	4269	90
1775814309143	15304	200	4271	91
1775814309333	15120	200	4271	90
1775814309617	15214	200	4272	90
1775814309679	15250	200	4272	89
1775814309846	15504	200	4274	90
1775814309861	15495	200	4275	90
1775814310096	15591	200	4277	91
1775814310191	15538	200	4278	91
1775814311086	14981	200	4279	91
1775814310241	15897	200	4279	90
1775814311303	15193	200	4281	91
1775814311569	14979	200	4281	90
1775814311837	15088	200	4281	89
1775814311947	14990	200	4281	88
1775814312119	15104	200	4283	89
1775814312119	15228	200	4284	89
1775814313236	14497	200	4285	89
1775814312480	15299	200	4286	89
1775814313467	14595	200	4290	92
1775814313451	14705	200	4290	91
1775814313625	14825	200	4291	91
1775814313894	14651	200	4292	91
1775814313910	15007	200	4293	91
1775814314458	14640	200	4293	90
1775814314534	14913	200	4293	89
1775814314676	14908	200	4294	89
1775814314854	14840	200	4294	88
1775814314886	14904	200	4296	89
1775814314997	14983	200	4297	89
1775814315219	15037	200	4298	89
1775814315297	15156	200	4299	89
1775814315313	15322	200	4300	89
1775814315601	15243	200	4300	88
1775814315886	15137	200	4301	88
1775814315902	15494	200	4303	89
1775814315996	15526	200	4304	89
1775814316058	15731	200	4306	90
1775814316527	15447	200	4307	90
1775814316591	15653	200	4308	90
1775814316834	15518	200	4308	89
1775814317183	15517	200	4310	90
1775814317337	15439	200	4310	89
1775814317445	15569	200	4313	91
1775814317732	15374	200	4314	91
1775814317768	15625	200	4316	92
1775814317801	15684	200	4316	91
1775814318188	15588	200	4316	90
1775814318280	15586	200	4319	92
1775814318609	15459	200	4319	91
1775814318925	15321	200	4319	90
1775814319003	15539	200	4321	91
1775814319378	15341	200	4321	90
1775814319536	15520	200	4322	90
1775814319552	15546	200	4322	89
1775814319777	15616	200	4323	89
1775814319834	15648	200	4323	88
1775814320079	15781	200	4326	90
1775814320189	15742	200	4326	89
1775814320412	15830	200	4329	91
1775814320586	15841	200	4329	90
1775814320602	16163	200	4331	91
1775814320618	16197	200	4331	90
1775814320682	16323	200	4333	91
1775814320745	16357	200	4334	91
1775814320802	16694	200	4336	92
1775814320900	16834	200	4336	91
1775814321169	16869	200	4337	91
1775814321217	16984	200	4338	91
1775814321248	17008	200	4338	90
1775814321264	17133	200	4339	90
1775814321327	17292	200	4341	91
1775814321482	17498	200	4343	92
1775814321514	17660	200	4345	93
1775814321561	17972	200	4347	94
1775814321576	18079	200	4347	93
1775814321703	18060	200	4347	92
1775814321735	18155	200	4347	91
1775814321989	18150	200	4349	92
1775814322468	17930	200	4351	93
1775814322831	17788	200	4353	94
1775814323175	17635	200	4353	93
1775814323333	17764	200	4354	93
1775814323475	17902	200	4356	94
1775814323755	17821	200	4356	93
1775814323882	17975	200	4359	95
1775814323983	18071	200	4359	94
1775814324066	18363	200	4362	96
1775814324128	18560	200	4362	95
1775814324180	18726	200	4362	94
1775814324416	18913	200	4362	93
1775814324416	19031	200	4362	92
1775814324633	18938	200	4362	91
1775814325180	18479	200	4363	91
1775814325227	18726	200	4365	92
1775814325354	18881	200	4368	94
1775814325448	18977	200	4368	93
1775814325448	19162	200	4368	92
1775814325713	19068	200	4370	93
1775814325870	19217	200	4371	93
1775814326293	18888	200	4371	92
1775814326450	18919	200	4372	92
1775814327142	18427	200	4373	92
1775814327202	18756	200	4377	95
1775814327268	18913	200	4377	94
1775814327770	18894	200	4378	94
1775814327637	19030	200	4378	93
1775814327852	18967	200	4380	94
1775814327899	19012	200	4380	93
1775814327962	19405	200	4383	95
1775814327946	19620	200	4384	95
1775814328268	19629	200	4385	95
1775814328537	19474	200	4386	95
1775814328786	19417	200	4387	95
1775814329573	18744	200	4387	94
1775814329715	18860	200	4388	94
1775814329731	18949	200	4388	93
1775814329963	19022	200	4390	94
1775814329994	19064	200	4390	93
1775814330309	18984	200	4391	93
1775814330495	18973	200	4392	93
1775814330951	18816	200	4393	93
1775814331140	18795	200	4394	93
1775814331330	18896	200	4395	93
1775814331515	18786	200	4395	92
1775814331658	18944	200	4396	92
1775814331768	18932	200	4396	91
1775814331894	19087	200	4400	94
1775814332000	19079	200	4400	93
1775814332375	19042	200	4403	95
1775814332535	18975	200	4404	95
1775814332832	19057	200	4405	95
1775814332959	18960	200	4405	94
1775814333007	19214	200	4408	96
1775814333098	19152	200	4408	95
1775814333161	19497	200	4409	95
1775814333177	19587	200	4411	96
1775814333803	19250	200	4413	97
1775814333819	19406	200	4414	97
1775814333867	19571	200	4414	96
1775814334338	19319	200	4415	96
1775814334402	19413	200	4416	96
1775814334991	19089	200	4419	98
1775814335295	18913	200	4420	98
1775814335643	18823	200	4420	97
1775814335679	18908	200	4421	97
1775814335842	18954	200	4422	97
1775814336030	18949	200	4423	97
1775814336125	19023	200	4423	96
1775814336218	19144	200	4424	96
1775814336541	19016	200	4424	95
1775814336684	19111	200	4424	94
1775814336954	19054	200	4424	93
1775814337001	19266	200	4426	94
1775814337096	19360	200	4427	94
1775814337111	19463	200	4428	94
1775814337222	19487	200	4428	93
1775814337775	19106	200	4428	92
1775814338148	18923	200	4428	91
1775814338290	18975	200	4428	90
1775814338570	18899	200	4429	90
1775814338601	19043	200	4430	90
1775814338664	19263	200	4430	89
1775814338711	19360	200	4430	88
1775814339034	19279	200	4430	87
1775814339106	19346	200	4430	86
1775814339342	19349	200	4430	85
1775814339358	19523	200	4431	85
1775814340045	18994	200	4433	86
1775814340045	19219	200	4435	87
1775814340171	19280	200	4438	89
1775814340219	19416	200	4438	88
1775814340424	19409	200	4444	93
1775814340440	19601	200	4446	94
1775814340893	19416	200	4447	94
1775814341141	19354	200	4448	94
1775814341236	19451	200	4449	94
1775814341706	19170	200	4449	93
1775814341706	19361	200	4450	93
1775814341737	19622	200	4451	93
1775814342102	19443	200	4452	93
1775814342165	19662	200	4452	92
1775814342322	19602	200	4453	92
1775814343620	18591	200	4454	92
1775814343751	18555	200	4454	91
1775814343862	18731	200	4454	90
1775814344147	18552	200	4454	89
1775814344148	18872	200	4456	90
1775814344231	18868	200	4456	89
1775814344638	18762	200	4462	94
1775814344732	18739	200	4462	93
1775814345047	18702	200	4463	93
1775814345367	18474	200	4463	92
1775814345508	18608	200	4465	93
1775814345634	18624	200	4467	94
1775814345831	18660	200	4469	95
1775814345895	18787	200	4469	94
1775814345927	18946	200	4470	94
1775814346459	18555	200	4470	93
1775814346734	18523	200	4473	95
1775814346801	18564	200	4474	95
1775814346977	18663	200	4475	95
1775814346993	18829	200	4475	94
1775814347040	19238	200	4476	94
1775814347445	18835	200	4476	93
1775814347759	18764	200	4477	93
1775814347915	18698	200	4478	93
1775814348104	19003	200	4483	97
1775814348448	18763	200	4483	96
1775814348745	18703	200	4484	96
1775814348951	18539	200	4484	95
1775814349259	18472	200	4484	94
1775814349401	18521	200	4485	94
1775814349655	18713	200	4487	95
1775814349874	18602	200	4487	94
1775814350032	18650	200	4488	94
1775814350580	18147	200	4488	93
1775814350706	18277	200	4491	95
1775814350755	18406	200	4491	94
1775814350818	18713	200	4492	94
1775814350897	18906	200	4493	94
1775814351162	18991	200	4494	94
1775814351272	18927	200	4495	94
1775814351304	19085	200	4495	93
1775814351451	19036	200	4495	92
1775814351563	19319	200	4496	92
1775814351927	19109	200	4496	91
1775814352023	19388	200	4496	90
1775814352117	19404	200	4496	89
1775814352574	19143	200	4498	90
1775814352666	19150	200	4498	89
1775814352666	19336	200	4500	90
1775814352824	19378	200	4500	89
1775814352950	19486	200	4501	89
1775814353117	19475	200	4502	89
1775814353608	19325	200	4503	89
1775814353670	19434	200	4506	91
1775814353906	19478	200	4508	92
1775814354015	19579	200	4508	91
1775814354015	19856	200	4509	91
1775814354133	19851	200	4510	91
1775814354484	19709	200	4512	92
1775814354741	19545	200	4513	92
1775814354892	19589	200	4513	91
1775814355316	19353	200	4513	90
1775814356087	19012	200	4517	93
1775814356119	19359	200	4520	95
1775814356345	19187	200	4520	94
1775814356532	19183	200	4521	94
1775814357371	18439	200	4521	93
1775814357636	18460	200	4522	93
1775814358801	17399	200	4522	92
1775814359015	17557	200	4523	92
1775814358896	17747	200	4525	93
1775814359109	17850	200	4527	94
1775814359093	17883	200	4527	93
1775814359267	18068	200	4528	93
1775814359441	17930	200	4529	93
1775814359644	18101	200	4531	94
1775814359410	18362	200	4531	93
1775814359644	18463	200	4533	94
1775814359770	18382	200	4533	93
1775814359817	18750	200	4534	93
1775814359802	18820	200	4534	92
1775814359833	19214	200	4537	94
1775814359915	19132	200	4537	93
1775814360048	19331	200	4538	93
1775814359982	19542	200	4539	93
1775814360334	19582	200	4540	93
1775814360679	19333	200	4540	92
1775814360981	19374	200	4541	92
1775814361185	19277	200	4541	91
1775814361420	19336	200	4543	92
1775814361869	19036	200	4543	91
1775814362026	19260	200	4545	92
1775814362873	18508	200	4546	92
1775814362921	18602	200	4546	91
1775814363234	18378	200	4546	90
1775814363281	18619	200	4546	89
1775814363297	18795	200	4548	90
1775814363329	18966	200	4552	93
1775814363345	19127	200	4552	92
1775814363394	19271	200	4554	93
1775814363546	19280	200	4554	92
1775814363848	19208	200	4557	94
1775814363991	19264	200	4557	93
1775814364257	19278	200	4561	96
1775814364225	19433	200	4561	95
1775814364274	19628	200	4562	95
1775814364274	19764	200	4563	95
1775814364741	19536	200	4565	96
1775814365038	19401	200	4565	95
1775814365101	19560	200	4565	94
1775814365132	19718	200	4565	93
1775814365322	19718	200	4567	94
1775814365462	19771	200	4568	94
1775814365963	19460	200	4568	93
1775814366326	19286	200	4571	95
1775814366604	19202	200	4572	95
1775814366777	19219	200	4572	94
1775814366824	19373	200	4573	94
1775814366840	19532	200	4573	93
1775814366936	19626	200	4573	92
1775814366998	19707	200	4574	92
1775814367215	19699	200	4574	91
1775814367897	19240	200	4574	90
1775814368010	19555	200	4575	90
1775814368346	19506	200	4576	90
1775814368612	19369	200	4576	89
1775814368737	19403	200	4576	88
1775814368818	19477	200	4576	87
1775814368881	19593	200	4576	86
1775814369462	19194	200	4576	85
1775814369774	19081	200	4578	86
1775814369949	19181	200	4579	86
1775814370164	19141	200	4581	87
1775814370839	18775	200	4581	86
1775814371576	18125	200	4581	85
1775814371686	18305	200	4582	85
1775814371922	18171	200	4585	87
1775814371938	18427	200	4585	86
1775814372265	18182	200	4586	86
1775814372483	18287	200	4589	88
1775814372768	18124	200	4589	87
1775814372957	18314	200	4590	87
1775814373004	18365	200	4590	86
1775814373020	18510	200	4591	86
1775814373115	18525	200	4591	85
1775814373278	18610	200	4591	84
1775814373716	18462	200	4591	83
1775814373960	18500	200	4592	83
1775814374070	18631	200	4594	84
1775814374086	18831	200	4595	84
1775814374259	18768	200	4597	85
1775814374750	18470	200	4598	85
1775814374731	18672	200	4599	85
1775814374930	18676	200	4601	86
1775814375073	18636	200	4602	86
1775814375120	18866	200	4602	85
1775814375327	18788	200	4602	84
1775814375429	18946	200	4603	84
1775814375648	18907	200	4603	83
1775814376047	18728	200	4606	85
1775814376396	18591	200	4606	84
1775814376594	18695	200	4607	84
1775814376609	18803	200	4607	83
1775814376751	18914	200	4609	84
1775814376751	19018	200	4609	83
1775814377238	18748	200	4609	82
1775814377364	18747	200	4611	83
1775814377396	18886	200	4611	82
1775814377490	18965	200	4612	82
1775814377960	18755	200	4613	82
1775814378082	18847	200	4615	83
1775814378333	18792	200	4616	83
1775814378662	18652	200	4617	83
1775814378866	18636	200	4617	82
1775814379036	18656	200	4618	82
1775814379179	18694	200	4618	81
1775814379382	18790	200	4619	81
1775814379583	18920	200	4620	81
1775814380251	18482	200	4620	80
1775814380497	18500	200	4620	79
1775814380513	18595	200	4621	79
1775814380937	18369	200	4621	78
1775814381157	18270	200	4621	77
1775814381332	18277	200	4622	77
1775814381986	17801	200	4625	79
1775814382065	18340	200	4628	81
1775814382129	18378	200	4629	81
1775814382208	18434	200	4630	81
1775814382240	18444	200	4631	81
1775814382255	18676	200	4632	81
1775814382570	18740	200	4633	81
1775814382635	19033	200	4636	83
1775814382849	18930	200	4637	83
1775814383007	18964	200	4637	82
1775814383023	19057	200	4637	81
1775814383322	18937	200	4638	81
1775814383412	19041	200	4642	84
1775814383460	19454	200	4644	85
1775814383491	19584	200	4645	85
1775814383664	19626	200	4647	86
1775814383931	19522	200	4648	86
1775814384042	19601	200	4649	86
1775814384200	19665	200	4649	85
1775814384889	19237	200	4649	84
1775814384920	19388	200	4649	83
1775814385196	19326	200	4651	84
1775814385447	19147	200	4652	84
1775814385514	19338	200	4653	84
1775814385577	19403	200	4653	83
1775814385762	19526	200	4654	83
1775814386079	19293	200	4654	82
1775814386565	19101	200	4655	82
1775814387501	18277	200	4655	81
1775814387743	18394	200	4655	80
1775814388765	17480	200	4655	79
1775814388844	17689	200	4658	81
1775814389094	17541	200	4658	80
1775814389173	17673	200	4658	79
1775814389193	17752	200	4658	78
1775814389826	17385	200	4659	78
1775814390033	17299	200	4660	78
1775814390048	17538	200	4662	79
1775814390048	17729	200	4664	80
1775814390375	17691	200	4665	80
1775814390500	17653	200	4665	79
1775814390531	17915	200	4667	80
1775814390563	17979	200	4667	79
1775814391035	17892	200	4671	82
1775814391478	17527	200	4671	81
1775814392382	16971	200	4673	82
1775814392481	16916	200	4673	81
1775814392644	17045	200	4674	81
1775814392722	17014	200	4674	80
1775814393007	17059	200	4675	80
1775814393007	17157	200	4675	79
1775814393198	17339	200	4677	80
1775814393324	17213	200	4677	79
1775814393512	17407	200	4680	81
1775814393591	17364	200	4680	80
1775814394216	17087	200	4683	82
1775814393685	17639	200	4683	81
1775814394625	17058	200	4683	80
1775814394657	17030	200	4683	79
1775814395196	16935	200	4687	82
1775814394767	17366	200	4687	81
1775814395613	16836	200	4691	84
1775814395556	16926	200	4691	83
1775814396056	16782	200	4693	84
1775814396099	16925	200	4693	83
1775814396304	16995	200	4694	83
1775814396586	16881	200	4696	84
1775814396724	17046	200	4697	84
1775814396914	17103	200	4697	83
1775814397039	17107	200	4697	82
1775814397195	17059	200	4697	81
1775814397650	16796	200	4697	80
1775814398012	16546	200	4699	81
1775814398326	16458	200	4699	80
1775814399070	15945	200	4699	79
1775814399469	15838	200	4701	80
1775814399611	15877	200	4701	79
1775814399627	16198	200	4703	80
1775814399682	16257	200	4705	81
1775814399877	16197	200	4705	80
1775814400068	16184	200	4707	81
1775814400100	16341	200	4710	83
1775814400457	16268	200	4712	84
1775814400598	16315	200	4713	84
1775814400675	16449	200	4714	84
1775814400723	16575	200	4715	84
1775814401247	16239	200	4716	84
1775814401398	16279	200	4716	83
1775814401508	16358	200	4716	82
1775814401619	16436	200	4716	81
1775814401744	16845	200	4721	85
1775814402254	16549	200	4723	86
1775814402333	16629	200	4724	86
1775814402333	16678	200	4724	85
1775814402349	16943	200	4725	85
1775814402428	16928	200	4726	85
1775814402669	17006	200	4731	89
1775814402766	16971	200	4732	89
1775814403075	16986	200	4732	88
1775814403122	17019	200	4732	87
1775814403279	17397	200	4733	87
1775814403422	17365	200	4733	86
1775814404356	16819	200	4734	86
1775814403546	17644	200	4734	85
1775814404436	17138	200	4738	88
1775814404582	16993	200	4738	87
1775814404739	17218	200	4743	91
1775814405177	16804	200	4743	90
1775814405591	16739	200	4745	91
1775814406332	16040	200	4745	90
1775814406441	16325	200	4750	94
1775814406505	16263	200	4750	93
1775814406952	16137	200	4750	92
1775814407279	15861	200	4750	91
1775814407537	15938	200	4752	92
1775814407569	15970	200	4753	92
1775814407746	16121	200	4754	92
1775814407779	16150	200	4754	91
1775814407971	16272	200	4756	92
1775814408222	16105	200	4757	92
1775814408253	16360	200	4758	92
1775814408644	16066	200	4760	93
1775814408739	16348	200	4763	95
1775814408847	16337	200	4763	94
1775814408894	16718	200	4763	93
1775814409173	16538	200	4765	94
1775814409252	16711	200	4767	95
1775814409670	16381	200	4768	95
1775814409841	16489	200	4768	94
1775814410429	16085	200	4770	95
1775814410524	16332	200	4770	94
1775814410746	16356	200	4771	94
1775814410761	16533	200	4771	93
1775814410809	16665	200	4772	93
1775814410965	16780	200	4773	93
1775814411143	16769	200	4774	93
1775814411247	16879	200	4775	93
1775814411726	16646	200	4777	94
1775814411953	16627	200	4779	95
1775814412013	16741	200	4780	95
1775814412124	16771	200	4783	97
1775814412171	16920	200	4783	96
1775814412171	17105	200	4785	97
1775814412326	17134	200	4785	96
1775814412388	17380	200	4787	97
1775814412785	17205	200	4788	97
1775814412800	17573	200	4789	97
1775814413268	17222	200	4789	96
1775814413395	17241	200	4790	96
1775814413427	17309	200	4791	96
1775814413645	17343	200	4791	95
1775814414490	16763	200	4791	94
1775814414522	16939	200	4793	95
1775814415117	16637	200	4793	94
1775814415117	16816	200	4793	93
1775814415554	16662	200	4797	96
1775814415600	16767	200	4799	97
1775814415873	16780	200	4801	98
1775814415857	16987	200	4803	99
1775814416123	16845	200	4803	98
1775814416170	16956	200	4804	98
1775814416340	17025	200	4805	98
1775814416356	17155	200	4806	98
1775814416388	17336	200	4806	97
1775814416497	17426	200	4808	98
1775814416655	17524	200	4809	98
1775814416889	17501	200	4815	103
1775814416931	17668	200	4815	102
1775814417219	17470	200	4816	102
1775814417328	17611	200	4816	101
1775814418113	16967	200	4816	100
1775814418128	17208	200	4816	99
1775814418394	17065	200	4817	99
1775814418458	17338	200	4820	101
1775814418504	17385	200	4821	101
1775814418629	17567	200	4821	100
1775814418661	17706	200	4822	100
1775814418912	17645	200	4823	100
1775814419118	17629	200	4824	100
1775814419339	17633	200	4827	102
1775814419371	17812	200	4828	102
1775814419525	17822	200	4828	101
1775814419588	17977	200	4829	101
1775814419635	18117	200	4830	101
1775814419651	18284	200	4830	100
1775814419713	18412	200	4832	101
1775814420199	18061	200	4833	101
1775814420986	17521	200	4834	101
1775814421312	17366	200	4834	100
1775814421312	17591	200	4836	101
1775814421343	17753	200	4839	103
1775814421518	17844	200	4840	103
1775814421671	18218	200	4842	104
1775814421577	18311	200	4842	103
1775814421861	18261	200	4843	103
1775814421876	18345	200	4843	102
1775814422064	18778	200	4846	104
1775814421954	18918	200	4846	103
1775814422111	18983	200	4848	104
1775814422478	18695	200	4848	103
1775814422576	19315	200	4849	103
1775814422494	19436	200	4851	104
1775814422592	19626	200	4851	103
1775814422754	19560	200	4852	103
1775814423196	19456	200	4854	104
1775814423243	19544	200	4854	103
1775814423481	19572	200	4854	102
1775814423742	19425	200	4855	102
1775814424010	19426	200	4857	103
1775814424185	19322	200	4857	102
1775814424328	19505	200	4858	102
1775814424520	19369	200	4859	102
1775814424631	19497	200	4859	101
1775814424662	19578	200	4860	101
1775814424853	19795	200	4863	103
1775814424917	19850	200	4863	102
1775814424998	20054	200	4867	105
1775814425626	19536	200	4867	104
1775814425626	19781	200	4868	104
1775814425778	19727	200	4869	104
1775814425875	19878	200	4870	104
1775814426049	19881	200	4872	105
1775814426344	19775	200	4874	106
1775814426454	19804	200	4875	106
1775814426876	19628	200	4877	107
1775814427443	19246	200	4878	107
1775814427679	19203	200	4879	107
1775814427883	19189	200	4879	106
1775814428024	19235	200	4879	105
1775814428323	19129	200	4880	105
1775814428370	19272	200	4880	104
1775814428463	19359	200	4882	105
1775814428446	19562	200	4884	106
1775814428683	19624	200	4885	106
1775814428795	19758	200	4885	105
1775814428827	19949	200	4886	105
1775814428859	20193	200	4887	105
1775814429103	20116	200	4887	104
1775814429151	20258	200	4887	103
1775814429495	19974	200	4887	102
1775814429622	20115	200	4890	104
1775814429796	20037	200	4892	105
1775814430128	19987	200	4895	107
1775814430607	19604	200	4895	106
1775814430718	20043	200	4899	109
1775814431296	19532	200	4899	108
1775814431342	19734	200	4899	107
1775814431962	19148	200	4899	106
1775814432162	19190	200	4901	107
1775814432193	19361	200	4903	108
1775814432193	19643	200	4905	109
1775814432262	19768	200	4906	109
1775814432292	20010	200	4907	109
1775814432485	20077	200	4907	108
1775814432516	20317	200	4909	109
1775814432742	20215	200	4909	108
1775814432758	20306	200	4909	107
1775814433011	20177	200	4909	106
1775814433169	20276	200	4910	106
1775814433386	20347	200	4911	106
1775814433728	20339	200	4911	105
1775814433760	20498	200	4911	104
1775814433980	20408	200	4911	103
1775814434187	20399	200	4914	105
1775814434197	20505	200	4915	105
1775814434262	20642	200	4916	105
1775814434310	20749	200	4918	106
1775814434310	20952	200	4920	107
1775814434342	21103	200	4921	107
1775814434675	21056	200	4923	108
1775814435455	20412	200	4924	108
1775814435534	20574	200	4924	107
1775814435518	20783	200	4925	107
1775814435724	20769	200	4928	109
1775814435818	20860	200	4928	108
1775814436357	20512	200	4928	107
1775814436520	20538	200	4930	108
1775814436662	20589	200	4931	108
1775814436876	20490	200	4931	107
1775814436944	20686	200	4932	107
1775814436944	20837	200	4932	106
1775814436976	21057	200	4933	106
1775814437373	20829	200	4934	106
1775814437635	20758	200	4935	106
1775814438057	20530	200	4937	107
1775814438121	20840	200	4940	109
1775814438215	20920	200	4940	108
1775814438468	20948	200	4943	110
1775814438744	20886	200	4944	110
1775814438780	21046	200	4944	109
1775814438923	21233	200	4945	109
1775814438954	21321	200	4946	109
1775814439093	21303	200	4946	108
1775814439156	21333	200	4946	107
1775814439677	21096	200	4949	109
1775814439724	21240	200	4950	109
1775814440024	21133	200	4951	109
1775814440281	21064	200	4951	108
1775814440328	21302	200	4951	107
1775814440469	21351	200	4951	106
1775814441016	20998	200	4952	106
1775814441078	21173	200	4953	106
1775814441819	20576	200	4953	105
1775814441912	20675	200	4953	104
1775814441927	20849	200	4954	104
1775814442242	20830	200	4956	105
1775814442494	20702	200	4956	104
1775814442618	20837	200	4958	105
1775814443080	20556	200	4958	104
1775814443225	20615	200	4959	104
1775814443389	20632	200	4959	103
1775814443799	20420	200	4960	103
1775814443851	20547	200	4962	104
1775814444139	20458	200	4962	103
1775814444320	20460	200	4962	102
1775814444453	20515	200	4964	103
1775814444547	20612	200	4964	102
1775814444833	20520	200	4964	101
1775814444876	20761	200	4964	100
1775814444908	20971	200	4965	100
1775814445017	21052	200	4966	100
1775814445278	21029	200	4966	99
1775814445475	20975	200	4969	101
1775814445553	21092	200	4970	101
1775814445821	20968	200	4971	101
1775814445868	21116	200	4971	100
1775814445959	21210	200	4971	99
1775814446023	21320	200	4971	98
1775814446260	21228	200	4973	99
1775814446477	21258	200	4974	99
1775814446455	21476	200	4976	100
1775814446612	21505	200	4977	100
1775814446833	21476	200	4978	100
1775814447319	21543	200	4979	100
1775814447717	21410	200	4981	101
1775814447748	21469	200	4983	102
1775814447826	21532	200	4984	102
1775814447983	21513	200	4984	101
1775814448106	21631	200	4984	100
1775814448702	21223	200	4985	100
1775814448891	21228	200	4988	102
1775814449501	20821	200	4989	102
1775814449501	20992	200	4991	103
1775814449708	20982	200	4991	102
1775814449755	21119	200	4992	102
1775814449755	21397	200	4995	104
1775814449977	21378	200	4995	103
1775814450069	21478	200	4996	103
1775814450116	21664	200	4996	102
1775814450307	21680	200	4997	102
1775814450322	21881	200	4998	102
1775814450465	21890	200	4998	101
1775814450693	21808	200	5000	102
1775814451211	21521	200	5000	101
1775814451338	21581	200	5000	100
1775814451495	21639	200	5000	99
1775814451526	21869	200	5000	98
1775814451622	21960	200	5000	97
1775814451654	22122	200	5000	96
1775814451840	22121	200	5000	95
1775814452236	21866	200	5000	94
1775814452677	21645	200	5000	93
1775814452725	21710	200	5000	92
1775814453425	21180	200	5000	91
1775814453679	21102	200	5000	90
1775814454426	20622	200	5000	89
1775814454442	20805	200	5000	88
1775814454520	20957	200	5000	87
1775814454695	20925	200	5000	86
1775814454901	20912	200	5000	85
1775814454959	21042	200	5000	84
1775814454989	21204	200	5000	83
1775814455068	21293	200	5000	82
1775814455244	21326	200	5000	81
1775814455416	21351	200	5000	80
1775814455477	21469	200	5000	79
1775814455604	21648	200	5000	78
1775814455763	21715	200	5000	77
1775814456121	21731	200	5000	76
1775814456326	21620	200	5000	75
1775814456452	21632	200	5000	74
1775814456484	21670	200	5000	73
1775814456940	21428	200	5000	72
1775814457020	21634	200	5000	71
1775814457143	21708	200	5000	70
1775814457594	21535	200	5000	69
1775814457940	21353	200	5000	68
1775814458084	21420	200	5000	67
1775814458281	21375	200	5000	66
1775814458460	21385	200	5000	65
1775814458542	21532	200	5000	64
1775814458635	21537	200	5000	63
1775814458770	21598	200	5000	62
1775814458770	21814	200	5000	61
1775814459161	21681	200	5000	60
1775814459224	21803	200	5000	59
1775814459224	21991	200	5000	58
1775814459493	21910	200	5000	57
1775814460125	21468	200	5000	56
1775814460172	21672	200	5000	55
1775814460587	21483	200	5000	54
1775814460586	21714	200	5000	53
1775814460586	21949	200	5000	52
1775814460793	22027	200	5000	51
1775814461043	21950	200	5000	50
1775814461905	21202	200	5000	49
1775814462031	21251	200	5000	48
1775814462643	20839	200	5000	47
1775814462784	20874	200	5000	46
1775814463004	20861	200	5000	45
1775814463209	20846	200	5000	44
1775814463303	20940	200	5000	43
1775814463822	20541	200	5000	42
1775814464189	20435	200	5000	41
1775814464236	20453	200	5000	40
1775814464345	20586	200	5000	39
1775814464916	20184	200	5000	38
1775814464900	20486	200	5000	37
1775814465653	19826	200	5000	36
1775814466032	19658	200	5000	35
1775814466327	19536	200	5000	34
1775814466343	19697	200	5000	33
1775814466423	19816	200	5000	32
1775814466626	19975	200	5000	31
1775814466705	20108	200	5000	30
1775814467362	19693	200	5000	29
1775814467442	19711	200	5000	28
1775814467651	19647	200	5000	27
1775814467808	19673	200	5000	26
1775814467892	19788	200	5000	25
1775814467939	19924	200	5000	24
1775814468162	19890	200	5000	23
1775814468430	19818	200	5000	22
1775814468931	19536	200	5000	21
1775814469120	19601	200	5000	20
1775814469175	19744	200	5000	19
1775814469191	19913	200	5000	18
1775814469290	20008	200	5000	17
1775814469904	19589	200	5000	16
1775814469935	19758	200	5000	15
1775814470046	19916	200	5000	14
1775814470014	20133	200	5000	13
1775814470309	20029	200	5000	12
1775814470389	20149	200	5000	11
1775814470421	20310	200	5000	10
1775814470858	20058	200	5000	9
1775814470906	20289	200	5000	8
1775814471063	20319	200	5000	7
1775814471109	20477	200	5000	6
1775814471362	20343	200	5000	5
1775814471941	20014	200	5000	4
1775814472020	20078	200	5000	3
1775814472402	20022	200	5000	2
1775814472441	20002	200	5000	1