1775750008272	422	200	5	5
1775750008472	1200	200	16	15
1775750008454	1301	200	18	16
1775750008601	1386	200	19	16
1775750008596	1394	200	19	15
1775750008718	1572	200	20	15
1775750008807	1857	200	23	17
1775750008881	2365	200	27	20
1775750008900	2348	200	27	19
1775750009017	2475	200	29	20
1775750009078	2511	200	30	20
1775750009103	3144	200	38	27
1775750009189	3063	200	39	27
1775750009625	3064	200	40	27
1775750009195	3503	200	40	26
1775750009691	3505	200	43	28
1775750009657	3544	200	43	27
1775750009948	3651	200	48	31
1775750009740	3973	200	49	31
1775750010068	4033	200	51	32
1775750010343	3909	200	51	31
1775750010412	4247	200	54	33
1775750010444	4252	200	54	32
1775750010685	4410	200	58	35
1775750010804	4322	200	59	35
1775750010917	4584	200	59	34
1775750010954	4656	200	60	34
1775750011357	4825	200	63	36
1775750011306	4895	200	63	35
1775750011656	4957	200	68	39
1775750011530	5089	200	68	38
1775750011799	5302	200	71	40
1775750011997	5168	200	71	39
1775750012145	5423	200	76	43
1775750012040	5656	200	78	44
1775750012153	5841	200	79	44
1775750012194	5876	200	79	43
1775750012215	6204	200	83	46
1775750012253	6259	200	85	47
1775750012266	6590	200	90	51
1775750012888	6126	200	90	50
1775750012916	6520	200	93	52
1775750012990	6557	200	94	52
1775750013358	6565	200	103	60
1775750013380	6646	200	104	60
1775750013417	6986	200	106	61
1775750013443	7066	200	106	60
1775750013539	7208	200	107	60
1775750013652	7275	200	108	60
1775750013772	7416	200	110	61
1775750013888	7498	200	110	60
1775750014299	7437	200	115	64
1775750014603	7236	200	117	65
1775750014607	7541	200	119	66
1775750014756	7532	200	121	67
1775750014766	7781	200	123	68
1775750014875	7889	200	125	69
1775750015011	8137	200	132	75
1775750015110	8402	200	136	78
1775750015520	8292	200	141	82
1775750015790	8269	200	146	86
1775750015947	8468	200	151	90
1775750016039	8487	200	152	90
1775750016215	8547	200	155	92
1775750016282	8582	200	156	92
1775750016317	8749	200	163	98
1775750016425	8870	200	163	97
1775750016609	9243	200	169	102
1775750016634	9603	200	177	109
1775750016892	9641	200	177	108
1775750016906	9645	200	177	107
1775750017192	9511	200	177	106
1775750017348	9541	200	178	106
1775750017369	10043	200	184	111
1775750017401	10340	200	186	112
1775750017483	10597	200	189	114
1775750017644	10710	200	192	116
1775750017649	10902	200	197	120
1775750017798	10898	200	200	122
1775750018213	10687	200	201	122
1775750018232	10767	200	202	122
1775750018342	10878	200	205	124
1775750018395	11115	200	208	126
1775750018479	11707	200	210	127
1775750018508	11873	200	214	130
1775750018570	11998	200	216	131
1775750018584	12039	200	217	131
1775750018621	12296	200	219	132
1775750018714	12303	200	221	133
1775750018797	12629	200	224	135
1775750019049	12526	200	232	142
1775750019178	12912	200	237	146
1775750019112	13081	200	239	147
1775750019465	13077	200	240	147
1775750019656	12982	200	240	146
1775750019676	13357	200	244	149
1775750019680	13531	200	246	150
1775750019726	13716	200	248	151
1775750019755	13964	200	248	150
1775750019797	14322	200	253	154
1775750019799	14610	200	253	153
1775750019824	14878	200	262	161
1775750019840	15120	200	264	162
1775750019953	15405	200	268	165
1775750020161	15514	200	275	171
1775750020166	15710	200	277	172
1775750020747	15257	200	278	172
1775750020866	15321	200	279	172
1775750020936	15482	200	282	174
1775750021105	15598	200	283	174
1775750021496	15746	200	292	182
1775750021501	15972	200	295	184
1775750021530	16344	200	297	185
1775750021509	16425	200	297	184
1775750021674	16534	200	302	188
1775750021767	16533	200	302	187
1775750021764	16842	200	305	189
1775750022074	16797	200	306	189
1775750022134	17143	200	311	193
1775750022183	17366	200	313	194
1775750022203	17821	200	321	201
1775750022309	17821	200	321	200
1775750022344	17941	200	321	199
1775750022674	17636	200	321	198
1775750022697	17968	200	323	199
1775750022810	18176	200	325	200
1775750022813	18812	200	337	211
1775750022875	18954	200	340	213
1775750022942	19121	200	345	217
1775750023005	19160	200	345	216
1775750023012	19456	200	350	220
1775750023016	19651	200	351	220
1775750023300	19961	200	352	220
1775750023364	20102	200	354	221
1775750023464	20467	200	358	224
1775750023473	20661	200	358	223
1775750023530	20664	200	358	222
1775750023530	20839	200	359	222
1775750023549	21044	200	362	224
1775750023695	21471	200	367	228
1775750023797	21759	200	370	230
1775750023957	21878	200	371	230
1775750023963	21918	200	372	230
1775750023974	22108	200	373	230
1775750023990	22287	200	375	231
1775750024033	22759	200	379	234
1775750024153	22778	200	380	234
1775750024391	23165	200	383	236
1775750024200	23469	200	383	235
1775750024402	23510	200	388	239
1775750024403	23689	200	389	239
1775750024434	23915	200	390	239
1775750024588	24038	200	393	241
1775750024647	24517	200	399	246
1775750024732	24733	200	406	252
1775750024764	25030	200	408	253
1775750024890	25177	200	414	258
1775750024922	25296	200	415	258
1775750024936	25477	200	417	259
1775750024946	25579	200	419	260
1775750024972	25847	200	422	262
1775750024981	26257	200	428	267
1775750025016	26771	200	430	268
1775750025344	26585	200	431	268
1775750025367	26826	200	433	269
1775750025392	26942	200	435	270
1775750025424	27218	200	437	271
1775750025549	27223	200	438	271
1775750025786	27275	200	442	274
1775750025877	27466	200	446	277
1775750025953	27612	200	454	284
1775750026034	27816	200	458	287
1775750026074	28081	200	459	287
1775750026158	28308	200	461	288
1775750026157	28576	200	466	292
1775750026193	28774	200	468	293
1775750026199	29072	200	471	295
1775750026785	28699	200	473	296
1775750026994	28771	200	475	297
1775750027029	28948	200	475	296
1775750027024	29157	200	478	298
1775750027055	29426	200	479	298
1775750027120	29551	200	481	299
1775750027131	29841	200	485	302
1775750027647	29538	200	487	303
1775750027684	29699	200	490	305
1775750027780	29902	200	496	310
1775750027863	30032	200	498	311
1775750027887	30300	200	500	312
1775750028113	30284	200	505	316
1775750028217	30493	200	510	320
1775750028221	30691	200	512	321
1775750028359	30937	200	515	323
1775750028369	31140	200	516	323
1775750028401	31397	200	521	327
1775750028458	31589	200	523	328
1775750028487	31929	200	526	330
1775750028569	32097	200	529	332
1775750028585	32607	200	534	336
1775750028663	32657	200	534	335
1775750028811	32706	200	540	340
1775750028937	32681	200	541	340
1775750029062	32857	200	543	341
1775750029144	33094	200	549	346
1775750029155	33532	200	555	351
1775750029224	33772	200	559	354
1775750029253	34042	200	563	357
1775750029394	34183	200	565	358
1775750030058	33728	200	567	359
1775750030081	33902	200	568	359
1775750030207	34002	200	570	360
1775750030230	34184	200	573	362
1775750030296	34261	200	574	362
1775750030369	34400	200	576	363
1775750030497	34504	200	577	363
1775750030562	34887	200	582	367
1775750030606	35144	200	584	368
1775750030812	35227	200	587	370
1775750030855	35310	200	588	370
1775750030980	35332	200	589	370
1775750030967	35513	200	591	371
1775750031228	35544	200	595	374
1775750031281	35796	200	596	374
1775750031304	36062	200	599	376
1775750031450	36118	200	599	375
1775750031453	36329	200	603	378
1775750031471	36522	200	606	380
1775750031486	36778	200	612	385
1775750031523	36945	200	613	385
1775750031541	37121	200	616	387
1775750031561	37329	200	620	390
1775750067112	-1	-1	621	390
1775750031573	37689	200	622	390
1775750067288	-1	-1	624	391
1775750067309	-1	-1	624	390
1775750031727	37741	200	626	391
1775750067590	-1	-1	627	391
1775750067615	-1	-1	628	391
1775750067668	-1	-1	628	390
1775750067676	-1	-1	628	389
1775750031778	37989	200	630	390
1775750067873	-1	-1	632	391
1775750067885	-1	-1	632	390
1775750031789	38181	200	632	389
1775750067981	-1	-1	632	388
1775750068080	-1	-1	632	387
1775750068153	-1	-1	633	387
1775750068193	-1	-1	633	386
1775750068204	-1	-1	633	385
1775750068207	-1	-1	633	384
1775750031791	38435	200	633	383
1775750068251	-1	-1	633	382
1775750068403	-1	-1	636	384
1775750032089	38413	200	638	385
1775750068552	-1	-1	638	384
1775750068630	-1	-1	639	384
1775750068653	-1	-1	640	384
1775750068687	-1	-1	640	383
1775750068766	-1	-1	642	384
1775750068777	-1	-1	642	383
1775750032118	38678	200	642	382
1775750068813	-1	-1	642	381
1775750032130	38935	200	644	382
1775750069101	-1	-1	644	381
1775750069158	-1	-1	645	381
1775750032345	38932	200	647	382
1775750069268	-1	-1	647	382
1775750069279	-1	-1	647	380
1775750069316	-1	-1	648	380
1775750069353	-1	-1	648	379
1775750069515	-1	-1	648	378
1775750069601	-1	-1	648	377
1775750032682	39068	200	649	377
1775750069747	-1	-1	649	376
1775750069766	-1	-1	649	375
1775750069838	-1	-1	650	375
1775750069877	-1	-1	650	374
1775750032785	39332	200	651	374
1775750070104	-1	-1	651	373
1775750070273	-1	-1	651	372
1775750070367	-1	-1	653	373
1775750070367	-1	-1	653	372
1775750070409	-1	-1	653	371
1775750070495	-1	-1	654	371
1775750033006	39531	200	655	371
1775750070572	-1	-1	656	371
1775750070666	-1	-1	656	370
1775750070699	-1	-1	656	369
1775750033016	39729	200	656	368
1775750070770	-1	-1	656	367
1775750033081	39804	200	658	368
1775750070919	-1	-1	660	369
1775750033201	39866	200	662	370
1775750033232	40123	200	666	373
1775750033350	40407	200	667	373
1775750033749	40212	200	668	373
1775750033834	40430	200	672	376
1775750033961	40499	200	675	378
1775750034059	40807	200	680	382
1775750034109	40871	200	681	382
1775750034449	40911	200	685	385
1775750034460	41025	200	687	386
1775750034472	41390	200	690	388
1775750034502	41462	200	691	388
1775750034526	41839	200	693	389
1775750034540	41852	200	693	388
1775750074462	-1	-1	694	388
1775750074515	-1	-1	695	388
1775750074663	-1	-1	696	388
1775750074665	-1	-1	696	387
1775750074743	-1	-1	697	387
1775750034563	42207	200	697	386
1775750034598	42296	200	697	385
1775750074964	-1	-1	697	384
1775750075014	-1	-1	697	383
1775750075106	-1	-1	697	382
1775750075142	-1	-1	697	381
1775750034617	42582	200	697	380
1775750075282	-1	-1	697	379
1775750034836	42533	200	698	379
1775750075424	-1	-1	699	379
1775750075456	-1	-1	699	378
1775750075530	-1	-1	700	378
1775750034881	42791	200	700	377
1775750075696	-1	-1	700	376
1775750075730	-1	-1	700	375
1775750035004	42876	200	700	374
1775750075949	-1	-1	700	373
1775750035007	43174	200	705	377
1775750076261	-1	-1	705	376
1775750076263	-1	-1	705	375
1775750035257	43125	200	708	377
1775750076395	-1	-1	708	376
1775750076497	-1	-1	708	375
1775750076586	-1	-1	708	374
1775750076681	-1	-1	708	373
1775750035345	43376	200	709	373
1775750035384	43605	200	714	377
1775750077312	-1	-1	720	382
1775750077381	-1	-1	722	383
1775750035434	43952	200	722	382
1775750077539	-1	-1	722	381
1775750035518	44073	200	722	380
1775750035610	44197	200	725	382
1775750077957	-1	-1	727	383
1775750078039	-1	-1	727	382
1775750035615	44453	200	727	381
1775750078075	-1	-1	727	380
1775750078091	-1	-1	727	379
1775750078173	-1	-1	727	378
1775750078315	-1	-1	728	378
1775750035621	44736	200	728	377
1775750078357	-1	-1	728	376
1775750078373	-1	-1	728	375
1775750035638	44937	200	729	375
1775750078695	-1	-1	731	376
1775750035678	45101	200	732	376
1775750078778	-1	-1	732	375
1775750078785	-1	-1	732	374
1775750078816	-1	-1	732	373
1775750078826	-1	-1	732	372
1775750078872	-1	-1	732	371
1775750035860	45232	200	734	372
1775750035972	45337	200	738	375
1775750036056	45547	200	743	379
1775750036264	45606	200	746	381
1775750036369	45653	200	748	382
1775750036371	45921	200	751	384
1775750036671	45801	200	754	386
1775750036762	45977	200	758	389
1775750036828	46102	200	759	389
1775750036837	46385	200	762	391
1775750036991	46441	200	764	392
1775750081503	-1	-1	764	391
1775750081514	-1	-1	764	390
1775750081659	-1	-1	765	390
1775750037102	46641	200	765	389
1775750081795	-1	-1	767	390
1775750081817	-1	-1	767	389
1775750037148	46708	200	767	388
1775750081902	-1	-1	767	387
1775750081990	-1	-1	767	386
1775750082137	-1	-1	769	387
1775750082179	-1	-1	769	386
1775750082208	-1	-1	769	385
1775750037150	47081	200	770	385
1775750082337	-1	-1	771	385
1775750082364	-1	-1	771	384
1775750037171	47265	200	773	385
1775750082443	-1	-1	773	384
1775750082487	-1	-1	774	384
1775750082568	-1	-1	774	383
1775750082594	-1	-1	774	382
1775750037199	47438	200	774	381
1775750082646	-1	-1	774	380
1775750082745	-1	-1	774	379
1775750037263	47616	200	775	379
1775750082984	-1	-1	775	378
1775750083126	-1	-1	780	382
1775750083138	-1	-1	780	381
1775750037336	47844	200	780	380
1775750083410	-1	-1	781	380
1775750083414	-1	-1	781	379
1775750037378	48178	200	781	378
1775750083642	-1	-1	781	377
1775750037536	48215	200	782	377
1775750083748	-1	-1	782	376
1775750083760	-1	-1	782	375
1775750037784	48269	200	786	378
1775750084137	-1	-1	787	378
1775750084140	-1	-1	787	377
1775750037953	48216	200	787	376
1775750084232	-1	-1	787	375
1775750084317	-1	-1	787	374
1775750084398	-1	-1	787	373
1775750084419	-1	-1	787	372
1775750084452	-1	-1	788	372
1775750038012	48462	200	788	371
1775750038101	48556	200	790	372
1775750084812	-1	-1	791	372
1775750085001	-1	-1	791	371
1775750085010	-1	-1	791	370
1775750085021	-1	-1	791	369
1775750085049	-1	-1	791	368
1775750038182	48886	200	791	367
1775750085091	-1	-1	791	366
1775750038182	49008	200	797	371
1775750085354	-1	-1	797	370
1775750038383	49204	200	799	371
1775750038398	49286	200	800	371
1775750085684	-1	-1	800	370
1775750085848	-1	-1	803	372
1775750085913	-1	-1	803	371
1775750085951	-1	-1	803	370
1775750085967	-1	-1	803	369
1775750038404	49644	200	803	368
1775750038747	49439	200	805	369
1775750038881	49695	200	807	370
1775750038974	49702	200	809	371
1775750038973	50009	200	813	374
1775750038998	50123	200	813	373
1775750039267	50238	200	815	374
1775750039518	50072	200	815	373
1775750039522	50471	200	822	379
1775750039603	50470	200	822	378
1775750039617	50878	200	825	380
1775750039683	50877	200	827	381
1775750039731	51190	200	831	384
1775750039770	51226	200	832	384
1775750039844	51552	200	838	389
1775750039881	51580	200	838	388
1775750089856	-1	-1	846	395
1775750089927	-1	-1	847	395
1775750039982	51984	200	847	394
1775750040427	51549	200	847	393
1775750089982	-1	-1	847	392
1775750090238	-1	-1	852	396
1775750040583	51727	200	852	395
1775750090327	-1	-1	852	394
1775750040738	51683	200	853	394
1775750090463	-1	-1	853	393
1775750090506	-1	-1	853	392
1775750090515	-1	-1	853	391
1775750090621	-1	-1	854	391
1775750090739	-1	-1	854	390
1775750090921	-1	-1	857	392
1775750090921	-1	-1	858	392
1775750090989	-1	-1	858	391
1775750091020	-1	-1	858	390
1775750091035	-1	-1	858	389
1775750091070	-1	-1	858	388
1775750040836	52238	200	858	387
1775750041006	52192	200	858	386
1775750091309	-1	-1	859	386
1775750091319	-1	-1	859	385
1775750091324	-1	-1	859	384
1775750041180	52248	200	859	383
1775750091501	-1	-1	859	382
1775750041211	52295	200	859	381
1775750091509	-1	-1	859	380
1775750091593	-1	-1	859	379
1775750091650	-1	-1	859	378
1775750091755	-1	-1	862	380
1775750091761	-1	-1	862	379
1775750091795	-1	-1	862	378
1775750041229	52575	200	862	377
1775750091804	-1	-1	862	376
1775750091862	-1	-1	863	376
1775750092011	-1	-1	865	377
1775750092031	-1	-1	865	376
1775750092057	-1	-1	865	375
1775750092067	-1	-1	865	374
1775750041239	52862	200	865	373
1775750092237	-1	-1	868	375
1775750092402	-1	-1	868	374
1775750041386	53169	200	870	375
1775750092581	-1	-1	870	374
1775750092752	-1	-1	872	375
1775750092878	-1	-1	873	375
1775750092905	-1	-1	873	374
1775750092925	-1	-1	873	373
1775750041398	53559	200	873	372
1775750093230	-1	-1	881	379
1775750041480	53768	200	881	378
1775750041485	54048	200	881	377
1775750041505	54141	200	881	376
1775750093675	-1	-1	881	375
1775750093733	-1	-1	881	374
1775750093752	-1	-1	881	373
1775750093810	-1	-1	881	372
1775750041530	54372	200	884	374
1775750093901	-1	-1	884	373
1775750093942	-1	-1	886	374
1775750041618	54553	200	888	375
1775750041691	54684	200	890	376
1775750041706	54963	200	893	378
1775750041787	55344	200	899	383
1775750041939	55680	200	904	387
1775750041927	55913	200	907	389
1775750041961	56199	200	913	394
1775750042022	56194	200	913	393
1775750042035	56523	200	915	394
1775750096634	-1	-1	916	394
1775750042178	56579	200	917	394
1775750096822	-1	-1	919	395
1775750096839	-1	-1	919	394
1775750096945	-1	-1	919	393
1775750097040	-1	-1	920	393
1775750097091	-1	-1	921	393
1775750097091	-1	-1	921	392
1775750097168	-1	-1	922	392
1775750042243	57010	200	922	391
1775750097330	-1	-1	922	390
1775750042360	57100	200	924	391
1775750097469	-1	-1	924	390
1775750097495	-1	-1	924	389
1775750097579	-1	-1	925	389
1775750097623	-1	-1	925	388
1775750097723	-1	-1	926	388
1775750097814	-1	-1	926	387
1775750097843	-1	-1	926	386
1775750097867	-1	-1	926	385
1775750097877	-1	-1	926	384
1775750042393	57548	200	928	385
1775750097989	-1	-1	928	384
1775750098063	-1	-1	930	385
1775750098084	-1	-1	931	385
1775750042424	57690	200	931	384
1775750098356	-1	-1	934	386
1775750042648	57719	200	934	385
1775750098373	-1	-1	934	384
1775750042923	57630	200	937	386
1775750098581	-1	-1	938	386
1775750098670	-1	-1	938	385
1775750043290	57516	200	941	387
1775750098810	-1	-1	941	386
1775750098820	-1	-1	941	385
1775750098977	-1	-1	941	384
1775750043300	57691	200	941	383
1775750099073	-1	-1	942	383
1775750099147	-1	-1	942	382
1775750043605	57665	200	942	381
1775750099393	-1	-1	944	382
1775750099433	-1	-1	944	381
1775750043645	57906	200	944	380
1775750099562	-1	-1	944	379
1775750099728	-1	-1	945	379
1775750043736	58114	200	947	380
1775750099912	-1	-1	947	379
1775750099918	-1	-1	947	378
1775750100012	-1	-1	947	377
1775750100039	-1	-1	947	376
1775750100074	-1	-1	947	375
1775750100175	-1	-1	949	376
1775750100191	-1	-1	950	376
1775750043799	58435	200	951	376
1775750100336	-1	-1	954	378
1775750100398	-1	-1	956	379
1775750100451	-1	-1	956	378
1775750044232	58280	200	956	377
1775750100513	-1	-1	956	376
1775750100556	-1	-1	956	375
1775750100684	-1	-1	957	375
1775750100768	-1	-1	957	374
1775750100795	-1	-1	957	373
1775750044398	58415	200	957	372
1775750101007	-1	-1	960	374
1775750044469	58655	200	961	374
1775750101331	-1	-1	965	377
1775750044550	58792	200	965	376
1775750101353	-1	-1	965	375
1775750044725	58885	200	967	376
1775750101722	-1	-1	969	377
1775750101767	-1	-1	971	378
1775750101777	-1	-1	971	377
1775750044931	58890	200	971	376
1775750045006	59158	200	978	382
1775750045066	59281	200	980	383
1775750102372	-1	-1	981	383
1775750045124	59490	200	984	385
1775750045203	59640	200	988	388
1775750102864	-1	-1	989	388
1775750045261	59856	200	993	391
1775750045279	60096	200	995	392
1775750045592	59980	200	996	392
1775750045845	60000	200	1000	395
1775750103889	-1	-1	1000	394
1775750103933	-1	-1	1000	393
1775750103953	-1	-1	1001	393
1775750103985	-1	-1	1001	392
1775750045990	60070	200	1001	391
1775750104390	-1	-1	1008	397
1775750104398	-1	-1	1008	396
1775750046171	60250	200	1008	395
1775750104450	-1	-1	1008	394
1775750046181	60442	200	1012	397
1775750104688	-1	-1	1014	398
1775750104693	-1	-1	1014	397
1775750104729	-1	-1	1015	397
1775750104748	-1	-1	1015	396
1775750046368	60395	200	1015	395
1775750104868	-1	-1	1016	395
1775750104923	-1	-1	1016	394
1775750105001	-1	-1	1019	396
1775750046416	60653	200	1019	395
1775750105083	-1	-1	1019	394
1775750105111	-1	-1	1020	394
1775750046526	60703	200	1022	395
1775750105244	-1	-1	1022	394
1775750105283	-1	-1	1023	394
1775750105561	-1	-1	1025	395
1775750046726	60842	200	1025	394
1775750105667	-1	-1	1025	393
1775750046843	60829	200	1025	392
1775750105732	-1	-1	1027	393
1775750105731	-1	-1	1027	392
1775750105766	-1	-1	1028	392
1775750046991	60905	200	1031	394
1775750105938	-1	-1	1031	393
1775750106152	-1	-1	1033	394
1775750047121	61054	200	1033	393
1775750106185	-1	-1	1033	392
1775750106197	-1	-1	1033	391
1775750106229	-1	-1	1034	391
1775750106321	-1	-1	1037	393
1775750106334	-1	-1	1037	392
1775750106370	-1	-1	1038	392
1775750106464	-1	-1	1038	391
1775750047329	61150	200	1038	390
1775750106492	-1	-1	1038	389
1775750106540	-1	-1	1038	388
1775750106586	-1	-1	1039	388
1775750106681	-1	-1	1041	389
1775750106691	-1	-1	1041	388
1775750106726	-1	-1	1041	387
1775750047722	61059	200	1041	386
1775750106846	-1	-1	1041	385
1775750106932	-1	-1	1041	384
1775750106939	-1	-1	1041	383
1775750047786	61200	200	1041	382
1775750106979	-1	-1	1041	381
1775750107115	-1	-1	1041	380
1775750107156	-1	-1	1042	380
1775750107221	-1	-1	1042	379
1775750107280	-1	-1	1042	378
1775750047795	61583	200	1044	379
1775750047884	61659	200	1044	378
1775750107567	-1	-1	1045	378
1775750107567	-1	-1	1045	378
1775750107724	-1	-1	1046	377
1775750107729	-1	-1	1046	376
1775750107748	-1	-1	1047	376
1775750107812	-1	-1	1047	375
1775750107843	-1	-1	1048	375
1775750047902	61953	200	1049	375
1775750107866	-1	-1	1049	374
1775750047928	62142	200	1049	373
1775750108139	-1	-1	1050	373
1775750108151	-1	-1	1050	372
1775750108208	-1	-1	1050	371
1775750108255	-1	-1	1051	371
1775750108267	-1	-1	1051	370
1775750108315	-1	-1	1051	369
1775750048186	62165	200	1051	368
1775750108355	-1	-1	1051	367
1775750048395	62193	200	1052	367
1775750108586	-1	-1	1052	366
1775750108622	-1	-1	1054	367
1775750108626	-1	-1	1054	366
1775750048536	62314	200	1057	368
1775750048588	62460	200	1058	368
1775750048691	62703	200	1061	370
1775750048796	62959	200	1065	373
1775750049066	62890	200	1066	373
1775750049090	63124	200	1072	378
1775750049106	63306	200	1075	380
1775750049113	63501	200	1076	380
1775750049297	63519	200	1079	382
1775750049352	63759	200	1083	385
1775750049352	63970	200	1084	385
1775750049363	64180	200	1090	390
1775750049392	64421	200	1092	391
1775750049405	64626	200	1098	396
1775750049441	64883	200	1100	397
1775750112331	-1	-1	1100	396
1775750112410	-1	-1	1101	396
1775750112489	-1	-1	1103	397
1775750049845	64682	200	1103	396
1775750112642	-1	-1	1106	398
1775750112646	-1	-1	1106	397
1775750112742	-1	-1	1108	398
1775750049487	65340	200	1109	398
1775750112844	-1	-1	1110	398
1775750112908	-1	-1	1111	398
1775750113025	-1	-1	1111	397
1775750113087	-1	-1	1111	396
1775750049517	65627	200	1112	396
1775750113175	-1	-1	1112	395
1775750113404	-1	-1	1113	395
1775750113416	-1	-1	1113	394
1775750113429	-1	-1	1113	393
1775750113488	-1	-1	1113	392
1775750113525	-1	-1	1113	391
1775750113538	-1	-1	1113	390
1775750049874	65723	200	1114	390
1775750049894	65841	200	1115	390
1775750113741	-1	-1	1115	389
1775750113781	-1	-1	1115	388
1775750113820	-1	-1	1116	388
1775750113826	-1	-1	1116	387
1775750113836	-1	-1	1116	386
1775750113921	-1	-1	1117	386
1775750113943	-1	-1	1117	385
1775750114012	-1	-1	1119	386
1775750114062	-1	-1	1119	385
1775750114114	-1	-1	1120	385
1775750050043	66172	200	1123	387
1775750050061	66259	200	1123	386
1775750114395	-1	-1	1125	387
1775750114436	-1	-1	1125	386
1775750114479	-1	-1	1126	386
1775750114576	-1	-1	1126	385
1775750114616	-1	-1	1127	385
1775750114630	-1	-1	1128	385
1775750050045	66593	200	1128	384
1775750114694	-1	-1	1129	384
1775750114714	-1	-1	1129	383
1775750050314	66435	200	1129	382
1775750114771	-1	-1	1130	382
1775750114837	-1	-1	1131	382
1775750114910	-1	-1	1131	381
1775750050090	66974	200	1132	381
1775750115127	-1	-1	1133	381
1775750050387	66855	200	1135	382
1775750115393	-1	-1	1138	384
1775750115546	-1	-1	1138	383
1775750050480	67068	200	1138	382
1775750115669	-1	-1	1139	382
1775750050503	67243	200	1143	385
1775750115804	-1	-1	1143	384
1775750115893	-1	-1	1143	383
1775750115986	-1	-1	1144	383
1775750116001	-1	-1	1144	382
1775750116108	-1	-1	1145	382
1775750116148	-1	-1	1146	382
1775750050696	67463	200	1146	381
1775750116172	-1	-1	1146	380
1775750116201	-1	-1	1146	379
1775750116351	-1	-1	1147	379
1775750116393	-1	-1	1148	379
1775750050609	67804	200	1148	378
1775750116486	-1	-1	1148	377
1775750116616	-1	-1	1149	377
1775750116636	-1	-1	1149	376
1775750116676	-1	-1	1149	375
1775750116751	-1	-1	1149	374
1775750116805	-1	-1	1150	374
1775750050706	68113	200	1150	373
1775750051051	67903	200	1152	374
1775750051181	68077	200	1156	377
1775750051051	68370	200	1158	378
1775750051097	68666	200	1163	382
1775750117992	-1	-1	1166	384
1775750051225	68804	200	1166	383
1775750051543	68886	200	1169	385
1775750051230	69349	200	1172	387
1775750051539	69237	200	1175	389
1775750052239	68719	200	1178	391
1775750051824	69357	200	1180	392
1775750051940	69490	200	1185	396
1775750119554	-1	-1	1189	399
1775750119603	-1	-1	1189	398
1775750119606	-1	-1	1189	397
1775750119661	-1	-1	1189	396
1775750052157	69629	200	1190	396
1775750119794	-1	-1	1190	395
1775750119895	-1	-1	1192	396
1775750119941	-1	-1	1192	395
1775750120104	-1	-1	1193	395
1775750120164	-1	-1	1195	396
1775750052262	69922	200	1195	395
1775750120299	-1	-1	1196	395
1775750052364	70034	200	1198	396
1775750120470	-1	-1	1199	396
1775750120468	-1	-1	1199	395
1775750120505	-1	-1	1200	395
1775750120605	-1	-1	1201	395
1775750120629	-1	-1	1201	394
1775750052713	69997	200	1202	394
1775750120772	-1	-1	1203	394
1775750120905	-1	-1	1204	394
1775750120914	-1	-1	1204	393
1775750120925	-1	-1	1204	392
1775750120994	-1	-1	1204	391
1775750121066	-1	-1	1204	390
1775750052615	70480	200	1204	389
1775750121207	-1	-1	1204	388
1775750121243	-1	-1	1204	387
1775750121272	-1	-1	1204	386
1775750121291	-1	-1	1204	385
1775750052953	70437	200	1205	385
1775750121398	-1	-1	1205	384
1775750121455	-1	-1	1206	384
1775750121466	-1	-1	1206	383
1775750121501	-1	-1	1206	382
1775750121539	-1	-1	1207	382
1775750052846	70768	200	1207	381
1775750121741	-1	-1	1208	381
1775750121817	-1	-1	1209	381
1775750121867	-1	-1	1209	380
1775750053016	70877	200	1210	380
1775750121990	-1	-1	1211	380
1775750052986	71104	200	1213	381
1775750122127	-1	-1	1214	381
1775750122146	-1	-1	1214	380
1775750122205	-1	-1	1215	380
1775750053064	71298	200	1215	379
1775750122361	-1	-1	1215	378
1775750122374	-1	-1	1215	377
1775750122463	-1	-1	1215	376
1775750122486	-1	-1	1215	375
1775750122563	-1	-1	1217	376
1775750122662	-1	-1	1219	377
1775750053129	71541	200	1219	376
1775750122715	-1	-1	1219	375
1775750122821	-1	-1	1219	374
1775750053140	71825	200	1221	375
1775750053327	71940	200	1224	377
1775750123374	-1	-1	1224	376
1775750123406	-1	-1	1224	375
1775750123517	-1	-1	1225	375
1775750053366	72348	200	1226	375
1775750123717	-1	-1	1226	374
1775750123778	-1	-1	1229	376
1775750123895	-1	-1	1230	376
1775750123923	-1	-1	1230	375
1775750053369	72668	200	1232	376
1775750124051	-1	-1	1232	375
1775750124075	-1	-1	1232	374
1775750124118	-1	-1	1233	374
1775750124161	-1	-1	1233	373
1775750124540	-1	-1	1237	376
1775750124540	-1	-1	1237	375
1775750124576	-1	-1	1238	375
1775750124611	-1	-1	1238	374
1775750124884	-1	-1	1239	374
1775750053450	73467	200	1239	373
1775750124960	-1	-1	1239	372
1775750124988	-1	-1	1239	371
1775750053526	73508	200	1239	370
1775750053534	73913	200	1243	373
1775750053492	74151	200	1245	374
1775750053544	74912	200	1251	379
1775750053652	75253	200	1255	382
1775750053565	76138	200	1264	390
1775750053586	76250	200	1265	390
1775750054054	76174	200	1270	394
1775750053691	76666	200	1272	395
1775750128504	-1	-1	1275	397
1775750128516	-1	-1	1275	396
1775750128737	-1	-1	1279	399
1775750053822	76948	200	1279	398
1775750128838	-1	-1	1279	397
1775750128929	-1	-1	1281	398
1775750129059	-1	-1	1283	399
1775750054366	76865	200	1284	399
1775750129301	-1	-1	1285	399
1775750129311	-1	-1	1285	398
1775750129378	-1	-1	1287	399
1775750129425	-1	-1	1287	398
1775750129549	-1	-1	1287	397
1775750129621	-1	-1	1288	397
1775750129632	-1	-1	1289	397
1775750129834	-1	-1	1292	399
1775750129851	-1	-1	1293	399
1775750054470	77515	200	1295	400
1775750054438	77553	200	1296	400
1775750130109	-1	-1	1296	399
1775750130134	-1	-1	1296	398
1775750130134	-1	-1	1296	398
1775750130161	-1	-1	1296	396
1775750130286	-1	-1	1297	396
1775750130313	-1	-1	1297	395
1775750054538	77842	200	1298	395
1775750054556	77913	200	1300	396
1775750130468	-1	-1	1300	395
1775750130473	-1	-1	1300	394
1775750130499	-1	-1	1300	393
1775750130534	-1	-1	1300	392
1775750130590	-1	-1	1300	391
1775750130621	-1	-1	1300	390
1775750130676	-1	-1	1300	389
1775750130854	-1	-1	1302	390
1775750130912	-1	-1	1302	389
1775750131000	-1	-1	1303	389
1775750131059	-1	-1	1303	388
1775750131072	-1	-1	1303	387
1775750054914	78321	200	1303	386
1775750054590	78700	200	1303	385
1775750131299	-1	-1	1303	384
1775750131341	-1	-1	1303	383
1775750131347	-1	-1	1303	382
1775750131582	-1	-1	1304	382
1775750131636	-1	-1	1305	382
1775750055219	78431	200	1305	381
1775750131695	-1	-1	1306	381
1775750131697	-1	-1	1306	380
1775750054708	79026	200	1306	379
1775750131811	-1	-1	1308	380
1775750131851	-1	-1	1308	379
1775750131869	-1	-1	1308	378
1775750131964	-1	-1	1309	378
1775750131990	-1	-1	1309	377
1775750132251	-1	-1	1310	377
1775750054920	79399	200	1311	377
1775750055184	79156	200	1313	378
1775750132358	-1	-1	1313	377
1775750132389	-1	-1	1314	377
1775750132434	-1	-1	1314	376
1775750132696	-1	-1	1318	379
1775750132791	-1	-1	1318	378
1775750055119	79677	200	1318	377
1775750055287	79569	200	1318	376
1775750132980	-1	-1	1320	377
1775750055426	79830	200	1325	381
1775750055665	79686	200	1326	381
1775750133361	-1	-1	1326	380
1775750133614	-1	-1	1330	383
1775750133688	-1	-1	1330	382
1775750133737	-1	-1	1331	382
1775750055762	80035	200	1331	381
1775750133804	-1	-1	1331	380
1775750056008	79869	200	1332	380
1775750133934	-1	-1	1333	380
1775750134156	-1	-1	1335	381
1775750134310	-1	-1	1335	380
1775750134328	-1	-1	1335	379
1775750134335	-1	-1	1335	378
1775750134368	-1	-1	1338	380
1775750056065	80360	200	1338	379
1775750056627	79871	200	1338	378
1775750134518	-1	-1	1338	377
1775750134535	-1	-1	1338	376
1775750134680	-1	-1	1339	376
1775750134680	-1	-1	1339	376
1775750056156	80617	200	1340	375
1775750056389	80480	200	1342	376
1775750134942	-1	-1	1342	375
1775750134968	-1	-1	1343	375
1775750056626	80630	200	1344	375
1775750056863	80482	200	1346	376
1775750056718	81133	200	1352	381
1775750056693	81361	200	1353	381
1775750056773	81978	200	1356	383
1775750057201	81619	200	1357	383
1775750057086	82311	200	1366	391
1775750057128	82347	200	1366	390
1775750137719	-1	-1	1368	391
1775750137791	-1	-1	1368	390
1775750137801	-1	-1	1368	389
1775750137836	-1	-1	1370	390
1775750137940	-1	-1	1370	389
1775750057223	82757	200	1370	388
1775750057277	82801	200	1370	387
1775750138242	-1	-1	1372	388
1775750138528	-1	-1	1373	388
1775750057415	83126	200	1373	387
1775750057558	83115	200	1377	390
1775750138731	-1	-1	1378	390
1775750138758	-1	-1	1378	389
1775750138839	-1	-1	1380	390
1775750138864	-1	-1	1381	390
1775750138950	-1	-1	1382	390
1775750057510	83466	200	1382	389
1775750139043	-1	-1	1383	389
1775750139130	-1	-1	1383	388
1775750139156	-1	-1	1383	387
1775750057632	83536	200	1383	386
1775750139226	-1	-1	1384	386
1775750139257	-1	-1	1384	385
1775750139362	-1	-1	1385	385
1775750139572	-1	-1	1391	390
1775750057620	83973	200	1391	389
1775750139685	-1	-1	1393	390
1775750057649	84083	200	1393	389
1775750139827	-1	-1	1393	388
1775750139830	-1	-1	1393	387
1775750057732	84364	200	1396	389
1775750140151	-1	-1	1396	388
1775750057840	84342	200	1396	387
1775750140200	-1	-1	1396	386
1775750140387	-1	-1	1398	387
1775750057972	84612	200	1400	388
1775750140599	-1	-1	1400	387
1775750140627	-1	-1	1400	386
1775750140635	-1	-1	1400	385
1775750140649	-1	-1	1400	384
1775750057998	84691	200	1401	384
1775750140695	-1	-1	1401	383
1775750140763	-1	-1	1401	382
1775750140818	-1	-1	1401	381
1775750140867	-1	-1	1401	380
1775750140939	-1	-1	1402	380
1775750141026	-1	-1	1402	379
1775750058277	84816	200	1403	379
1775750141174	-1	-1	1403	378
1775750058349	84901	200	1403	377
1775750141266	-1	-1	1403	376
1775750141377	-1	-1	1405	377
1775750141384	-1	-1	1405	376
1775750141392	-1	-1	1405	375
1775750141445	-1	-1	1406	375
1775750141485	-1	-1	1406	374
1775750141516	-1	-1	1407	374
1775750141619	-1	-1	1407	373
1775750141676	-1	-1	1407	372
1775750058354	85396	200	1408	372
1775750058388	85463	200	1409	372
1775750141937	-1	-1	1411	373
1775750141941	-1	-1	1411	372
1775750142015	-1	-1	1413	373
1775750058500	85611	200	1415	374
1775750142209	-1	-1	1415	373
1775750058515	85779	200	1415	372
1775750142287	-1	-1	1415	371
1775750142411	-1	-1	1415	370
1775750058395	86100	200	1416	370
1775750142527	-1	-1	1416	369
1775750142679	-1	-1	1416	368
1775750058624	86172	200	1418	369
1775750142921	-1	-1	1421	371
1775750058854	86255	200	1422	371
1775750058692	86709	200	1426	374
1775750058696	87070	200	1430	377
1775750058902	87027	200	1431	377
1775750059291	87083	200	1434	379
1775750058939	87576	200	1436	380
1775750059246	87469	200	1440	383
1775750059360	87468	200	1440	382
1775750059617	87418	200	1442	383
1775750059574	87759	200	1447	387
1775750059695	88026	200	1452	391
1775750145901	-1	-1	1453	391
1775750146007	-1	-1	1454	391
1775750146016	-1	-1	1454	390
1775750059946	88142	200	1454	389
1775750146305	-1	-1	1457	391
1775750059769	88548	200	1457	390
1775750146432	-1	-1	1458	390
1775750146455	-1	-1	1458	389
1775750146536	-1	-1	1458	388
1775750146546	-1	-1	1458	387
1775750146573	-1	-1	1458	386
1775750146585	-1	-1	1458	385
1775750059765	88828	200	1458	384
1775750060026	88794	200	1459	384
1775750146852	-1	-1	1459	383
1775750146903	-1	-1	1461	384
1775750147079	-1	-1	1465	387
1775750147106	-1	-1	1465	386
1775750060247	88895	200	1465	385
1775750147148	-1	-1	1465	384
1775750147292	-1	-1	1468	386
1775750147304	-1	-1	1469	386
1775750147433	-1	-1	1469	385
1775750060059	89388	200	1469	384
1775750147557	-1	-1	1470	384
1775750147591	-1	-1	1470	383
1775750147600	-1	-1	1470	382
1775750147639	-1	-1	1470	381
1775750147830	-1	-1	1471	381
1775750060368	89541	200	1472	381
1775750148005	-1	-1	1473	381
1775750060554	89553	200	1475	382
1775750060567	89627	200	1476	382
1775750148272	-1	-1	1478	383
1775750148275	-1	-1	1478	382
1775750148293	-1	-1	1478	381
1775750060634	89744	200	1482	384
1775750148417	-1	-1	1482	383
1775750060715	89939	200	1482	382
1775750148817	-1	-1	1484	383
1775750148877	-1	-1	1487	385
1775750148886	-1	-1	1487	384
1775750148924	-1	-1	1488	384
1775750148936	-1	-1	1488	383
1775750149009	-1	-1	1489	383
1775750149068	-1	-1	1489	382
1775750149186	-1	-1	1489	381
1775750149213	-1	-1	1489	380
1775750149209	-1	-1	1489	379
1775750149314	-1	-1	1489	378
1775750060762	90657	200	1490	378
1775750149562	-1	-1	1493	380
1775750149704	-1	-1	1496	382
1775750060791	91054	200	1496	381
1775750149861	-1	-1	1496	380
1775750149970	-1	-1	1498	381
1775750150058	-1	-1	1498	380
1775750150076	-1	-1	1498	379
1775750150153	-1	-1	1499	379
1775750150220	-1	-1	1500	379
1775750150228	-1	-1	1500	379
1775750060893	91348	200	1500	377
1775750150314	-1	-1	1502	378
1775750150320	-1	-1	1502	378
1775750061033	91294	200	1503	377
1775750150330	-1	-1	1503	376
1775750150355	-1	-1	1503	375
1775750061340	91229	200	1504	375
1775750150662	-1	-1	1507	377
1775750150700	-1	-1	1507	376
1775750061359	91426	200	1508	376
1775750150824	-1	-1	1508	375
1775750150826	-1	-1	1508	374
1775750150846	-1	-1	1508	373
1775750150906	-1	-1	1508	372
1775750150944	-1	-1	1508	371
1775750061456	92070	200	1512	374
1775750061488	92269	200	1514	375
1775750061361	92748	200	1516	376
1775750061513	92708	200	1516	375
1775750061567	92894	200	1520	378
1775750061778	92776	200	1520	377
1775750061875	93004	200	1523	379
1775750061992	93109	200	1525	380
1775750062001	93594	200	1529	383
1775750061923	94076	200	1531	384
1775750062212	94111	200	1536	388
1775750154463	-1	-1	1538	389
1775750062152	94333	200	1538	388
1775750062284	94347	200	1539	388
1775750154676	-1	-1	1539	387
1775750154698	-1	-1	1539	386
1775750154688	-1	-1	1539	385
1775750062132	94691	200	1540	385
1775750154886	-1	-1	1540	384
1775750154962	-1	-1	1542	385
1775750062358	94715	200	1543	385
1775750155410	-1	-1	1544	385
1775750062468	94954	200	1544	384
1775750155457	-1	-1	1544	383
1775750155488	-1	-1	1544	382
1775750155490	-1	-1	1544	381
1775750062509	95238	200	1551	387
1775750155852	-1	-1	1552	387
1775750155867	-1	-1	1552	386
1775750156123	-1	-1	1557	390
1775750062464	95664	200	1557	389
1775750156159	-1	-1	1557	388
1775750156240	-1	-1	1557	387
1775750156322	-1	-1	1558	387
1775750156321	-1	-1	1558	386
1775750062958	95409	200	1559	386
1775750156450	-1	-1	1561	387
1775750156458	-1	-1	1561	386
1775750156551	-1	-1	1562	386
1775750062632	96091	200	1564	387
1775750156749	-1	-1	1564	386
1775750156920	-1	-1	1565	386
1775750062990	95959	200	1565	385
1775750156946	-1	-1	1565	384
1775750157054	-1	-1	1565	383
1775750157086	-1	-1	1565	382
1775750062711	96702	200	1565	381
1775750157540	-1	-1	1569	384
1775750157560	-1	-1	1569	383
1775750157569	-1	-1	1569	382
1775750062971	96620	200	1569	381
1775750157604	-1	-1	1569	380
1775750157652	-1	-1	1569	379
1775750157678	-1	-1	1569	378
1775750157703	-1	-1	1569	377
1775750157848	-1	-1	1569	376
1775750158028	-1	-1	1571	377
1775750063035	97005	200	1572	377
1775750158065	-1	-1	1572	376
1775750158071	-1	-1	1572	375
1775750158112	-1	-1	1574	376
1775750158108	-1	-1	1574	376
1775750063199	97031	200	1574	374
1775750158324	-1	-1	1575	374
1775750158351	-1	-1	1575	373
1775750158430	-1	-1	1575	372
1775750158435	-1	-1	1575	371
1775750158475	-1	-1	1576	371
1775750158610	-1	-1	1577	371
1775750158678	-1	-1	1578	371
1775750063261	97542	200	1578	370
1775750158840	-1	-1	1578	369
1775750063213	97787	200	1578	368
1775750159453	-1	-1	1588	377
1775750159460	-1	-1	1588	376
1775750063546	97947	200	1588	375
1775750159506	-1	-1	1588	374
1775750159540	-1	-1	1588	373
1775750063882	97781	200	1588	372
1775750063580	98324	200	1589	372
1775750159946	-1	-1	1589	371
1775750159990	-1	-1	1590	371
1775750063683	98347	200	1590	370
1775750063736	98680	200	1592	371
1775750064020	98504	200	1593	371
1775750064037	98795	200	1595	372
1775750064281	98829	200	1598	374
1775750064305	99208	200	1602	377
1775750064371	99449	200	1606	380
1775750064452	99722	200	1609	382
1775750064568	99845	200	1615	387
1775750064682	99995	200	1618	389
1775750064810	100166	200	1620	390
1775750065254	100039	200	1622	391
1775750065223	100250	200	1627	395
1775750163691	-1	-1	1630	397
1775750163716	-1	-1	1630	396
1775750163739	-1	-1	1630	395
1775750065419	100354	200	1630	394
1775750163876	-1	-1	1632	395
1775750065397	100587	200	1632	394
1775750164168	-1	-1	1633	394
1775750164171	-1	-1	1633	393
1775750164187	-1	-1	1633	392
1775750065416	100820	200	1633	391
1775750164292	-1	-1	1635	392
1775750164322	-1	-1	1635	391
1775750164338	-1	-1	1636	391
1775750164369	-1	-1	1636	390
1775750164380	-1	-1	1636	389
1775750164496	-1	-1	1637	389
1775750065553	100966	200	1638	389
1775750164630	-1	-1	1641	391
1775750164656	-1	-1	1641	390
1775750164691	-1	-1	1641	389
1775750065614	101105	200	1641	388
1775750164953	-1	-1	1646	392
1775750065855	101166	200	1647	392
1775750165030	-1	-1	1647	391
1775750165120	-1	-1	1649	392
1775750065876	101353	200	1649	391
1775750165394	-1	-1	1649	390
1775750165411	-1	-1	1649	389
1775750165442	-1	-1	1650	389
1775750165444	-1	-1	1650	389
1775750165458	-1	-1	1651	388
1775750165555	-1	-1	1652	388
1775750066100	101532	200	1653	388
1775750165671	-1	-1	1653	387
1775750165676	-1	-1	1653	386
1775750065913	101915	200	1654	386
1775750165834	-1	-1	1654	385
1775750165835	-1	-1	1654	384
1775750166023	-1	-1	1656	385
1775750066234	101921	200	1656	384
1775750166242	-1	-1	1656	383
1775750166294	-1	-1	1656	382
1775750066351	101980	200	1656	381
1775750166331	-1	-1	1656	380
1775750166481	-1	-1	1659	382
1775750166521	-1	-1	1659	381
1775750166539	-1	-1	1659	380
1775750166549	-1	-1	1659	379
1775750166588	-1	-1	1660	379
1775750066430	102225	200	1661	379
1775750166793	-1	-1	1663	380
1775750066495	102337	200	1663	379
1775750166835	-1	-1	1663	378
1775750166949	-1	-1	1665	379
1775750166958	-1	-1	1665	378
1775750166955	-1	-1	1665	377
1775750167009	-1	-1	1666	377
1775750167052	-1	-1	1667	377
1775750167094	-1	-1	1667	376
1775750066547	102607	200	1667	375
1775750066680	102679	200	1672	379
1775750167435	-1	-1	1672	378
1775750167457	-1	-1	1672	377
1775750167503	-1	-1	1672	376
1775750167566	-1	-1	1673	376
1775750066983	102660	200	1675	377
1775750167761	-1	-1	1677	378
1775750066544	103317	200	1677	377
1775750167881	-1	-1	1677	376
1775750071057	99087	200	1681	379
1775750072540	97813	200	1681	378
1775750168481	-1	-1	1682	378
1775750073016	97650	200	1683	378
1775750073145	97803	200	1686	380
1775750073087	98087	200	1686	379
1775750071633	99820	200	1687	379
1775750073097	98558	200	1690	381
1775750071106	100811	200	1691	381
1775750071271	100924	200	1695	384
1775750071194	101307	200	1697	385
1775750170601	-1	-1	1697	384
1775750170710	-1	-1	1699	385
1775750073319	99465	200	1699	384
1775750170797	-1	-1	1699	383
1775750170865	-1	-1	1699	382
1775750071317	101853	200	1701	383
1775750171208	-1	-1	1701	382
1775750071825	101583	200	1705	385
1775750171496	-1	-1	1705	384
1775750171567	-1	-1	1705	383
1775750171616	-1	-1	1705	382
1775750072326	101350	200	1705	381
1775750171769	-1	-1	1706	381
1775750171949	-1	-1	1710	384
1775750171968	-1	-1	1710	383
1775750072856	101127	200	1710	382
1775750172056	-1	-1	1711	382
1775750172137	-1	-1	1712	382
1775750172212	-1	-1	1715	384
1775750072352	101926	200	1716	384
1775750172480	-1	-1	1717	384
1775750072859	101643	200	1718	384
1775750172641	-1	-1	1719	384
1775750172711	-1	-1	1720	384
1775750072905	101877	200	1721	384
1775750172999	-1	-1	1723	385
1775750071936	103149	200	1724	385
1775750173149	-1	-1	1725	385
1775750173307	-1	-1	1726	385
1775750173316	-1	-1	1726	384
1775750173332	-1	-1	1726	383
1775750173360	-1	-1	1726	382
1775750072905	102493	200	1727	382
1775750072974	102618	200	1728	382
1775750173749	-1	-1	1728	381
1775750173925	-1	-1	1730	382
1775750173927	-1	-1	1730	381
1775750072491	103451	200	1730	380
1775750173940	-1	-1	1730	379
1775750173952	-1	-1	1730	378
1775750174017	-1	-1	1730	377
1775750174108	-1	-1	1731	377
1775750174147	-1	-1	1731	376
1775750174199	-1	-1	1731	375
1775750174210	-1	-1	1731	374
1775750174217	-1	-1	1731	373
1775750174295	-1	-1	1732	373
1775750072509	103797	200	1732	372
1775750174495	-1	-1	1733	372
1775750174542	-1	-1	1733	371
1775750073566	103053	200	1734	371
1775750174656	-1	-1	1734	370
1775750174742	-1	-1	1734	369
1775750074037	102788	200	1735	369
1775750174949	-1	-1	1736	369
1775750174967	-1	-1	1736	368
1775750175030	-1	-1	1736	367
1775750073930	103189	200	1738	368
1775750175134	-1	-1	1738	367
1775750175249	-1	-1	1740	368
1775750175378	-1	-1	1740	367
1775750074061	103347	200	1741	367
1775750175560	-1	-1	1744	369
1775750074125	103500	200	1744	368
1775750175792	-1	-1	1746	369
1775750074241	103674	200	1747	369
1775750175922	-1	-1	1747	368
1775750074299	103809	200	1748	368
1775750081017	97401	200	1752	371
1775750074408	104313	200	1755	373
1775750074449	104829	200	1763	380
1775750079072	100333	200	1767	383
1775750079051	100683	200	1771	386
1775750080608	99324	200	1773	387
1775750079091	101045	200	1774	387
1775750081122	99253	200	1777	389
1775750080575	100044	200	1778	389
1775750079120	101818	200	1778	388
1775750179021	-1	-1	1778	387
1775750179129	-1	-1	1778	386
1775750179136	-1	-1	1779	386
1775750081123	100039	200	1779	385
1775750179156	-1	-1	1779	384
1775750179294	-1	-1	1779	383
1775750179376	-1	-1	1781	384
1775750179387	-1	-1	1781	383
1775750179405	-1	-1	1781	382
1775750179473	-1	-1	1782	382
1775750079638	101904	200	1782	381
1775750179561	-1	-1	1782	380
1775750179674	-1	-1	1782	379
1775750179673	-1	-1	1782	378
1775750081152	100592	200	1782	377
1775750179781	-1	-1	1782	376
1775750179791	-1	-1	1782	375
1775750180043	-1	-1	1783	375
1775750080657	101491	200	1783	374
1775750180196	-1	-1	1785	375
1775750180238	-1	-1	1785	374
1775750180328	-1	-1	1786	374
1775750079724	102636	200	1786	373
1775750180381	-1	-1	1786	372
1775750079239	103618	200	1793	378
1775750079242	103735	200	1793	377
1775750181134	-1	-1	1793	376
1775750181340	-1	-1	1794	376
1775750181347	-1	-1	1794	376
1775750080760	102652	200	1795	375
1775750181412	-1	-1	1795	374
1775750079739	103823	200	1797	375
1775750080290	103640	200	1800	377
1775750181935	-1	-1	1800	376
1775750081339	102725	200	1803	379
1775750182164	-1	-1	1807	381
1775750182181	-1	-1	1808	381
1775750182288	-1	-1	1809	381
1775750081303	103049	200	1811	382
1775750182407	-1	-1	1811	381
1775750182420	-1	-1	1811	380
1775750081331	103202	200	1812	380
1775750182534	-1	-1	1812	379
1775750182604	-1	-1	1812	378
1775750182650	-1	-1	1813	378
1775750182700	-1	-1	1813	377
1775750182704	-1	-1	1813	376
1775750079335	105416	200	1813	375
1775750079857	105173	200	1818	379
1775750183301	-1	-1	1822	382
1775750183372	-1	-1	1822	381
1775750183468	-1	-1	1822	380
1775750079888	105588	200	1822	379
1775750183539	-1	-1	1822	378
1775750183611	-1	-1	1822	377
1775750183635	-1	-1	1822	376
1775750183669	-1	-1	1823	376
1775750081428	104289	200	1823	375
1775750079362	106651	200	1824	375
1775750080981	105312	200	1825	375
1775750087515	99019	200	1827	376
1775750086583	100203	200	1828	376
1775750088066	98960	200	1829	376
1775750086105	101111	200	1833	379
1775750087110	100485	200	1838	383
1775750087616	100177	200	1840	384
1775750086627	101489	200	1842	385
1775750087123	101100	200	1842	384
1775750086660	101883	200	1845	386
1775750087177	101552	200	1845	385
1775750186790	-1	-1	1847	386
1775750187029	-1	-1	1849	387
1775750187147	-1	-1	1853	390
1775750088182	101007	200	1853	389
1775750187198	-1	-1	1853	388
1775750187206	-1	-1	1853	387
1775750187243	-1	-1	1854	387
1775750087174	102114	200	1854	386
1775750187446	-1	-1	1856	387
1775750187479	-1	-1	1857	387
1775750187482	-1	-1	1857	386
1775750187517	-1	-1	1858	386
1775750187608	-1	-1	1859	386
1775750087187	102504	200	1860	386
1775750187691	-1	-1	1860	385
1775750087190	102650	200	1861	385
1775750187984	-1	-1	1861	384
1775750188072	-1	-1	1863	385
1775750188235	-1	-1	1863	384
1775750087697	102611	200	1863	383
1775750188381	-1	-1	1864	383
1775750087780	102616	200	1864	382
1775750188508	-1	-1	1866	383
1775750188750	-1	-1	1869	385
1775750188757	-1	-1	1869	384
1775750088288	102625	200	1873	387
1775750188990	-1	-1	1874	387
1775750189024	-1	-1	1874	386
1775750189043	-1	-1	1874	385
1775750189065	-1	-1	1874	384
1775750189083	-1	-1	1874	383
1775750189134	-1	-1	1875	383
1775750087795	103358	200	1875	382
1775750189226	-1	-1	1876	382
1775750189359	-1	-1	1876	381
1775750189446	-1	-1	1876	380
1775750189480	-1	-1	1877	380
1775750189508	-1	-1	1878	380
1775750189598	-1	-1	1879	380
1775750088468	103182	200	1880	380
1775750189675	-1	-1	1881	380
1775750189740	-1	-1	1881	379
1775750087421	104347	200	1881	378
1775750189989	-1	-1	1883	379
1775750086434	105568	200	1883	378
1775750190075	-1	-1	1884	378
1775750088785	103317	200	1884	377
1775750190353	-1	-1	1885	377
1775750190414	-1	-1	1886	377
1775750088600	103893	200	1887	377
1775750190504	-1	-1	1887	376
1775750190560	-1	-1	1887	375
1775750190562	-1	-1	1887	374
1775750190698	-1	-1	1889	375
1775750190813	-1	-1	1889	374
1775750190829	-1	-1	1889	373
1775750088771	104118	200	1890	373
1775750190906	-1	-1	1890	372
1775750190908	-1	-1	1890	372
1775750190990	-1	-1	1892	372
1775750088675	104606	200	1895	374
1775750088915	104661	200	1898	376
1775750089412	104645	200	1902	379
1775750089295	104879	200	1904	380
1775750088925	105464	200	1905	380
1775750089608	104831	200	1905	379
1775750089694	105099	200	1908	381
1775750089748	105355	200	1910	382
1775750096055	99621	200	1918	389
1775750089827	105968	200	1919	389
1775750193958	-1	-1	1921	390
1775750194018	-1	-1	1921	389
1775750194117	-1	-1	1922	389
1775750095064	101099	200	1922	388
1775750194170	-1	-1	1922	387
1775750194201	-1	-1	1922	386
1775750095058	101235	200	1922	385
1775750095073	101441	200	1924	386
1775750194640	-1	-1	1926	387
1775750194647	-1	-1	1927	387
1775750095082	101623	200	1928	387
1775750194724	-1	-1	1928	386
1775750194879	-1	-1	1932	389
1775750095094	101840	200	1932	388
1775750195082	-1	-1	1936	391
1775750195148	-1	-1	1936	390
1775750095136	102079	200	1936	389
1775750195314	-1	-1	1938	390
1775750094655	102777	200	1938	389
1775750195534	-1	-1	1939	389
1775750195541	-1	-1	1939	388
1775750195557	-1	-1	1939	387
1775750195567	-1	-1	1939	386
1775750195621	-1	-1	1939	385
1775750195623	-1	-1	1939	384
1775750095161	102554	200	1940	384
1775750195786	-1	-1	1941	384
1775750195843	-1	-1	1943	385
1775750195850	-1	-1	1943	384
1775750096193	101737	200	1943	383
1775750196061	-1	-1	1944	383
1775750094162	104076	200	1944	382
1775750196324	-1	-1	1945	382
1775750196493	-1	-1	1950	386
1775750196570	-1	-1	1951	386
1775750196594	-1	-1	1951	385
1775750196646	-1	-1	1951	384
1775750196660	-1	-1	1951	383
1775750094218	104496	200	1953	384
1775750196778	-1	-1	1953	383
1775750196789	-1	-1	1953	382
1775750196796	-1	-1	1953	381
1775750196823	-1	-1	1953	380
1775750094193	104657	200	1953	379
1775750196964	-1	-1	1953	378
1775750196967	-1	-1	1953	377
1775750196984	-1	-1	1953	376
1775750197048	-1	-1	1953	375
1775750094751	104474	200	1955	376
1775750197247	-1	-1	1955	375
1775750197274	-1	-1	1955	374
1775750095827	103650	200	1956	374
1775750197515	-1	-1	1956	373
1775750197680	-1	-1	1959	375
1775750197783	-1	-1	1960	375
1775750197810	-1	-1	1960	374
1775750197822	-1	-1	1960	373
1775750096306	103674	200	1963	375
1775750095847	104159	200	1965	376
1775750198021	-1	-1	1967	377
1775750094844	105395	200	1970	379
1775750198272	-1	-1	1970	378
1775750095864	104467	200	1970	377
1775750198329	-1	-1	1970	376
1775750198356	-1	-1	1970	375
1775750198445	-1	-1	1970	374
1775750198458	-1	-1	1970	373
1775750198467	-1	-1	1970	372
1775750198506	-1	-1	1970	371
1775750198691	-1	-1	1971	371
1775750198696	-1	-1	1971	370
1775750095922	105374	200	1973	371
1775750095916	105478	200	1973	370
1775750096458	105104	200	1975	371
1775750094442	107129	200	1975	370
1775750095979	106061	200	1980	374
1775750094471	107842	200	1984	377
1775750094977	107731	200	1987	379
1775750096518	106489	200	1988	379
1775750103056	100152	200	1989	379
1775750103528	99888	200	1990	379
1775750103593	99990	200	1992	380
1775750102623	101233	200	1993	380
1775750102095	101876	200	1993	379
1775750103655	100553	200	1996	381
1775750202384	-1	-1	1996	380
1775750202454	-1	-1	1999	382
1775750104116	100345	200	1999	381
1775750104174	100591	200	2000	381
1775750202864	-1	-1	2000	380
1775750104160	100910	200	2004	383
1775750203134	-1	-1	2004	382
1775750102176	103203	200	2008	385
1775750203403	-1	-1	2008	384
1775750203460	-1	-1	2008	383
1775750203523	-1	-1	2008	382
1775750103680	101895	200	2009	382
1775750203755	-1	-1	2009	381
1775750102203	103620	200	2010	381
1775750103738	102342	200	2011	381
1775750204085	-1	-1	2011	380
1775750204134	-1	-1	2012	380
1775750204173	-1	-1	2013	380
1775750103253	103131	200	2014	380
1775750204410	-1	-1	2014	379
1775750204429	-1	-1	2014	378
1775750204435	-1	-1	2014	377
1775750102226	104462	200	2017	379
1775750204715	-1	-1	2017	378
1775750102255	104632	200	2021	381
1775750204985	-1	-1	2022	381
1775750204989	-1	-1	2022	380
1775750204981	-1	-1	2022	379
1775750205036	-1	-1	2023	379
1775750205213	-1	-1	2024	379
1775750205259	-1	-1	2025	379
1775750103253	104036	200	2026	379
1775750205306	-1	-1	2026	378
1775750205358	-1	-1	2026	377
1775750103751	103621	200	2026	376
1775750205556	-1	-1	2026	375
1775750102290	105419	200	2029	377
1775750205781	-1	-1	2029	376
1775750104280	103618	200	2031	377
1775750205978	-1	-1	2033	378
1775750206099	-1	-1	2033	377
1775750206165	-1	-1	2033	376
1775750206259	-1	-1	2034	376
1775750103285	105181	200	2036	377
1775750206491	-1	-1	2036	376
1775750206513	-1	-1	2036	375
1775750206623	-1	-1	2036	374
1775750103310	105371	200	2037	374
1775750206735	-1	-1	2037	373
1775750206785	-1	-1	2038	373
1775750206820	-1	-1	2038	372
1775750206846	-1	-1	2038	371
1775750206933	-1	-1	2039	371
1775750102328	106749	200	2039	370
1775750102341	106927	200	2041	371
1775750103851	105585	200	2042	371
1775750104358	105266	200	2042	370
1775750102845	106968	200	2046	373
1775750102851	107369	200	2048	374
1775750109562	100967	200	2052	377
1775750111045	100042	200	2057	381
1775750110591	100703	200	2059	382
1775750110608	100835	200	2060	382
1775750110654	100984	200	2063	384
1775750110113	101737	200	2067	387
1775750109145	103104	200	2072	391
1775750210660	-1	-1	2077	395
1775750210680	-1	-1	2077	394
1775750210789	-1	-1	2079	395
1775750111242	101584	200	2079	394
1775750211055	-1	-1	2081	395
1775750110249	102854	200	2083	396
1775750211199	-1	-1	2085	397
1775750211207	-1	-1	2085	396
1775750211440	-1	-1	2086	396
1775750211483	-1	-1	2086	395
1775750109718	103779	200	2086	394
1775750211560	-1	-1	2088	395
1775750211598	-1	-1	2088	394
1775750211693	-1	-1	2089	394
1775750211704	-1	-1	2089	393
1775750109748	103985	200	2089	392
1775750211751	-1	-1	2089	391
1775750211779	-1	-1	2089	390
1775750211858	-1	-1	2091	391
1775750110821	103108	200	2093	392
1775750212097	-1	-1	2095	393
1775750110781	103352	200	2095	392
1775750212153	-1	-1	2096	392
1775750212178	-1	-1	2096	391
1775750212224	-1	-1	2097	391
1775750212260	-1	-1	2098	391
1775750109832	104494	200	2098	390
1775750212350	-1	-1	2098	389
1775750212392	-1	-1	2098	388
1775750109343	105205	200	2100	389
1775750212571	-1	-1	2101	389
1775750212635	-1	-1	2101	388
1775750212767	-1	-1	2102	388
1775750212777	-1	-1	2102	387
1775750109853	104984	200	2102	386
1775750212957	-1	-1	2105	388
1775750213035	-1	-1	2105	387
1775750213095	-1	-1	2106	387
1775750213092	-1	-1	2106	386
1775750213129	-1	-1	2106	385
1775750213180	-1	-1	2106	384
1775750213271	-1	-1	2107	384
1775750111366	103943	200	2108	384
1775750213530	-1	-1	2108	383
1775750213553	-1	-1	2108	382
1775750109347	106319	200	2110	383
1775750213687	-1	-1	2111	383
1775750213825	-1	-1	2112	383
1775750213864	-1	-1	2113	383
1775750213896	-1	-1	2113	382
1775750213905	-1	-1	2113	381
1775750213972	-1	-1	2114	381
1775750111384	104678	200	2117	383
1775750214062	-1	-1	2117	382
1775750214155	-1	-1	2118	382
1775750214197	-1	-1	2119	382
1775750214231	-1	-1	2119	381
1775750111728	104631	200	2120	381
1775750214425	-1	-1	2120	380
1775750111582	104872	200	2120	379
1775750214483	-1	-1	2120	378
1775750214572	-1	-1	2121	378
1775750110397	106218	200	2121	377
1775750214662	-1	-1	2122	377
1775750111601	105191	200	2123	377
1775750214842	-1	-1	2123	376
1775750214862	-1	-1	2123	375
1775750214952	-1	-1	2124	375
1775750215061	-1	-1	2126	376
1775750111742	105447	200	2126	375
1775750215271	-1	-1	2128	376
1775750215276	-1	-1	2129	376
1775750111858	105623	200	2130	376
1775750215586	-1	-1	2130	375
1775750215617	-1	-1	2132	376
1775750215688	-1	-1	2132	375
1775750215768	-1	-1	2134	376
1775750215836	-1	-1	2135	376
1775750112001	105868	200	2135	375
1775750215943	-1	-1	2135	374
1775750112003	105993	200	2135	374
1775750112063	106376	200	2142	379
1775750112076	106513	200	2143	379
1775750112146	106726	200	2145	380
1775750112199	106838	200	2146	380
1775750112250	107086	200	2151	384
1775750119000	100555	200	2153	385
1775750117032	102842	200	2159	390
1775750217998	-1	-1	2160	390
1775750118545	101616	200	2165	394
1775750218531	-1	-1	2169	397
1775750119042	101596	200	2170	397
1775750218689	-1	-1	2170	396
1775750218699	-1	-1	2170	395
1775750118021	102710	200	2170	394
1775750117119	103853	200	2172	395
1775750117580	103438	200	2172	394
1775750219031	-1	-1	2172	393
1775750219089	-1	-1	2172	392
1775750219102	-1	-1	2172	391
1775750219187	-1	-1	2173	391
1775750219232	-1	-1	2173	390
1775750219307	-1	-1	2174	390
1775750118134	103245	200	2174	389
1775750219427	-1	-1	2174	388
1775750219445	-1	-1	2174	387
1775750219608	-1	-1	2178	390
1775750219656	-1	-1	2180	391
1775750219674	-1	-1	2180	390
1775750219683	-1	-1	2180	389
1775750117706	103998	200	2180	388
1775750219753	-1	-1	2180	387
1775750219863	-1	-1	2183	389
1775750219926	-1	-1	2184	389
1775750220048	-1	-1	2184	388
1775750220052	-1	-1	2184	387
1775750220066	-1	-1	2184	386
1775750220087	-1	-1	2184	385
1775750220160	-1	-1	2184	384
1775750119208	103029	200	2184	383
1775750220253	-1	-1	2184	382
1775750220301	-1	-1	2184	381
1775750220330	-1	-1	2184	380
1775750220525	-1	-1	2187	382
1775750220573	-1	-1	2189	383
1775750117170	105511	200	2190	383
1775750220745	-1	-1	2191	383
1775750220893	-1	-1	2192	383
1775750117722	105426	200	2193	383
1775750221162	-1	-1	2193	382
1775750221309	-1	-1	2194	382
1775750117712	105632	200	2194	381
1775750119231	104183	200	2194	380
1775750221459	-1	-1	2194	379
1775750221477	-1	-1	2194	378
1775750221511	-1	-1	2194	377
1775750221572	-1	-1	2194	376
1775750117738	105849	200	2195	376
1775750221627	-1	-1	2195	375
1775750221647	-1	-1	2195	374
1775750221814	-1	-1	2195	373
1775750221828	-1	-1	2196	373
1775750221843	-1	-1	2197	373
1775750221925	-1	-1	2197	372
1775750118227	105751	200	2197	371
1775750222335	-1	-1	2202	375
1775750222376	-1	-1	2202	374
1775750222518	-1	-1	2202	373
1775750222537	-1	-1	2202	372
1775750222565	-1	-1	2202	371
1775750222618	-1	-1	2204	372
1775750222697	-1	-1	2205	372
1775750222797	-1	-1	2206	372
1775750118773	106070	200	2206	371
1775750223048	-1	-1	2208	372
1775750117240	107811	200	2208	372
1775750117314	107779	200	2208	370
1775750117282	107901	200	2208	369
1775750223259	-1	-1	2208	368
1775750118365	107129	200	2212	371
1775750223585	-1	-1	2214	372
1775750223829	-1	-1	2217	374
1775750223841	-1	-1	2217	373
1775750223982	-1	-1	2219	374
1775750119338	107319	200	2223	377
1775750117333	109349	200	2223	376
1775750118929	107868	200	2224	376
1775750119348	107571	200	2225	376
1775750119437	108519	200	2234	384
1775750118936	109265	200	2235	384
1775750126022	102462	200	2235	383
1775750126567	102105	200	2236	383
1775750226995	-1	-1	2237	383
1775750226988	-1	-1	2238	383
1775750227017	-1	-1	2239	383
1775750125091	103946	200	2239	382
1775750126100	103103	200	2241	383
1775750227227	-1	-1	2241	382
1775750227373	-1	-1	2241	381
1775750227482	-1	-1	2242	381
1775750125091	104514	200	2244	382
1775750227654	-1	-1	2245	382
1775750227731	-1	-1	2245	381
1775750126653	103088	200	2245	380
1775750227761	-1	-1	2245	379
1775750228191	-1	-1	2250	383
1775750125643	104780	200	2252	384
1775750126176	104354	200	2253	384
1775750228623	-1	-1	2255	385
1775750228706	-1	-1	2257	386
1775750229003	-1	-1	2260	388
1775750229023	-1	-1	2260	387
1775750229091	-1	-1	2261	387
1775750229204	-1	-1	2261	386
1775750127191	104021	200	2261	385
1775750125754	105630	200	2265	388
1775750229435	-1	-1	2265	387
1775750229549	-1	-1	2265	386
1775750229577	-1	-1	2265	385
1775750229657	-1	-1	2265	384
1775750229860	-1	-1	2266	384
1775750229951	-1	-1	2266	383
1775750230005	-1	-1	2266	382
1775750230031	-1	-1	2266	381
1775750126305	105778	200	2266	380
1775750230111	-1	-1	2266	379
1775750125777	106343	200	2266	378
1775750230248	-1	-1	2267	378
1775750230290	-1	-1	2267	377
1775750230478	-1	-1	2271	380
1775750230539	-1	-1	2272	380
1775750230572	-1	-1	2274	381
1775750230682	-1	-1	2274	380
1775750230703	-1	-1	2274	379
1775750230763	-1	-1	2274	378
1775750125772	107060	200	2275	378
1775750230869	-1	-1	2276	378
1775750125793	107146	200	2276	377
1775750230950	-1	-1	2276	376
1775750231071	-1	-1	2276	375
1775750231218	-1	-1	2276	374
1775750231218	-1	-1	2276	373
1775750231291	-1	-1	2277	373
1775750231304	-1	-1	2277	372
1775750127358	106203	200	2281	375
1775750126329	107322	200	2284	377
1775750231743	-1	-1	2285	377
1775750127351	106690	200	2286	377
1775750127352	106789	200	2287	377
1775750232162	-1	-1	2288	377
1775750232392	-1	-1	2291	379
1775750232392	-1	-1	2291	378
1775750232401	-1	-1	2291	377
1775750232469	-1	-1	2292	377
1775750232530	-1	-1	2293	377
1775750232559	-1	-1	2293	376
1775750125441	109129	200	2293	375
1775750232569	-1	-1	2293	374
1775750127452	107226	200	2293	373
1775750232822	-1	-1	2293	372
1775750232869	-1	-1	2294	372
1775750127800	107410	200	2297	374
1775750125950	109286	200	2298	374
1775750126484	109272	200	2303	378
1775750127541	108250	200	2305	379
1775750128170	108112	200	2309	382
1775750128195	108168	200	2309	381
1775750128351	108520	200	2317	388
1775750128350	108614	200	2317	387
1775750128355	109081	200	2321	390
1775750135539	101917	200	2321	389
1775750235625	-1	-1	2322	389
1775750235758	-1	-1	2323	389
1775750235773	-1	-1	2323	388
1775750136557	101317	200	2325	389
1775750235918	-1	-1	2325	388
1775750136077	101864	200	2325	387
1775750236022	-1	-1	2326	387
1775750236112	-1	-1	2329	389
1775750236125	-1	-1	2329	388
1775750236372	-1	-1	2334	392
1775750236415	-1	-1	2334	391
1775750135599	102923	200	2335	391
1775750135597	102984	200	2336	391
1775750236630	-1	-1	2336	390
1775750236661	-1	-1	2336	389
1775750236710	-1	-1	2336	388
1775750236766	-1	-1	2337	388
1775750236848	-1	-1	2338	388
1775750236870	-1	-1	2339	388
1775750237017	-1	-1	2341	389
1775750136091	102993	200	2342	389
1775750237151	-1	-1	2342	388
1775750135092	104089	200	2342	387
1775750237232	-1	-1	2342	386
1775750237372	-1	-1	2345	388
1775750135126	104460	200	2345	387
1775750237604	-1	-1	2345	386
1775750237679	-1	-1	2345	385
1775750135137	104571	200	2345	384
1775750237792	-1	-1	2345	383
1775750237809	-1	-1	2345	382
1775750238012	-1	-1	2348	384
1775750238042	-1	-1	2348	383
1775750238044	-1	-1	2348	382
1775750238050	-1	-1	2348	381
1775750135153	104938	200	2348	380
1775750238170	-1	-1	2350	381
1775750137207	103004	200	2350	380
1775750238209	-1	-1	2351	380
1775750238225	-1	-1	2351	379
1775750238275	-1	-1	2351	378
1775750238274	-1	-1	2351	377
1775750238508	-1	-1	2353	378
1775750238529	-1	-1	2353	377
1775750135241	105356	200	2354	377
1775750136765	103960	200	2354	376
1775750238764	-1	-1	2354	375
1775750238836	-1	-1	2354	374
1775750238858	-1	-1	2354	373
1775750238904	-1	-1	2354	372
1775750238934	-1	-1	2355	372
1775750239068	-1	-1	2356	372
1775750135730	105385	200	2357	372
1775750239297	-1	-1	2358	372
1775750239301	-1	-1	2358	371
1775750136784	104535	200	2358	370
1775750239357	-1	-1	2359	370
1775750135315	106361	200	2361	371
1775750137288	104604	200	2362	371
1775750239901	-1	-1	2362	370
1775750239928	-1	-1	2363	370
1775750135811	106490	200	2368	374
1775750137291	105222	200	2371	376
1775750136344	106736	200	2378	382
1775750136347	106836	200	2378	381
1775750136355	107058	200	2379	381
1775750136863	106648	200	2379	380
1775750137383	106525	200	2383	383
1775750135376	108841	200	2386	385
1775750135895	108664	200	2388	386
1775750242759	-1	-1	2390	387
1775750242806	-1	-1	2391	387
1775750242956	-1	-1	2394	389
1775750242982	-1	-1	2394	388
1775750243032	-1	-1	2395	388
1775750136969	108092	200	2395	387
1775750137488	107692	200	2397	388
1775750243250	-1	-1	2398	388
1775750144006	101408	200	2400	389
1775750143053	102538	200	2401	389
1775750243598	-1	-1	2402	389
1775750243673	-1	-1	2404	390
1775750243760	-1	-1	2404	389
1775750145153	100729	200	2406	390
1775750243878	-1	-1	2406	390
1775750243959	-1	-1	2407	389
1775750244028	-1	-1	2409	390
1775750244044	-1	-1	2409	389
1775750144056	102124	200	2410	389
1775750244358	-1	-1	2414	392
1775750244450	-1	-1	2416	393
1775750244579	-1	-1	2417	393
1775750244680	-1	-1	2422	397
1775750244807	-1	-1	2424	398
1775750244839	-1	-1	2425	398
1775750244853	-1	-1	2425	397
1775750244886	-1	-1	2426	397
1775750144110	102822	200	2426	396
1775750245021	-1	-1	2427	396
1775750245085	-1	-1	2427	395
1775750245101	-1	-1	2427	394
1775750144700	102421	200	2428	394
1775750245204	-1	-1	2428	393
1775750245333	-1	-1	2428	392
1775750145262	102098	200	2428	391
1775750245391	-1	-1	2428	390
1775750245438	-1	-1	2429	390
1775750143698	103766	200	2430	390
1775750245596	-1	-1	2432	391
1775750245604	-1	-1	2432	390
1775750245614	-1	-1	2434	391
1775750145251	102418	200	2435	391
1775750245764	-1	-1	2437	392
1775750245813	-1	-1	2439	393
1775750245959	-1	-1	2439	392
1775750144767	103199	200	2439	391
1775750245968	-1	-1	2439	390
1775750246020	-1	-1	2439	389
1775750246171	-1	-1	2441	390
1775750246243	-1	-1	2441	389
1775750246256	-1	-1	2441	388
1775750246261	-1	-1	2441	387
1775750246321	-1	-1	2442	387
1775750145300	103077	200	2442	386
1775750246379	-1	-1	2442	385
1775750246409	-1	-1	2442	384
1775750246514	-1	-1	2443	384
1775750246602	-1	-1	2443	383
1775750246611	-1	-1	2443	382
1775750246649	-1	-1	2443	381
1775750246656	-1	-1	2443	380
1775750143796	104878	200	2443	380
1775750246680	-1	-1	2444	379
1775750246705	-1	-1	2444	378
1775750246748	-1	-1	2444	377
1775750246838	-1	-1	2444	376
1775750246866	-1	-1	2444	375
1775750246967	-1	-1	2444	374
1775750247112	-1	-1	2447	376
1775750144858	104256	200	2447	375
1775750143366	105984	200	2448	375
1775750247424	-1	-1	2449	375
1775750247448	-1	-1	2449	374
1775750247564	-1	-1	2450	374
1775750247579	-1	-1	2450	373
1775750247608	-1	-1	2450	372
1775750247608	-1	-1	2450	371
1775750143318	106330	200	2450	370
1775750247647	-1	-1	2450	369
1775750247688	-1	-1	2450	368
1775750247716	-1	-1	2452	369
1775750247805	-1	-1	2454	370
1775750247808	-1	-1	2454	369
1775750144851	104994	200	2454	368
1775750143881	106230	200	2455	368
1775750144904	105407	200	2457	369
1775750143919	106628	200	2463	374
1775750144950	105806	200	2466	376
1775750145479	105501	200	2471	380
1775750143424	107854	200	2473	381
1775750143960	107756	200	2481	388
1775750145540	106277	200	2481	387
1775750144483	107948	200	2489	394
1775750143495	109019	200	2489	393
1775750250760	-1	-1	2493	396
1775750250846	-1	-1	2496	398
1775750145671	107179	200	2496	397
1775750250888	-1	-1	2496	396
1775750145742	107152	200	2496	395
1775750250917	-1	-1	2497	395
1775750250923	-1	-1	2497	394
1775750251048	-1	-1	2498	394
1775750251145	-1	-1	2499	394
1775750251311	-1	-1	2499	393
1775750151510	101862	200	2501	394
1775750251410	-1	-1	2501	393
1775750251417	-1	-1	2501	392
1775750251425	-1	-1	2501	391
1775750251446	-1	-1	2501	390
1775750251449	-1	-1	2501	389
1775750152575	100924	200	2503	390
1775750251625	-1	-1	2506	392
1775750251684	-1	-1	2506	391
1775750251858	-1	-1	2509	393
1775750251863	-1	-1	2509	392
1775750251901	-1	-1	2511	393
1775750252025	-1	-1	2511	392
1775750152633	101406	200	2511	391
1775750252043	-1	-1	2511	390
1775750252112	-1	-1	2513	391
1775750151586	102552	200	2513	390
1775750252379	-1	-1	2514	390
1775750252409	-1	-1	2515	390
1775750252526	-1	-1	2516	390
1775750252592	-1	-1	2517	390
1775750252611	-1	-1	2519	391
1775750152150	102473	200	2519	390
1775750252632	-1	-1	2519	389
1775750152609	102115	200	2520	389
1775750252784	-1	-1	2521	389
1775750252815	-1	-1	2521	388
1775750252824	-1	-1	2521	387
1775750252908	-1	-1	2522	387
1775750253034	-1	-1	2523	387
1775750152195	102868	200	2523	386
1775750253074	-1	-1	2523	385
1775750151660	103555	200	2525	386
1775750253329	-1	-1	2525	385
1775750253355	-1	-1	2526	385
1775750253460	-1	-1	2527	385
1775750253464	-1	-1	2527	384
1775750253522	-1	-1	2527	383
1775750151715	103847	200	2527	382
1775750253575	-1	-1	2527	381
1775750253610	-1	-1	2527	380
1775750253703	-1	-1	2527	379
1775750152285	103442	200	2527	378
1775750253744	-1	-1	2528	378
1775750253785	-1	-1	2528	377
1775750253888	-1	-1	2528	376
1775750253904	-1	-1	2528	375
1775750254058	-1	-1	2529	375
1775750153245	102833	200	2529	374
1775750254105	-1	-1	2529	373
1775750152312	103955	200	2532	375
1775750254379	-1	-1	2532	374
1775750254411	-1	-1	2532	373
1775750254504	-1	-1	2533	373
1775750254557	-1	-1	2534	373
1775750254598	-1	-1	2534	372
1775750254610	-1	-1	2534	371
1775750254706	-1	-1	2534	370
1775750254738	-1	-1	2536	371
1775750152734	104032	200	2536	370
1775750254857	-1	-1	2537	370
1775750151347	105580	200	2538	370
1775750254929	-1	-1	2538	369
1775750153312	103975	200	2540	370
1775750152322	105079	200	2541	370
1775750151883	105957	200	2547	375
1775750152365	105527	200	2548	375
1775750153372	105029	200	2550	376
1775750151440	107037	200	2551	376
1775750153474	105566	200	2557	381
1775750151478	107618	200	2558	381
1775750151951	107638	200	2565	387
1775750153704	105959	200	2566	387
1775750153709	106381	200	2569	389
1775750154043	106082	200	2569	388
1775750258542	-1	-1	2578	396
1775750154105	106492	200	2579	396
1775750258607	-1	-1	2579	395
1775750258661	-1	-1	2581	396
1775750154281	106415	200	2582	396
1775750258766	-1	-1	2582	395
1775750259047	-1	-1	2583	395
1775750259148	-1	-1	2585	396
1775750259175	-1	-1	2585	395
1775750160042	101216	200	2585	394
1775750259252	-1	-1	2585	393
1775750161017	100252	200	2585	392
1775750259377	-1	-1	2586	392
1775750259418	-1	-1	2586	391
1775750259424	-1	-1	2586	390
1775750259535	-1	-1	2587	390
1775750259641	-1	-1	2587	389
1775750259750	-1	-1	2588	389
1775750154446	107361	200	2588	388
1775750259896	-1	-1	2588	387
1775750154460	107504	200	2589	387
1775750260066	-1	-1	2591	388
1775750260150	-1	-1	2592	388
1775750260378	-1	-1	2593	388
1775750260438	-1	-1	2594	388
1775750260460	-1	-1	2594	387
1775750161058	101409	200	2594	386
1775750260475	-1	-1	2594	385
1775750260478	-1	-1	2594	384
1775750260478	-1	-1	2594	383
1775750260498	-1	-1	2594	382
1775750260539	-1	-1	2595	382
1775750260572	-1	-1	2595	381
1775750160085	102525	200	2596	381
1775750260651	-1	-1	2596	380
1775750260672	-1	-1	2597	380
1775750260683	-1	-1	2599	381
1775750260774	-1	-1	2600	381
1775750161045	102023	200	2602	382
1775750261083	-1	-1	2604	383
1775750261088	-1	-1	2604	382
1775750160103	103068	200	2607	384
1775750261361	-1	-1	2611	387
1775750261528	-1	-1	2611	386
1775750261739	-1	-1	2612	386
1775750162151	101723	200	2612	385
1775750160608	103321	200	2613	385
1775750261943	-1	-1	2613	384
1775750261979	-1	-1	2613	383
1775750262031	-1	-1	2614	383
1775750262096	-1	-1	2614	382
1775750262195	-1	-1	2616	383
1775750160662	103678	200	2618	384
1775750262405	-1	-1	2618	383
1775750161163	103288	200	2618	382
1775750262533	-1	-1	2621	384
1775750262593	-1	-1	2621	383
1775750262666	-1	-1	2621	382
1775750262681	-1	-1	2621	381
1775750262678	-1	-1	2621	381
1775750262761	-1	-1	2621	379
1775750262952	-1	-1	2621	378
1775750263025	-1	-1	2621	377
1775750263080	-1	-1	2623	378
1775750263082	-1	-1	2623	377
1775750263112	-1	-1	2623	376
1775750263120	-1	-1	2623	375
1775750263165	-1	-1	2623	374
1775750263275	-1	-1	2626	376
1775750162256	103034	200	2626	375
1775750263293	-1	-1	2626	374
1775750263303	-1	-1	2626	373
1775750161786	103547	200	2626	372
1775750263358	-1	-1	2626	371
1775750263675	-1	-1	2629	373
1775750161300	104463	200	2629	372
1775750160295	105470	200	2629	371
1775750263886	-1	-1	2630	371
1775750161334	104908	200	2634	374
1775750161402	104943	200	2634	373
1775750161357	105495	200	2641	379
1775750161442	105511	200	2641	378
1775750160462	106999	200	2647	383
1775750162517	105007	200	2652	387
1775750161991	106026	200	2659	393
1775750161004	107248	200	2661	394
1775750266695	-1	-1	2665	397
1775750266813	-1	-1	2667	398
1775750163020	105809	200	2667	397
1775750162802	106118	200	2669	398
1775750267087	-1	-1	2672	400
1775750162806	106385	200	2673	400
1775750267223	-1	-1	2674	400
1775750267278	-1	-1	2674	399
1775750267282	-1	-1	2674	398
1775750163010	106375	200	2675	398
1775750267396	-1	-1	2675	397
1775750267461	-1	-1	2677	398
1775750267478	-1	-1	2677	397
1775750267481	-1	-1	2677	397
1775750267481	-1	-1	2677	395
1775750267487	-1	-1	2677	394
1775750267523	-1	-1	2677	393
1775750162988	106737	200	2678	393
1775750267762	-1	-1	2679	393
1775750267773	-1	-1	2679	392
1775750267802	-1	-1	2679	391
1775750267824	-1	-1	2679	390
1775750267874	-1	-1	2679	389
1775750267931	-1	-1	2679	388
1775750267926	-1	-1	2679	387
1775750163149	106929	200	2679	386
1775750268092	-1	-1	2679	385
1775750268137	-1	-1	2679	384
1775750268382	-1	-1	2681	385
1775750268443	-1	-1	2681	384
1775750268453	-1	-1	2681	383
1775750163235	107240	200	2681	382
1775750268586	-1	-1	2682	382
1775750163238	107542	200	2685	384
1775750268778	-1	-1	2685	383
1775750268789	-1	-1	2685	382
1775750268868	-1	-1	2685	381
1775750268918	-1	-1	2685	380
1775750268929	-1	-1	2685	379
1775750268954	-1	-1	2686	379
1775750269039	-1	-1	2687	379
1775750163397	107688	200	2687	378
1775750269108	-1	-1	2687	377
1775750269220	-1	-1	2687	376
1775750269296	-1	-1	2687	375
1775750170016	101390	200	2688	375
1775750269408	-1	-1	2688	374
1775750269416	-1	-1	2688	373
1775750269651	-1	-1	2690	374
1775750163599	108087	200	2690	373
1775750269745	-1	-1	2690	372
1775750168011	103987	200	2690	371
1775750270168	-1	-1	2691	371
1775750270224	-1	-1	2693	372
1775750270538	-1	-1	2695	373
1775750170025	102533	200	2695	372
1775750270621	-1	-1	2696	372
1775750270713	-1	-1	2698	373
1775750270727	-1	-1	2699	373
1775750169516	103276	200	2699	372
1775750270948	-1	-1	2701	373
1775750271022	-1	-1	2702	373
1775750169049	104035	200	2702	372
1775750170060	103201	200	2705	374
1775750271385	-1	-1	2705	373
1775750271457	-1	-1	2706	373
1775750271544	-1	-1	2709	375
1775750169573	103993	200	2709	374
1775750168584	105152	200	2711	375
1775750169618	104491	200	2713	376
1775750168595	105612	200	2713	375
1775750272436	-1	-1	2719	380
1775750169665	104846	200	2720	380
1775750169676	105044	200	2724	383
1775750272959	-1	-1	2725	383
1775750169191	106015	200	2726	383
1775750168728	106722	200	2729	385
1775750169237	106599	200	2732	387
1775750273953	-1	-1	2732	386
1775750169245	106793	200	2734	387
1775750169301	106975	200	2735	387
1775750274442	-1	-1	2737	388
1775750168768	107704	200	2737	387
1775750274516	-1	-1	2737	386
1775750274530	-1	-1	2737	385
1775750274599	-1	-1	2738	385
1775750169340	107387	200	2738	384
1775750274721	-1	-1	2738	383
1775750168393	108476	200	2739	383
1775750274894	-1	-1	2739	382
1775750274987	-1	-1	2740	382
1775750170373	106858	200	2740	381
1775750275282	-1	-1	2740	380
1775750275333	-1	-1	2740	379
1775750275438	-1	-1	2742	380
1775750168892	108578	200	2742	379
1775750275600	-1	-1	2743	379
1775750275619	-1	-1	2743	378
1775750275663	-1	-1	2743	377
1775750168940	108896	200	2745	378
1775750168436	109511	200	2745	377
1775750275960	-1	-1	2745	376
1775750276001	-1	-1	2745	375
1775750276155	-1	-1	2745	374
1775750276293	-1	-1	2747	375
1775750176032	102286	200	2747	374
1775750169963	108408	200	2747	373
1775750276421	-1	-1	2748	373
1775750276574	-1	-1	2753	377
1775750168974	109777	200	2754	377
1775750276816	-1	-1	2754	376
1775750177523	101427	200	2754	375
1775750276985	-1	-1	2754	374
1775750178154	101210	200	2758	377
1775750277364	-1	-1	2758	376
1775750277440	-1	-1	2759	376
1775750177081	102433	200	2762	378
1775750277534	-1	-1	2762	377
1775750277754	-1	-1	2763	377
1775750277798	-1	-1	2763	376
1775750176611	103387	200	2763	375
1775750177111	102943	200	2763	374
1775750278208	-1	-1	2765	375
1775750278292	-1	-1	2765	374
1775750278390	-1	-1	2768	376
1775750178201	102245	200	2768	375
1775750278462	-1	-1	2768	374
1775750177714	102799	200	2768	373
1775750278510	-1	-1	2768	372
1775750278521	-1	-1	2769	372
1775750278543	-1	-1	2769	371
1775750278553	-1	-1	2769	370
1775750278669	-1	-1	2769	369
1775750177218	103728	200	2771	370
1775750177218	103819	200	2775	373
1775750176236	105219	200	2779	376
1775750178230	103340	200	2781	377
1775750176760	105184	200	2784	379
1775750177857	104178	200	2784	378
1775750177768	104609	200	2789	382
1775750176855	105803	200	2790	382
1775750178301	104864	200	2795	386
1775750176388	107051	200	2798	388
1775750281679	-1	-1	2800	389
1775750281679	-1	-1	2800	388
1775750281802	-1	-1	2800	387
1775750177394	106507	200	2801	387
1775750178616	105482	200	2802	387
1775750177447	106805	200	2802	386
1775750282299	-1	-1	2802	385
1775750282316	-1	-1	2802	384
1775750282326	-1	-1	2803	384
1775750282339	-1	-1	2803	383
1775750282341	-1	-1	2803	382
1775750177981	106460	200	2804	382
1775750282613	-1	-1	2807	384
1775750177445	107204	200	2807	383
1775750282689	-1	-1	2807	382
1775750178543	106335	200	2810	384
1775750282877	-1	-1	2810	383
1775750283004	-1	-1	2811	383
1775750283098	-1	-1	2812	383
1775750283160	-1	-1	2813	383
1775750283206	-1	-1	2814	383
1775750178751	106496	200	2815	383
1775750283274	-1	-1	2815	382
1775750283435	-1	-1	2818	384
1775750283485	-1	-1	2818	383
1775750178666	106877	200	2818	382
1775750283677	-1	-1	2819	382
1775750178820	106984	200	2819	381
1775750283849	-1	-1	2821	382
1775750284050	-1	-1	2826	386
1775750185004	101060	200	2826	385
1775750284321	-1	-1	2830	388
1775750284409	-1	-1	2832	389
1775750284519	-1	-1	2832	388
1775750178932	107621	200	2833	388
1775750284549	-1	-1	2833	387
1775750284608	-1	-1	2834	387
1775750284826	-1	-1	2836	388
1775750284853	-1	-1	2836	387
1775750284851	-1	-1	2836	386
1775750178926	108020	200	2836	385
1775750284971	-1	-1	2836	384
1775750285009	-1	-1	2836	383
1775750285119	-1	-1	2839	385
1775750285179	-1	-1	2840	385
1775750285249	-1	-1	2841	385
1775750285278	-1	-1	2843	386
1775750285306	-1	-1	2844	386
1775750285310	-1	-1	2844	385
1775750184037	103376	200	2844	384
1775750184065	103570	200	2845	384
1775750285632	-1	-1	2845	383
1775750184029	103781	200	2845	382
1775750285824	-1	-1	2845	381
1775750285848	-1	-1	2845	380
1775750285868	-1	-1	2846	380
1775750285931	-1	-1	2846	379
1775750285941	-1	-1	2846	378
1775750285945	-1	-1	2846	377
1775750285963	-1	-1	2846	376
1775750184044	103931	200	2846	375
1775750286134	-1	-1	2848	376
1775750185082	103096	200	2848	375
1775750286286	-1	-1	2848	374
1775750286304	-1	-1	2848	373
1775750286322	-1	-1	2848	372
1775750286365	-1	-1	2848	371
1775750286388	-1	-1	2848	370
1775750184072	104399	200	2849	370
1775750286543	-1	-1	2849	369
1775750286563	-1	-1	2849	368
1775750184146	104514	200	2850	368
1775750286697	-1	-1	2850	367
1775750286810	-1	-1	2851	367
1775750184100	104850	200	2852	367
1775750185082	104112	200	2854	368
1775750184622	104804	200	2858	371
1775750185132	104632	200	2863	375
1775750184183	105695	200	2863	374
1775750186176	104160	200	2864	374
1775750185666	104760	200	2864	373
1775750184306	106533	200	2874	382
1775750185731	105210	200	2876	383
1775750185287	106062	200	2876	382
1775750184233	107125	200	2876	381
1775750184319	107281	200	2881	385
1775750184848	106944	200	2884	387
1775750186399	106150	200	2889	391
1775750290597	-1	-1	2890	391
1775750290612	-1	-1	2891	391
1775750290620	-1	-1	2892	391
1775750290727	-1	-1	2892	390
1775750290753	-1	-1	2893	390
1775750184896	107874	200	2893	389
1775750290882	-1	-1	2895	390
1775750290940	-1	-1	2895	389
1775750184455	108611	200	2897	390
1775750186407	106710	200	2897	389
1775750291390	-1	-1	2900	391
1775750184975	108437	200	2900	390
1775750291480	-1	-1	2900	389
1775750291495	-1	-1	2900	388
1775750184968	108557	200	2900	387
1775750291546	-1	-1	2900	386
1775750291562	-1	-1	2900	385
1775750291670	-1	-1	2901	385
1775750291714	-1	-1	2901	384
1775750291725	-1	-1	2901	383
1775750186613	107287	200	2904	385
1775750191508	102520	200	2906	386
1775750292126	-1	-1	2908	387
1775750292184	-1	-1	2908	386
1775750292223	-1	-1	2908	385
1775750292283	-1	-1	2908	384
1775750292302	-1	-1	2908	383
1775750193015	101410	200	2909	383
1775750292569	-1	-1	2910	383
1775750192054	102546	200	2910	382
1775750292611	-1	-1	2910	381
1775750292624	-1	-1	2910	380
1775750292753	-1	-1	2911	380
1775750292864	-1	-1	2911	379
1775750292891	-1	-1	2911	378
1775750191545	103461	200	2912	378
1775750293012	-1	-1	2912	377
1775750293067	-1	-1	2914	378
1775750193088	102043	200	2915	378
1775750293187	-1	-1	2918	380
1775750293205	-1	-1	2919	380
1775750293228	-1	-1	2919	379
1775750192601	102919	200	2923	382
1775750293599	-1	-1	2926	384
1775750192586	103024	200	2926	383
1775750293730	-1	-1	2928	384
1775750293730	-1	-1	2928	383
1775750293791	-1	-1	2928	382
1775750293942	-1	-1	2928	381
1775750293985	-1	-1	2928	380
1775750294072	-1	-1	2928	379
1775750294102	-1	-1	2928	378
1775750191621	104687	200	2929	378
1775750193141	103171	200	2929	377
1775750294335	-1	-1	2929	376
1775750294431	-1	-1	2930	376
1775750191137	105485	200	2932	377
1775750294703	-1	-1	2934	378
1775750191788	104936	200	2934	377
1775750294958	-1	-1	2937	379
1775750192291	105001	200	2943	384
1775750191671	105652	200	2943	383
1775750192848	104899	200	2948	387
1775750191188	106609	200	2948	386
1775750193356	104882	200	2952	389
1775750193360	104918	200	2952	388
1775750296415	-1	-1	2954	389
1775750296450	-1	-1	2954	388
1775750193317	105418	200	2958	391
1775750296827	-1	-1	2959	391
1775750191883	106955	200	2959	390
1775750296949	-1	-1	2960	390
1775750296988	-1	-1	2960	389
1775750297407	-1	-1	2963	391
1775750297471	-1	-1	2963	390
1775750297484	-1	-1	2963	389
1775750297487	-1	-1	2963	388
1775750192978	106527	200	2963	387
1775750192389	107120	200	2963	386
1775750297509	-1	-1	2963	385
1775750192441	107443	200	2966	387
1775750193769	106122	200	2966	386
1775750298049	-1	-1	2966	385
1775750298063	-1	-1	2966	384
1775750298073	-1	-1	2966	383
1775750298119	-1	-1	2966	382
1775750298326	-1	-1	2969	384
1775750298367	-1	-1	2969	383
1775750193731	106651	200	2969	382
1775750191478	109023	200	2971	383
1775750298571	-1	-1	2971	382
1775750298568	-1	-1	2971	381
1775750298604	-1	-1	2971	380
1775750298632	-1	-1	2972	380
1775750298777	-1	-1	2974	381
1775750298891	-1	-1	2976	382
1775750192995	107976	200	2978	383
1775750299026	-1	-1	2978	382
1775750200024	101040	200	2978	381
1775750299122	-1	-1	2979	381
1775750299242	-1	-1	2980	381
1775750200025	101461	200	2980	380
1775750201051	100545	200	2980	379
1775750299725	-1	-1	2981	379
1775750299760	-1	-1	2982	379
1775750299833	-1	-1	2982	378
1775750199068	103058	200	2986	381
1775750300164	-1	-1	2986	380
1775750300213	-1	-1	2986	379
1775750300254	-1	-1	2987	379
1775750199572	102699	200	2987	378
1775750300389	-1	-1	2990	380
1775750300445	-1	-1	2990	379
1775750300617	-1	-1	2990	378
1775750300638	-1	-1	2990	377
1775750199573	103121	200	2991	377
1775750300721	-1	-1	2991	376
1775750300802	-1	-1	2991	375
1775750300838	-1	-1	2991	374
1775750200079	102800	200	2991	373
1775750300911	-1	-1	2991	372
1775750300933	-1	-1	2991	371
1775750301074	-1	-1	2992	371
1775750301135	-1	-1	2992	370
1775750199591	103598	200	2993	370
1775750200124	103271	200	2993	369
1775750200657	103028	200	2997	372
1775750301713	-1	-1	2997	371
1775750301728	-1	-1	2997	370
1775750301871	-1	-1	2998	370
1775750200231	103671	200	2999	370
1775750301918	-1	-1	2999	369
1775750301971	-1	-1	3000	369
1775750199737	104645	200	3003	371
1775750199214	105517	200	3005	372
1775750199832	105215	200	3008	374
1775750200876	104302	200	3011	376
1775750199862	105667	200	3014	378
1775750199895	105769	200	3015	378
1775750201396	104665	200	3016	378
1775750201400	104755	200	3018	379
1775750199987	106575	200	3025	385
1775750199445	107192	200	3026	385
1775750200004	107133	200	3033	391
1775750201843	105299	200	3033	390
1775750305294	-1	-1	3035	391
1775750305559	-1	-1	3038	393
1775750201850	105792	200	3039	393
1775750201594	106150	200	3040	393
1775750305883	-1	-1	3042	394
1775750306123	-1	-1	3042	393
1775750306149	-1	-1	3042	392
1775750201973	106277	200	3043	392
1775750306317	-1	-1	3044	392
1775750201960	106369	200	3044	391
1775750306349	-1	-1	3044	390
1775750306411	-1	-1	3045	390
1775750306478	-1	-1	3047	391
1775750306517	-1	-1	3048	391
1775750306529	-1	-1	3048	390
1775750306547	-1	-1	3048	389
1775750306572	-1	-1	3048	388
1775750202043	106611	200	3048	387
1775750306674	-1	-1	3048	386
1775750306744	-1	-1	3048	385
1775750306793	-1	-1	3048	384
1775750202105	106742	200	3050	385
1775750306887	-1	-1	3050	384
1775750306894	-1	-1	3050	383
1775750307119	-1	-1	3052	384
1775750307130	-1	-1	3052	383
1775750307170	-1	-1	3052	382
1775750307191	-1	-1	3052	381
1775750307338	-1	-1	3052	380
1775750307352	-1	-1	3052	379
1775750307481	-1	-1	3054	380
1775750202146	107362	200	3055	380
1775750202193	107329	200	3055	379
1775750307636	-1	-1	3055	378
1775750307669	-1	-1	3055	377
1775750307757	-1	-1	3056	377
1775750307801	-1	-1	3056	376
1775750202315	107526	200	3057	376
1775750207037	102891	200	3057	375
1775750308153	-1	-1	3058	375
1775750308267	-1	-1	3058	374
1775750308353	-1	-1	3060	375
1775750207627	102798	200	3060	374
1775750308446	-1	-1	3060	373
1775750308454	-1	-1	3060	372
1775750308517	-1	-1	3064	375
1775750208662	101960	200	3066	376
1775750308839	-1	-1	3069	378
1775750308848	-1	-1	3069	377
1775750207591	103312	200	3070	377
1775750309070	-1	-1	3070	376
1775750309114	-1	-1	3071	376
1775750209196	101921	200	3071	375
1775750207183	104237	200	3075	378
1775750309437	-1	-1	3076	378
1775750309475	-1	-1	3076	377
1775750309501	-1	-1	3076	376
1775750207669	103899	200	3076	375
1775750309731	-1	-1	3078	376
1775750309837	-1	-1	3078	375
1775750209176	102748	200	3078	374
1775750208209	103912	200	3081	376
1775750207243	105280	200	3087	381
1775750209295	103386	200	3088	381
1775750208747	104365	200	3089	381
1775750208273	105007	200	3089	380
1775750311369	-1	-1	3091	381
1775750311427	-1	-1	3092	381
1775750207290	106321	200	3093	381
1775750207803	105979	200	3093	380
1775750208336	105768	200	3097	383
1775750207856	106421	200	3097	382
1775750312489	-1	-1	3098	382
1775750209696	104924	200	3101	384
1775750312677	-1	-1	3102	384
1775750312739	-1	-1	3103	384
1775750207947	106834	200	3103	383
1775750207938	107011	200	3105	384
1775750209714	105506	200	3107	385
1775750313335	-1	-1	3109	386
1775750313346	-1	-1	3109	385
1775750313416	-1	-1	3109	384
1775750208908	106574	200	3109	383
1775750313520	-1	-1	3111	384
1775750209750	105988	200	3111	383
1775750313818	-1	-1	3112	383
1775750313899	-1	-1	3112	382
1775750209790	106157	200	3113	382
1775750313948	-1	-1	3113	381
1775750314105	-1	-1	3117	385
1775750210332	105901	200	3120	386
1775750209897	106533	200	3124	389
1775750314429	-1	-1	3124	388
1775750314503	-1	-1	3124	387
1775750314517	-1	-1	3124	386
1775750314541	-1	-1	3124	385
1775750210425	106220	200	3124	384
1775750314685	-1	-1	3124	383
1775750314741	-1	-1	3124	382
1775750314790	-1	-1	3125	382
1775750314876	-1	-1	3126	382
1775750210061	106871	200	3126	381
1775750314972	-1	-1	3126	380
1775750315158	-1	-1	3129	382
1775750210312	106927	200	3129	381
1775750315320	-1	-1	3130	381
1775750315320	-1	-1	3130	380
1775750315500	-1	-1	3131	380
1775750315521	-1	-1	3131	379
1775750210648	106890	200	3131	378
1775750315763	-1	-1	3133	379
1775750210442	107388	200	3135	380
1775750315913	-1	-1	3137	381
1775750316012	-1	-1	3138	381
1775750217006	101028	200	3138	380
1775750316068	-1	-1	3139	380
1775750316080	-1	-1	3139	379
1775750316102	-1	-1	3140	379
1775750316108	-1	-1	3140	378
1775750316170	-1	-1	3141	378
1775750316196	-1	-1	3144	380
1775750316314	-1	-1	3144	379
1775750217024	101319	200	3144	378
1775750316340	-1	-1	3144	377
1775750316397	-1	-1	3145	377
1775750316430	-1	-1	3145	376
1775750216536	102102	200	3147	377
1775750316776	-1	-1	3148	377
1775750316823	-1	-1	3149	377
1775750216038	102907	200	3149	376
1775750217607	101536	200	3152	378
1775750216047	103309	200	3156	381
1775750317433	-1	-1	3156	380
1775750216057	103528	200	3158	381
1775750216075	103775	200	3161	383
1775750217598	102507	200	3164	385
1775750216654	103718	200	3167	387
1775750318468	-1	-1	3168	387
1775750218118	102474	200	3168	386
1775750218137	102736	200	3169	386
1775750318973	-1	-1	3169	385
1775750216195	104887	200	3169	384
1775750217707	103753	200	3172	386
1775750319492	-1	-1	3172	385
1775750319516	-1	-1	3172	384
1775750217232	104395	200	3172	383
1775750319728	-1	-1	3175	385
1775750319760	-1	-1	3176	385
1775750319787	-1	-1	3176	384
1775750217750	104174	200	3178	385
1775750319939	-1	-1	3178	384
1775750320009	-1	-1	3179	384
1775750320100	-1	-1	3181	385
1775750216754	105412	200	3183	386
1775750320309	-1	-1	3184	386
1775750320309	-1	-1	3184	385
1775750320357	-1	-1	3184	384
1775750320458	-1	-1	3184	383
1775750217259	105230	200	3185	383
1775750320751	-1	-1	3189	386
1775750217283	105487	200	3190	386
1775750218301	104943	200	3196	391
1775750321346	-1	-1	3196	390
1775750216269	107097	200	3196	389
1775750321408	-1	-1	3197	389
1775750321462	-1	-1	3198	389
1775750217777	105727	200	3198	388
1775750321632	-1	-1	3198	387
1775750321678	-1	-1	3199	387
1775750218381	105308	200	3199	386
1775750321715	-1	-1	3199	385
1775750321763	-1	-1	3199	384
1775750321805	-1	-1	3199	383
1775750321922	-1	-1	3201	384
1775750322011	-1	-1	3203	385
1775750322038	-1	-1	3203	384
1775750322038	-1	-1	3203	383
1775750216882	107207	200	3204	383
1775750322106	-1	-1	3204	382
1775750322131	-1	-1	3205	382
1775750322207	-1	-1	3206	382
1775750218387	106013	200	3206	381
1775750322474	-1	-1	3207	381
1775750322505	-1	-1	3208	381
1775750322550	-1	-1	3208	380
1775750322574	-1	-1	3208	379
1775750218439	106155	200	3208	378
1775750322672	-1	-1	3208	377
1775750322757	-1	-1	3208	376
1775750322818	-1	-1	3209	376
1775750217449	107450	200	3210	376
1775750322933	-1	-1	3210	375
1775750323061	-1	-1	3211	375
1775750224009	101099	200	3211	374
1775750323174	-1	-1	3211	373
1775750323183	-1	-1	3211	372
1775750323232	-1	-1	3212	372
1775750323396	-1	-1	3214	373
1775750323437	-1	-1	3214	372
1775750224006	101600	200	3216	373
1775750323654	-1	-1	3216	372
1775750225530	100287	200	3220	375
1775750323823	-1	-1	3220	374
1775750323847	-1	-1	3220	373
1775750323942	-1	-1	3222	374
1775750224574	101727	200	3227	378
1775750225561	100815	200	3227	377
1775750224574	101941	200	3229	378
1775750224108	102514	200	3230	378
1775750225637	101388	200	3233	380
1775750224668	102560	200	3235	381
1775750325483	-1	-1	3235	380
1775750224216	103308	200	3235	379
1775750225723	101916	200	3239	382
1775750226200	101656	200	3241	383
1775750224717	103419	200	3243	384
1775750225792	102654	200	3246	386
1775750326542	-1	-1	3247	386
1775750225328	103417	200	3248	386
1775750326811	-1	-1	3248	385
1775750326881	-1	-1	3248	384
1775750326948	-1	-1	3248	383
1775750225366	103655	200	3250	384
1775750327081	-1	-1	3252	385
1775750327128	-1	-1	3253	385
1775750226366	102858	200	3253	384
1775750225867	103679	200	3256	386
1775750327556	-1	-1	3256	385
1775750327607	-1	-1	3257	385
1775750327622	-1	-1	3257	384
1775750327631	-1	-1	3257	383
1775750327648	-1	-1	3258	383
1775750327765	-1	-1	3258	382
1775750224871	104933	200	3258	381
1775750225388	104535	200	3258	380
1775750328011	-1	-1	3259	380
1775750328090	-1	-1	3260	380
1775750224879	105270	200	3261	380
1775750328177	-1	-1	3261	379
1775750225433	104843	200	3262	379
1775750328305	-1	-1	3263	379
1775750328346	-1	-1	3263	378
1775750328456	-1	-1	3264	378
1775750225939	104616	200	3267	380
1775750328678	-1	-1	3268	380
1775750226628	104162	200	3268	379
1775750328994	-1	-1	3272	382
1775750329023	-1	-1	3272	381
1775750329023	-1	-1	3272	380
1775750329074	-1	-1	3272	379
1775750329130	-1	-1	3277	383
1775750226786	104436	200	3277	382
1775750329374	-1	-1	3279	383
1775750329444	-1	-1	3280	383
1775750329492	-1	-1	3280	382
1775750329602	-1	-1	3280	381
1775750329643	-1	-1	3281	381
1775750226819	104911	200	3281	380
1775750329933	-1	-1	3282	380
1775750330044	-1	-1	3283	380
1775750226514	105555	200	3283	379
1775750330133	-1	-1	3286	381
1775750330230	-1	-1	3286	380
1775750330283	-1	-1	3288	381
1775750330428	-1	-1	3290	382
1775750234519	97918	200	3290	381
1775750330467	-1	-1	3290	380
1775750330484	-1	-1	3291	380
1775750330522	-1	-1	3291	379
1775750235032	97537	200	3293	380
1775750330682	-1	-1	3294	380
1775750330797	-1	-1	3294	379
1775750330805	-1	-1	3294	378
1775750233536	99342	200	3295	378
1775750330890	-1	-1	3295	377
1775750330943	-1	-1	3297	378
1775750233585	99431	200	3297	377
1775750233609	99679	200	3298	377
1775750235118	98380	200	3303	381
1775750234141	99749	200	3306	383
1775750331992	-1	-1	3307	383
1775750233647	100448	200	3308	383
1775750234160	100247	200	3312	386
1775750332475	-1	-1	3313	386
1775750235163	99537	200	3315	387
1775750332955	-1	-1	3318	389
1775750233697	101303	200	3319	389
1775750234203	101093	200	3321	390
1775750333472	-1	-1	3326	394
1775750333623	-1	-1	3327	394
1775750235263	100398	200	3327	393
1775750235231	100645	200	3329	394
1775750333877	-1	-1	3329	393
1775750333878	-1	-1	3329	392
1775750333923	-1	-1	3329	391
1775750334022	-1	-1	3329	390
1775750233255	102816	200	3329	389
1775750334152	-1	-1	3329	388
1775750334148	-1	-1	3329	387
1775750334210	-1	-1	3329	386
1775750235256	101101	200	3332	388
1775750334368	-1	-1	3332	387
1775750334445	-1	-1	3332	386
1775750235282	101267	200	3333	386
1775750334660	-1	-1	3335	387
1775750334686	-1	-1	3335	386
1775750334712	-1	-1	3335	385
1775750235295	101497	200	3335	384
1775750334919	-1	-1	3337	385
1775750334927	-1	-1	3337	384
1775750334969	-1	-1	3337	383
1775750234324	102717	200	3338	383
1775750335219	-1	-1	3339	383
1775750335254	-1	-1	3339	382
1775750335302	-1	-1	3339	381
1775750335346	-1	-1	3340	381
1775750335354	-1	-1	3340	380
1775750233368	104071	200	3341	380
1775750335446	-1	-1	3341	379
1775750335451	-1	-1	3341	378
1775750234833	102762	200	3343	379
1775750335601	-1	-1	3343	378
1775750335707	-1	-1	3344	378
1775750335809	-1	-1	3344	377
1775750233378	104554	200	3344	376
1775750233391	104749	200	3346	377
1775750336271	-1	-1	3347	377
1775750336302	-1	-1	3347	376
1775750336341	-1	-1	3347	375
1775750336499	-1	-1	3350	377
1775750336591	-1	-1	3352	378
1775750336603	-1	-1	3352	377
1775750234462	104226	200	3352	376
1775750336901	-1	-1	3353	376
1775750336906	-1	-1	3354	376
1775750234389	104539	200	3354	375
1775750337006	-1	-1	3354	374
1775750337120	-1	-1	3356	375
1775750233915	105396	200	3357	375
1775750337347	-1	-1	3357	374
1775750240022	99400	200	3359	375
1775750337426	-1	-1	3359	374
1775750337470	-1	-1	3359	373
1775750337558	-1	-1	3359	372
1775750337629	-1	-1	3359	371
1775750241055	98580	200	3359	371
1775750240559	99183	200	3360	370
1775750337973	-1	-1	3360	369
1775750337979	-1	-1	3362	370
1775750242079	97951	200	3363	370
1775750241085	99343	200	3367	373
1775750240134	100678	200	3370	375
1775750242196	99080	200	3376	380
1775750240155	101262	200	3380	383
1775750241676	99863	200	3382	384
1775750242197	99428	200	3384	385
1775750241206	100713	200	3384	384
1775750240213	102104	200	3387	386
1775750241705	101178	200	3391	389
1775750240348	102567	200	3391	388
1775750242344	100886	200	3395	391
1775750341266	-1	-1	3395	390
1775750341315	-1	-1	3397	391
1775750242339	100991	200	3397	390
1775750341376	-1	-1	3397	389
1775750341390	-1	-1	3397	388
1775750341393	-1	-1	3397	387
1775750341461	-1	-1	3397	386
1775750341500	-1	-1	3397	385
1775750341569	-1	-1	3399	386
1775750341574	-1	-1	3399	385
1775750242389	101338	200	3401	386
1775750241357	102669	200	3402	386
1775750342085	-1	-1	3402	385
1775750342159	-1	-1	3403	385
1775750342183	-1	-1	3403	384
1775750342350	-1	-1	3406	386
1775750342545	-1	-1	3408	387
1775750241404	103203	200	3408	386
1775750342660	-1	-1	3410	387
1775750240937	103771	200	3410	386
1775750342836	-1	-1	3412	387
1775750342947	-1	-1	3413	387
1775750241906	103078	200	3413	386
1775750343051	-1	-1	3415	387
1775750241952	103179	200	3416	387
1775750343152	-1	-1	3416	386
1775750343177	-1	-1	3417	386
1775750343292	-1	-1	3419	387
1775750343300	-1	-1	3419	386
1775750241981	103366	200	3419	385
1775750343540	-1	-1	3420	385
1775750343544	-1	-1	3420	384
1775750343718	-1	-1	3423	386
1775750343722	-1	-1	3424	386
1775750242723	103025	200	3424	385
1775750343806	-1	-1	3424	384
1775750240494	105463	200	3428	387
1775750344152	-1	-1	3430	388
1775750344197	-1	-1	3430	387
1775750344310	-1	-1	3433	389
1775750344316	-1	-1	3433	388
1775750344402	-1	-1	3434	388
1775750242562	103850	200	3434	387
1775750344521	-1	-1	3437	389
1775750344618	-1	-1	3438	389
1775750344626	-1	-1	3438	388
1775750248515	98129	200	3439	388
1775750344731	-1	-1	3440	388
1775750344800	-1	-1	3440	387
1775750344871	-1	-1	3440	386
1775750345017	-1	-1	3441	386
1775750345054	-1	-1	3441	385
1775750249018	98073	200	3441	384
1775750345124	-1	-1	3441	383
1775750345180	-1	-1	3441	382
1775750250141	97098	200	3441	381
1775750345251	-1	-1	3441	380
1775750345279	-1	-1	3441	379
1775750248035	99313	200	3442	379
1775750345474	-1	-1	3443	379
1775750249103	98440	200	3443	378
1775750345584	-1	-1	3444	378
1775750345608	-1	-1	3444	377
1775750345656	-1	-1	3444	376
1775750345725	-1	-1	3445	376
1775750248084	99752	200	3445	375
1775750345836	-1	-1	3445	374
1775750345862	-1	-1	3446	374
1775750345941	-1	-1	3447	374
1775750345954	-1	-1	3448	374
1775750249555	98807	200	3454	379
1775750249701	98937	200	3457	381
1775750249709	99403	200	3465	388
1775750249218	100091	200	3466	388
1775750248676	100974	200	3469	390
1775750248269	101537	200	3469	389
1775750347956	-1	-1	3471	390
1775750347966	-1	-1	3471	389
1775750250235	99971	200	3474	391
1775750249769	100569	200	3475	391
1775750348466	-1	-1	3475	390
1775750250354	100291	200	3476	390
1775750348739	-1	-1	3477	390
1775750249781	100982	200	3477	389
1775750348808	-1	-1	3477	388
1775750348827	-1	-1	3477	387
1775750348957	-1	-1	3477	386
1775750250400	100586	200	3478	386
1775750348985	-1	-1	3478	385
1775750348992	-1	-1	3478	384
1775750349054	-1	-1	3478	383
1775750349094	-1	-1	3478	382
1775750349119	-1	-1	3478	381
1775750249935	101324	200	3479	381
1775750349330	-1	-1	3479	380
1775750349404	-1	-1	3481	381
1775750250412	101171	200	3482	381
1775750349592	-1	-1	3482	380
1775750349909	-1	-1	3485	382
1775750349913	-1	-1	3485	381
1775750250479	101446	200	3485	380
1775750349982	-1	-1	3486	380
1775750350022	-1	-1	3486	379
1775750350074	-1	-1	3486	378
1775750249424	102739	200	3487	378
1775750350331	-1	-1	3489	379
1775750248983	103585	200	3490	379
1775750350577	-1	-1	3490	378
1775750250500	102127	200	3490	377
1775750350665	-1	-1	3490	376
1775750350980	-1	-1	3492	377
1775750250490	102500	200	3492	376
1775750250590	102580	200	3494	377
1775750351187	-1	-1	3494	376
1775750351400	-1	-1	3495	376
1775750351415	-1	-1	3496	376
1775750351568	-1	-1	3496	375
1775750351622	-1	-1	3496	374
1775750256552	97121	200	3496	373
1775750351738	-1	-1	3497	373
1775750351764	-1	-1	3498	373
1775750351944	-1	-1	3501	375
1775750250671	103371	200	3503	376
1775750352093	-1	-1	3503	375
1775750352172	-1	-1	3503	374
1775750352273	-1	-1	3505	375
1775750250596	103746	200	3506	375
1775750352468	-1	-1	3508	376
1775750256139	98467	200	3508	375
1775750352794	-1	-1	3511	377
1775750256060	98782	200	3511	376
1775750352907	-1	-1	3512	376
1775750353008	-1	-1	3512	375
1775750353099	-1	-1	3512	374
1775750353267	-1	-1	3513	374
1775750255158	100191	200	3513	373
1775750257191	98183	200	3513	372
1775750353412	-1	-1	3513	371
1775750256170	99432	200	3514	371
1775750255190	100491	200	3515	371
1775750353708	-1	-1	3516	371
1775750353752	-1	-1	3516	370
1775750353781	-1	-1	3516	369
1775750353848	-1	-1	3517	369
1775750353944	-1	-1	3519	370
1775750353972	-1	-1	3519	369
1775750353979	-1	-1	3519	368
1775750256216	100146	200	3521	369
1775750256722	99772	200	3522	369
1775750255731	101229	200	3527	373
1775750257237	99830	200	3528	373
1775750256735	100577	200	3533	377
1775750257297	100097	200	3534	377
1775750256852	100856	200	3536	378
1775750255340	102572	200	3537	378
1775750255375	103225	200	3549	389
1775750256902	101716	200	3549	388
1775750256431	102481	200	3550	388
1775750257571	101449	200	3551	388
1775750357425	-1	-1	3558	394
1775750257465	101965	200	3558	393
1775750257542	102087	200	3563	397
1775750357629	-1	-1	3563	396
1775750357882	-1	-1	3565	397
1775750257572	102380	200	3565	396
1775750358016	-1	-1	3567	397
1775750358076	-1	-1	3567	396
1775750257617	102520	200	3567	395
1775750358159	-1	-1	3567	394
1775750358183	-1	-1	3567	393
1775750358221	-1	-1	3567	392
1775750358284	-1	-1	3567	391
1775750358349	-1	-1	3567	390
1775750358383	-1	-1	3567	389
1775750358390	-1	-1	3567	388
1775750358457	-1	-1	3567	387
1775750358527	-1	-1	3568	387
1775750258440	102112	200	3568	386
1775750358554	-1	-1	3568	385
1775750358820	-1	-1	3570	386
1775750257844	102997	200	3570	385
1775750358973	-1	-1	3574	388
1775750359034	-1	-1	3575	388
1775750359063	-1	-1	3575	387
1775750359080	-1	-1	3576	387
1775750359098	-1	-1	3576	386
1775750258033	103167	200	3576	385
1775750359301	-1	-1	3579	387
1775750257628	103710	200	3580	387
1775750359408	-1	-1	3581	387
1775750359428	-1	-1	3581	386
1775750359451	-1	-1	3582	386
1775750359515	-1	-1	3582	385
1775750359563	-1	-1	3583	385
1775750359590	-1	-1	3583	384
1775750359605	-1	-1	3584	384
1775750258116	103594	200	3585	384
1775750266023	95822	200	3586	384
1775750359883	-1	-1	3587	384
1775750359886	-1	-1	3587	383
1775750359975	-1	-1	3588	383
1775750359990	-1	-1	3588	382
1775750258479	103730	200	3589	382
1775750258509	103839	200	3589	381
1775750360526	-1	-1	3593	384
1775750360558	-1	-1	3594	384
1775750264517	98218	200	3594	383
1775750360752	-1	-1	3594	382
1775750265548	97271	200	3594	381
1775750360868	-1	-1	3596	382
1775750360878	-1	-1	3596	381
1775750360925	-1	-1	3596	380
1775750360936	-1	-1	3596	379
1775750361027	-1	-1	3597	379
1775750361071	-1	-1	3598	379
1775750361206	-1	-1	3599	379
1775750361210	-1	-1	3599	378
1775750264045	99213	200	3599	377
1775750361298	-1	-1	3599	376
1775750361325	-1	-1	3599	375
1775750265036	98323	200	3599	374
1775750361412	-1	-1	3601	375
1775750361453	-1	-1	3601	374
1775750361524	-1	-1	3602	374
1775750361606	-1	-1	3603	374
1775750361673	-1	-1	3603	373
1775750361720	-1	-1	3604	373
1775750266125	97638	200	3606	374
1775750361859	-1	-1	3607	374
1775750265056	98866	200	3607	373
1775750361968	-1	-1	3608	373
1775750265567	98792	200	3612	376
1775750265599	99022	200	3612	375
1775750266135	98708	200	3613	375
1775750266144	98817	200	3614	375
1775750264195	101047	200	3616	376
1775750264133	101222	200	3616	375
1775750265279	100362	200	3619	377
1775750264265	101572	200	3620	377
1775750265245	100817	200	3626	382
1775750265274	101056	200	3634	389
1775750265814	100716	200	3636	390
1775750264296	102443	200	3639	392
1775750266411	100611	200	3643	395
1775750365086	-1	-1	3644	395
1775750266416	100904	200	3646	396
1775750365399	-1	-1	3648	397
1775750365437	-1	-1	3648	396
1775750264488	103124	200	3650	397
1775750365631	-1	-1	3650	396
1775750365705	-1	-1	3650	395
1775750365856	-1	-1	3652	396
1775750365951	-1	-1	3652	395
1775750365959	-1	-1	3652	394
1775750266605	101366	200	3652	393
1775750365976	-1	-1	3652	392
1775750365976	-1	-1	3652	391
1775750366022	-1	-1	3653	391
1775750366103	-1	-1	3654	391
1775750264463	103654	200	3654	390
1775750366156	-1	-1	3654	389
1775750366166	-1	-1	3654	388
1775750366206	-1	-1	3656	389
1775750366205	-1	-1	3656	388
1775750366224	-1	-1	3656	387
1775750366234	-1	-1	3656	386
1775750366308	-1	-1	3656	385
1775750273528	94788	200	3656	384
1775750366367	-1	-1	3657	384
1775750366435	-1	-1	3659	385
1775750266664	101867	200	3660	385
1775750366645	-1	-1	3664	388
1775750366734	-1	-1	3666	389
1775750366739	-1	-1	3666	388
1775750266650	102160	200	3668	389
1775750366891	-1	-1	3668	388
1775750366897	-1	-1	3668	387
1775750366970	-1	-1	3669	387
1775750273528	95481	200	3669	386
1775750367011	-1	-1	3669	385
1775750367080	-1	-1	3669	384
1775750273577	95627	200	3670	384
1775750367253	-1	-1	3670	383
1775750367287	-1	-1	3670	382
1775750367385	-1	-1	3671	382
1775750367390	-1	-1	3671	381
1775750367467	-1	-1	3673	382
1775750273540	95953	200	3673	381
1775750367591	-1	-1	3674	381
1775750273626	96088	200	3675	381
1775750367737	-1	-1	3675	380
1775750367766	-1	-1	3675	379
1775750273128	96787	200	3676	379
1775750367992	-1	-1	3677	379
1775750368028	-1	-1	3677	378
1775750368180	-1	-1	3677	377
1775750368190	-1	-1	3677	376
1775750272640	97563	200	3677	375
1775750368330	-1	-1	3678	375
1775750368400	-1	-1	3680	376
1775750368435	-1	-1	3680	375
1775750368473	-1	-1	3681	375
1775750272623	97901	200	3683	376
1775750368570	-1	-1	3683	375
1775750368580	-1	-1	3683	374
1775750368635	-1	-1	3683	373
1775750368640	-1	-1	3683	372
1775750368681	-1	-1	3684	372
1775750368695	-1	-1	3685	372
1775750368766	-1	-1	3685	371
1775750368781	-1	-1	3685	370
1775750272135	98660	200	3685	369
1775750368964	-1	-1	3686	369
1775750272173	98988	200	3688	370
1775750272181	99277	200	3690	371
1775750273190	98565	200	3697	377
1775750272723	99069	200	3697	376
1775750273180	98813	200	3697	375
1775750272702	99495	200	3700	377
1775750272231	100519	200	3705	381
1775750274271	98585	200	3707	382
1775750274279	98929	200	3713	387
1775750273811	99424	200	3713	386
1775750274364	99232	200	3716	388
1775750274345	99364	200	3718	389
1775750274345	99608	200	3721	391
1775750272893	101242	200	3724	393
1775750372141	-1	-1	3724	392
1775750372158	-1	-1	3724	391
1775750372191	-1	-1	3724	390
1775750372265	-1	-1	3725	390
1775750372328	-1	-1	3727	391
1775750372664	-1	-1	3732	395
1775750372664	-1	-1	3732	394
1775750372693	-1	-1	3732	393
1775750274421	100344	200	3732	392
1775750372780	-1	-1	3733	392
1775750372835	-1	-1	3734	392
1775750372895	-1	-1	3735	392
1775750273420	101541	200	3735	391
1775750372964	-1	-1	3735	390
1775750373029	-1	-1	3735	389
1775750373060	-1	-1	3736	389
1775750373135	-1	-1	3737	389
1775750373147	-1	-1	3737	388
1775750279501	95859	200	3741	391
1775750373414	-1	-1	3742	391
1775750373445	-1	-1	3743	391
1775750272918	102556	200	3743	390
1775750373590	-1	-1	3743	389
1775750373628	-1	-1	3743	388
1775750373655	-1	-1	3743	387
1775750373744	-1	-1	3743	386
1775750373796	-1	-1	3745	387
1775750281055	94748	200	3745	386
1775750281009	94892	200	3746	386
1775750373906	-1	-1	3746	385
1775750374021	-1	-1	3747	385
1775750374070	-1	-1	3747	384
1775750374082	-1	-1	3747	383
1775750280518	95687	200	3747	382
1775750374205	-1	-1	3747	381
1775750374284	-1	-1	3747	380
1775750374339	-1	-1	3747	379
1775750374371	-1	-1	3747	378
1775750281023	95382	200	3747	377
1775750374443	-1	-1	3747	376
1775750374551	-1	-1	3748	376
1775750374561	-1	-1	3748	375
1775750374558	-1	-1	3748	374
1775750374781	-1	-1	3749	374
1775750374817	-1	-1	3750	374
1775750374872	-1	-1	3750	373
1775750375036	-1	-1	3750	372
1775750375077	-1	-1	3750	371
1775750280101	97067	200	3751	371
1775750281068	96106	200	3751	370
1775750375293	-1	-1	3754	372
1775750375307	-1	-1	3754	371
1775750375324	-1	-1	3754	370
1775750375334	-1	-1	3754	369
1775750375381	-1	-1	3755	369
1775750375437	-1	-1	3756	369
1775750279090	98432	200	3756	368
1775750279171	98440	200	3758	369
1775750375784	-1	-1	3761	371
1775750375791	-1	-1	3761	370
1775750375859	-1	-1	3761	369
1775750375936	-1	-1	3762	369
1775750279701	98447	200	3763	369
1775750279166	99003	200	3763	368
1775750281235	97399	200	3770	374
1775750280200	98584	200	3770	373
1775750280770	98302	200	3774	376
1775750279304	99912	200	3777	378
1775750280362	99141	200	3784	384
1775750280370	99312	200	3786	385
1775750280893	99041	200	3788	386
1775750280373	99909	200	3789	386
1775750280955	99548	200	3789	385
1775750281422	99215	200	3793	388
1775750279435	101317	200	3795	389
1775750279465	101507	200	3795	388
1775750281478	99752	200	3797	389
1775750379276	-1	-1	3798	389
1775750379378	-1	-1	3799	389
1775750379403	-1	-1	3799	388
1775750379428	-1	-1	3799	387
1775750379433	-1	-1	3799	386
1775750379436	-1	-1	3799	385
1775750280980	100457	200	3799	384
1775750379461	-1	-1	3799	383
1775750379608	-1	-1	3799	382
1775750379616	-1	-1	3799	381
1775750279487	102147	200	3799	380
1775750379711	-1	-1	3799	379
1775750379729	-1	-1	3799	378
1775750287515	94424	200	3800	378
1775750380189	-1	-1	3804	381
1775750281479	100760	200	3804	380
1775750380522	-1	-1	3806	381
1775750287021	95526	200	3806	380
1775750380608	-1	-1	3808	381
1775750380617	-1	-1	3808	380
1775750380617	-1	-1	3808	380
1775750380686	-1	-1	3809	379
1775750380713	-1	-1	3809	378
1775750288032	94725	200	3809	377
1775750289021	94124	200	3814	381
1775750381149	-1	-1	3814	380
1775750381174	-1	-1	3814	379
1775750287048	96210	200	3814	378
1775750381280	-1	-1	3814	377
1775750381351	-1	-1	3815	377
1775750288599	94972	200	3818	379
1775750287086	96678	200	3819	379
1775750381912	-1	-1	3820	379
1775750381942	-1	-1	3820	378
1775750381946	-1	-1	3820	377
1775750381945	-1	-1	3820	376
1775750289052	95004	200	3820	375
1775750382070	-1	-1	3820	374
1775750382251	-1	-1	3822	375
1775750288116	96140	200	3822	374
1775750287139	97341	200	3822	373
1775750382515	-1	-1	3822	372
1775750382563	-1	-1	3822	371
1775750382601	-1	-1	3823	371
1775750382690	-1	-1	3824	371
1775750288742	96019	200	3825	371
1775750382778	-1	-1	3825	370
1775750382882	-1	-1	3825	369
1775750382930	-1	-1	3826	369
1775750287211	97756	200	3826	368
1775750382980	-1	-1	3827	368
1775750289273	95991	200	3830	370
1775750287275	98201	200	3833	372
1775750287265	98610	200	3837	375
1775750287284	98803	200	3840	377
1775750289357	97045	200	3847	383
1775750287869	98810	200	3849	384
1775750288845	98254	200	3856	390
1775750289391	97948	200	3859	392
1775750289405	98336	200	3864	396
1775750288467	99315	200	3864	395
1775750385969	-1	-1	3868	398
1775750386095	-1	-1	3869	398
1775750289517	98670	200	3870	398
1775750386187	-1	-1	3870	397
1775750386227	-1	-1	3870	396
1775750289671	98620	200	3870	395
1775750386333	-1	-1	3870	394
1775750386362	-1	-1	3870	393
1775750386357	-1	-1	3870	392
1775750386376	-1	-1	3870	391
1775750386419	-1	-1	3871	391
1775750386659	-1	-1	3871	390
1775750386706	-1	-1	3872	390
1775750289748	99010	200	3872	389
1775750289704	99082	200	3872	388
1775750386794	-1	-1	3872	387
1775750386878	-1	-1	3872	386
1775750386981	-1	-1	3872	385
1775750387037	-1	-1	3872	384
1775750387084	-1	-1	3872	383
1775750387101	-1	-1	3872	382
1775750387123	-1	-1	3872	381
1775750387155	-1	-1	3872	380
1775750387291	-1	-1	3873	380
1775750387354	-1	-1	3873	379
1775750290263	99095	200	3873	378
1775750289748	99619	200	3873	377
1775750387446	-1	-1	3875	378
1775750387464	-1	-1	3875	377
1775750387529	-1	-1	3876	377
1775750387678	-1	-1	3876	376
1775750290444	99357	200	3878	377
1775750290457	99395	200	3878	376
1775750387851	-1	-1	3880	377
1775750387872	-1	-1	3880	376
1775750387912	-1	-1	3880	375
1775750387931	-1	-1	3880	374
1775750388100	-1	-1	3884	377
1775750388138	-1	-1	3884	376
1775750290594	99642	200	3884	375
1775750388413	-1	-1	3886	376
1775750290574	99937	200	3886	375
1775750388667	-1	-1	3888	376
1775750295505	95434	200	3892	379
1775750389227	-1	-1	3898	384
1775750295504	95774	200	3899	384
1775750389387	-1	-1	3903	387
1775750389446	-1	-1	3903	386
1775750389499	-1	-1	3904	386
1775750389694	-1	-1	3907	388
1775750389722	-1	-1	3907	387
1775750290582	101202	200	3907	386
1775750295558	96274	200	3910	388
1775750389854	-1	-1	3910	387
1775750389855	-1	-1	3910	386
1775750390001	-1	-1	3911	386
1775750295538	96509	200	3911	385
1775750390047	-1	-1	3911	384
1775750390051	-1	-1	3911	383
1775750390097	-1	-1	3911	382
1775750295031	97169	200	3912	382
1775750390285	-1	-1	3915	384
1775750390373	-1	-1	3915	383
1775750390530	-1	-1	3915	382
1775750390583	-1	-1	3915	381
1775750390729	-1	-1	3917	382
1775750390797	-1	-1	3917	381
1775750390831	-1	-1	3917	380
1775750390862	-1	-1	3917	379
1775750390947	-1	-1	3917	378
1775750295063	97930	200	3917	377
1775750391005	-1	-1	3917	376
1775750391385	-1	-1	3924	382
1775750295578	97818	200	3924	381
1775750391491	-1	-1	3925	381
1775750296615	97043	200	3931	386
1775750297079	96740	200	3933	387
1775750391967	-1	-1	3935	388
1775750295644	98431	200	3937	389
1775750295115	99226	200	3940	391
1775750296635	97905	200	3941	391
1775750296627	98107	200	3943	392
1775750295137	99894	200	3946	394
1775750295152	100136	200	3948	395
1775750393487	-1	-1	3949	395
1775750393527	-1	-1	3949	394
1775750393526	-1	-1	3949	393
1775750393588	-1	-1	3949	392
1775750393613	-1	-1	3949	391
1775750393613	-1	-1	3949	390
1775750393656	-1	-1	3949	389
1775750295150	100526	200	3950	389
1775750393716	-1	-1	3950	388
1775750393803	-1	-1	3951	388
1775750393834	-1	-1	3951	387
1775750393839	-1	-1	3951	386
1775750296164	99766	200	3953	387
1775750393999	-1	-1	3954	387
1775750394058	-1	-1	3956	388
1775750394126	-1	-1	3956	387
1775750297245	98959	200	3957	387
1775750394233	-1	-1	3958	387
1775750394272	-1	-1	3958	386
1775750295671	100749	200	3961	388
1775750394420	-1	-1	3961	387
1775750394568	-1	-1	3962	387
1775750394702	-1	-1	3965	389
1775750295195	101512	200	3965	388
1775750394811	-1	-1	3966	388
1775750394851	-1	-1	3967	388
1775750394879	-1	-1	3967	387
1775750297236	99700	200	3970	389
1775750395051	-1	-1	3970	388
1775750395097	-1	-1	3972	389
1775750295243	101973	200	3976	392
1775750395414	-1	-1	3977	392
1775750297276	100213	200	3977	391
1775750395671	-1	-1	3977	390
1775750295321	102457	200	3979	391
1775750395796	-1	-1	3979	390
1775750395897	-1	-1	3979	389
1775750395915	-1	-1	3979	388
1775750395972	-1	-1	3980	388
1775750297249	100713	200	3980	387
1775750396005	-1	-1	3980	386
1775750396038	-1	-1	3982	387
1775750396201	-1	-1	3985	389
1775750396237	-1	-1	3985	388
1775750396305	-1	-1	3986	388
1775750296766	101579	200	3986	387
1775750396349	-1	-1	3986	386
1775750303062	95324	200	3986	385
1775750396414	-1	-1	3986	384
1775750396512	-1	-1	3986	383
1775750396573	-1	-1	3986	382
1775750396575	-1	-1	3986	381
1775750396673	-1	-1	3986	380
1775750302046	96653	200	3986	379
1775750303667	95127	200	3988	380
1775750396808	-1	-1	3988	379
1775750396828	-1	-1	3988	378
1775750396894	-1	-1	3988	377
1775750396895	-1	-1	3988	376
1775750396929	-1	-1	3989	376
1775750397084	-1	-1	3992	378
1775750397092	-1	-1	3993	378
1775750397111	-1	-1	3993	377
1775750397148	-1	-1	3993	376
1775750397171	-1	-1	3993	375
1775750397202	-1	-1	3993	374
1775750303161	96047	200	3993	373
1775750304192	95152	200	3993	372
1775750397368	-1	-1	3993	371
1775750397712	-1	-1	3996	373
1775750397722	-1	-1	3996	372
1775750302691	97120	200	3996	371
1775750302251	97562	200	3996	370
1775750397921	-1	-1	3998	371
1775750302331	97971	200	4003	375
1775750303779	96531	200	4003	374
1775750304318	96477	200	4007	377
1775750304338	96510	200	4008	377
1775750302345	98945	200	4012	380
1775750302358	98984	200	4013	380
1775750303412	98372	200	4017	383
1775750303894	97926	200	4017	382
1775750303425	98759	200	4021	385
1775750303930	98455	200	4022	385
1775750400822	-1	-1	4030	392
1775750400926	-1	-1	4032	393
1775750400948	-1	-1	4032	392
1775750401052	-1	-1	4034	393
1775750401058	-1	-1	4034	392
1775750303510	99621	200	4035	392
1775750304491	98752	200	4037	393
1775750401314	-1	-1	4039	394
1775750401444	-1	-1	4041	395
1775750304565	98912	200	4041	394
1775750401523	-1	-1	4043	395
1775750304771	98820	200	4043	394
1775750401623	-1	-1	4043	393
1775750401721	-1	-1	4044	393
1775750401928	-1	-1	4045	393
1775750401931	-1	-1	4045	392
1775750305085	98892	200	4045	391
1775750401998	-1	-1	4045	390
1775750402091	-1	-1	4046	390
1775750402256	-1	-1	4049	392
1775750304977	99343	200	4049	391
1775750402432	-1	-1	4049	390
1775750402442	-1	-1	4049	389
1775750402463	-1	-1	4049	388
1775750402508	-1	-1	4049	387
1775750402574	-1	-1	4050	387
1775750402599	-1	-1	4051	387
1775750402726	-1	-1	4052	387
1775750305021	99719	200	4052	386
1775750402793	-1	-1	4052	385
1775750402863	-1	-1	4052	384
1775750402911	-1	-1	4052	383
1775750403029	-1	-1	4053	383
1775750403041	-1	-1	4053	382
1775750403121	-1	-1	4054	382
1775750403143	-1	-1	4054	381
1775750305102	100061	200	4055	381
1775750403233	-1	-1	4056	381
1775750403269	-1	-1	4056	380
1775750305293	99999	200	4056	379
1775750403311	-1	-1	4056	378
1775750403341	-1	-1	4056	377
1775750403347	-1	-1	4056	376
1775750305150	100331	200	4057	376
1775750403514	-1	-1	4057	375
1775750403519	-1	-1	4057	374
1775750305249	100432	200	4057	373
1775750403688	-1	-1	4057	372
1775750403878	-1	-1	4059	373
1775750404047	-1	-1	4059	372
1775750404165	-1	-1	4062	374
1775750404191	-1	-1	4062	373
1775750404188	-1	-1	4062	372
1775750404522	-1	-1	4066	375
1775750310500	96038	200	4067	375
1775750404590	-1	-1	4067	374
1775750404612	-1	-1	4068	374
1775750310520	96132	200	4069	374
1775750312011	94881	200	4073	377
1775750310510	96405	200	4074	377
1775750404954	-1	-1	4074	376
1775750405058	-1	-1	4077	378
1775750405164	-1	-1	4077	377
1775750310570	96619	200	4078	377
1775750405230	-1	-1	4078	376
1775750405436	-1	-1	4079	376
1775750312080	95507	200	4080	376
1775750405712	-1	-1	4081	376
1775750405815	-1	-1	4083	377
1775750310522	97666	200	4085	378
1775750310078	98307	200	4088	380
1775750406465	-1	-1	4089	380
1775750406491	-1	-1	4089	379
1775750312110	96678	200	4091	380
1775750311113	97779	200	4092	380
1775750406995	-1	-1	4093	380
1775750310589	98510	200	4095	381
1775750311622	97581	200	4095	380
1775750310628	98771	200	4096	380
1775750312138	97664	200	4101	384
1775750312143	97861	200	4101	383
1775750311192	99131	200	4105	386
1775750311691	98817	200	4107	387
1775750408520	-1	-1	4108	387
1775750408662	-1	-1	4109	387
1775750408856	-1	-1	4109	386
1775750311160	99750	200	4109	385
1775750408970	-1	-1	4109	384
1775750409056	-1	-1	4109	383
1775750409063	-1	-1	4109	382
1775750311196	99912	200	4109	381
1775750409212	-1	-1	4111	382
1775750310772	100667	200	4114	384
1775750409573	-1	-1	4119	388
1775750409606	-1	-1	4120	388
1775750312196	99423	200	4121	388
1775750409645	-1	-1	4121	387
1775750409653	-1	-1	4121	386
1775750409783	-1	-1	4122	386
1775750410017	-1	-1	4124	387
1775750410071	-1	-1	4124	386
1775750410155	-1	-1	4124	385
1775750310719	101506	200	4125	385
1775750410323	-1	-1	4128	387
1775750310294	102083	200	4128	386
1775750410449	-1	-1	4129	386
1775750410493	-1	-1	4129	385
1775750410517	-1	-1	4129	384
1775750410664	-1	-1	4129	383
1775750312285	100542	200	4130	383
1775750312304	100551	200	4131	383
1775750411209	-1	-1	4134	385
1775750411209	-1	-1	4134	384
1775750411224	-1	-1	4134	383
1775750310290	103053	200	4134	382
1775750411380	-1	-1	4134	381
1775750411438	-1	-1	4134	380
1775750411469	-1	-1	4134	379
1775750411491	-1	-1	4134	378
1775750319000	94506	200	4134	377
1775750411515	-1	-1	4134	376
1775750411538	-1	-1	4134	375
1775750411548	-1	-1	4134	374
1775750411599	-1	-1	4134	373
1775750411613	-1	-1	4134	372
1775750411699	-1	-1	4134	371
1775750411927	-1	-1	4136	372
1775750412003	-1	-1	4136	371
1775750318012	96084	200	4136	370
1775750310861	103265	200	4136	369
1775750412185	-1	-1	4136	368
1775750412241	-1	-1	4136	367
1775750412262	-1	-1	4136	366
1775750412293	-1	-1	4139	368
1775750412412	-1	-1	4139	367
1775750318571	95965	200	4142	369
1775750317007	97549	200	4142	368
1775750412683	-1	-1	4144	369
1775750412842	-1	-1	4145	369
1775750412874	-1	-1	4145	368
1775750412903	-1	-1	4146	368
1775750318039	97006	200	4146	367
1775750413092	-1	-1	4147	367
1775750317059	98189	200	4150	369
1775750319097	96561	200	4152	370
1775750318098	97756	200	4152	369
1775750413863	-1	-1	4152	368
1775750413879	-1	-1	4152	367
1775750318645	97667	200	4156	370
1775750318120	98297	200	4156	369
1775750317158	99597	200	4160	372
1775750318181	98695	200	4160	371
1775750317699	99463	200	4162	372
1775750318180	99176	200	4166	375
1775750318195	99384	200	4169	377
1775750319241	98458	200	4174	381
1775750317247	100828	200	4183	389
1775750317781	100467	200	4183	388
1775750317759	100870	200	4185	389
1775750319265	99508	200	4186	389
1775750319286	99747	200	4187	389
1775750319351	99832	200	4187	388
1775750318789	100690	200	4188	388
1775750317818	101765	200	4190	389
1775750417592	-1	-1	4190	388
1775750417591	-1	-1	4190	387
1775750417640	-1	-1	4190	386
1775750417679	-1	-1	4190	385
1775750417686	-1	-1	4190	384
1775750417713	-1	-1	4190	383
1775750417729	-1	-1	4190	382
1775750417733	-1	-1	4190	381
1775750417835	-1	-1	4192	382
1775750417861	-1	-1	4192	381
1775750318364	101522	200	4192	380
1775750417903	-1	-1	4193	380
1775750417927	-1	-1	4194	380
1775750417934	-1	-1	4194	379
1775750417957	-1	-1	4194	378
1775750317869	102153	200	4194	377
1775750317875	102434	200	4196	378
1775750418337	-1	-1	4196	377
1775750324509	96034	200	4199	379
1775750418592	-1	-1	4199	378
1775750418681	-1	-1	4201	379
1775750418809	-1	-1	4202	379
1775750324007	96849	200	4202	378
1775750325508	95687	200	4203	378
1775750419329	-1	-1	4204	378
1775750326025	95372	200	4204	377
1775750419525	-1	-1	4204	376
1775750419544	-1	-1	4204	375
1775750325057	96643	200	4206	376
1775750419778	-1	-1	4206	375
1775750419787	-1	-1	4206	374
1775750419901	-1	-1	4207	374
1775750324081	97842	200	4207	373
1775750419923	-1	-1	4207	372
1775750326111	96110	200	4209	373
1775750420252	-1	-1	4209	372
1775750420263	-1	-1	4209	371
1775750324135	98239	200	4210	371
1775750420432	-1	-1	4210	370
1775750420448	-1	-1	4210	369
1775750420530	-1	-1	4211	369
1775750420628	-1	-1	4215	372
1775750420676	-1	-1	4216	372
1775750326173	96537	200	4216	371
1775750420756	-1	-1	4216	370
1775750420886	-1	-1	4217	370
1775750325662	97249	200	4217	369
1775750324176	99040	200	4221	372
1775750421282	-1	-1	4222	372
1775750326177	97242	200	4225	374
1775750325692	97933	200	4229	377
1775750421661	-1	-1	4229	376
1775750421676	-1	-1	4229	375
1775750421816	-1	-1	4231	376
1775750325713	98213	200	4232	376
1775750421994	-1	-1	4232	375
1775750325193	98955	200	4234	376
1775750324801	99760	200	4238	379
1775750325298	99340	200	4238	378
1775750422986	-1	-1	4242	381
1775750325803	99223	200	4242	380
1775750325867	99247	200	4242	379
1775750324875	100624	200	4244	380
1775750326387	99207	200	4246	381
1775750325389	100601	200	4250	384
1775750326404	99682	200	4250	383
1775750324411	102059	200	4253	385
1775750325898	100582	200	4253	384
1775750424673	-1	-1	4255	385
1775750424708	-1	-1	4255	384
1775750424864	-1	-1	4255	383
1775750332562	94328	200	4255	382
1775750332080	94898	200	4255	381
1775750424975	-1	-1	4255	380
1775750425370	-1	-1	4260	384
1775750425425	-1	-1	4261	384
1775750332561	94905	200	4261	383
1775750425504	-1	-1	4262	383
1775750325956	101575	200	4262	382
1775750425542	-1	-1	4262	381
1775750425648	-1	-1	4263	381
1775750425650	-1	-1	4263	380
1775750425891	-1	-1	4268	384
1775750332585	95311	200	4268	383
1775750425907	-1	-1	4268	382
1775750331096	96876	200	4268	381
1775750426143	-1	-1	4269	381
1775750426253	-1	-1	4270	381
1775750331082	97199	200	4270	380
1775750426354	-1	-1	4270	379
1775750332085	96382	200	4270	378
1775750426501	-1	-1	4270	377
1775750426575	-1	-1	4271	377
1775750427013	-1	-1	4274	379
1775750331101	97920	200	4274	378
1775750331119	97953	200	4274	377
1775750427073	-1	-1	4274	376
1775750427115	-1	-1	4274	375
1775750427264	-1	-1	4278	378
1775750427340	-1	-1	4279	378
1775750427377	-1	-1	4279	377
1775750331122	98262	200	4279	376
1775750332129	97271	200	4279	375
1775750427486	-1	-1	4282	377
1775750427551	-1	-1	4282	376
1775750427742	-1	-1	4284	377
1775750427804	-1	-1	4284	376
1775750331637	98215	200	4284	375
1775750427870	-1	-1	4284	374
1775750427866	-1	-1	4284	373
1775750427877	-1	-1	4284	372
1775750333217	96761	200	4285	372
1775750428030	-1	-1	4285	371
1775750428261	-1	-1	4288	373
1775750331273	99257	200	4289	373
1775750332261	98286	200	4289	372
1775750428579	-1	-1	4289	371
1775750428589	-1	-1	4289	370
1775750428656	-1	-1	4289	369
1775750428701	-1	-1	4289	368
1775750333339	97615	200	4294	372
1775750332279	98688	200	4294	371
1775750331802	99571	200	4297	373
1775750332812	98647	200	4301	376
1775750332339	99514	200	4305	379
1775750331377	100523	200	4305	378
1775750333343	98926	200	4307	379
1775750332346	99963	200	4307	378
1775750333419	99336	200	4314	384
1775750332897	99926	200	4314	383
1775750331417	101753	200	4318	386
1775750333441	99915	200	4321	388
1775750431735	-1	-1	4327	393
1775750339018	94792	200	4328	393
1775750431852	-1	-1	4329	393
1775750340022	93859	200	4329	392
1775750432084	-1	-1	4331	393
1775750338503	95651	200	4332	393
1775750432222	-1	-1	4333	393
1775750338528	95729	200	4333	392
1775750432390	-1	-1	4334	392
1775750432490	-1	-1	4336	393
1775750432571	-1	-1	4337	393
1775750340071	94505	200	4337	392
1775750432631	-1	-1	4339	393
1775750432652	-1	-1	4339	392
1775750432646	-1	-1	4339	391
1775750432694	-1	-1	4339	390
1775750432843	-1	-1	4346	396
1775750338545	96307	200	4346	395
1775750433119	-1	-1	4350	398
1775750433151	-1	-1	4351	398
1775750433148	-1	-1	4351	397
1775750433184	-1	-1	4351	396
1775750433272	-1	-1	4352	396
1775750433281	-1	-1	4352	395
1775750339051	96267	200	4352	394
1775750433477	-1	-1	4353	394
1775750433490	-1	-1	4353	393
1775750339640	95879	200	4353	392
1775750433540	-1	-1	4353	391
1775750433545	-1	-1	4353	390
1775750433650	-1	-1	4353	389
1775750433701	-1	-1	4355	390
1775750433764	-1	-1	4356	390
1775750433853	-1	-1	4356	389
1775750433988	-1	-1	4358	390
1775750434002	-1	-1	4359	390
1775750339191	96825	200	4359	389
1775750338208	97849	200	4359	388
1775750434112	-1	-1	4359	387
1775750434219	-1	-1	4360	387
1775750434317	-1	-1	4360	386
1775750434393	-1	-1	4360	385
1775750434426	-1	-1	4360	384
1775750340249	96218	200	4360	383
1775750340231	96245	200	4360	382
1775750434550	-1	-1	4361	382
1775750434588	-1	-1	4361	381
1775750434605	-1	-1	4361	380
1775750434713	-1	-1	4361	379
1775750434738	-1	-1	4361	378
1775750434738	-1	-1	4361	377
1775750434746	-1	-1	4361	376
1775750434817	-1	-1	4361	375
1775750434831	-1	-1	4361	374
1775750434841	-1	-1	4362	374
1775750434907	-1	-1	4366	377
1775750434935	-1	-1	4369	379
1775750434948	-1	-1	4369	378
1775750435019	-1	-1	4369	377
1775750339357	97701	200	4369	376
1775750340386	96677	200	4369	375
1775750435141	-1	-1	4369	374
1775750435208	-1	-1	4369	373
1775750435456	-1	-1	4372	375
1775750339403	98085	200	4372	374
1775750338860	98647	200	4372	373
1775750435697	-1	-1	4374	374
1775750435704	-1	-1	4374	373
1775750435715	-1	-1	4374	372
1775750435875	-1	-1	4376	373
1775750435876	-1	-1	4376	373
1775750338912	99058	200	4377	372
1775750338422	99651	200	4377	371
1775750339985	98646	200	4380	373
1775750338464	100172	200	4380	372
1775750340656	98348	200	4388	379
1775750340722	98351	200	4388	378
1775750341018	98719	200	4403	392
1775750340785	99097	200	4403	391
1775750341104	99261	200	4408	395
1775750339985	100394	200	4408	394
1775750341163	99649	200	4412	397
1775750341208	99633	200	4413	397
1775750438890	-1	-1	4414	397
1775750438907	-1	-1	4414	396
1775750438926	-1	-1	4415	396
1775750439089	-1	-1	4415	395
1775750439098	-1	-1	4415	394
1775750439157	-1	-1	4416	394
1775750439240	-1	-1	4416	393
1775750347549	93758	200	4416	392
1775750439309	-1	-1	4416	391
1775750439312	-1	-1	4416	390
1775750439354	-1	-1	4417	390
1775750341219	100174	200	4417	389
1775750439418	-1	-1	4417	388
1775750439440	-1	-1	4417	387
1775750439437	-1	-1	4417	386
1775750439533	-1	-1	4417	385
1775750439565	-1	-1	4417	384
1775750439623	-1	-1	4417	383
1775750439670	-1	-1	4417	382
1775750439716	-1	-1	4417	381
1775750439932	-1	-1	4418	381
1775750348113	93845	200	4419	381
1775750346598	95371	200	4419	380
1775750440075	-1	-1	4419	379
1775750440302	-1	-1	4424	383
1775750440321	-1	-1	4424	382
1775750440324	-1	-1	4424	381
1775750346121	96288	200	4424	380
1775750348136	94313	200	4425	380
1775750440504	-1	-1	4425	379
1775750440515	-1	-1	4425	378
1775750440600	-1	-1	4426	378
1775750440716	-1	-1	4428	379
1775750440831	-1	-1	4429	379
1775750440885	-1	-1	4429	378
1775750440913	-1	-1	4429	377
1775750346691	96327	200	4430	377
1775750348176	94888	200	4431	377
1775750441122	-1	-1	4432	377
1775750441316	-1	-1	4433	377
1775750346642	96870	200	4436	379
1775750346151	97423	200	4438	380
1775750441861	-1	-1	4441	382
1775750441940	-1	-1	4443	383
1775750347725	96247	200	4443	382
1775750346236	97794	200	4443	381
1775750442099	-1	-1	4444	381
1775750442113	-1	-1	4444	380
1775750442117	-1	-1	4444	379
1775750442165	-1	-1	4444	378
1775750442198	-1	-1	4444	377
1775750442439	-1	-1	4446	378
1775750346208	98257	200	4447	378
1775750348232	96286	200	4449	379
1775750442525	-1	-1	4449	378
1775750442674	-1	-1	4450	378
1775750442701	-1	-1	4450	377
1775750442836	-1	-1	4451	377
1775750442936	-1	-1	4451	376
1775750347384	97664	200	4452	376
1775750443051	-1	-1	4452	375
1775750443102	-1	-1	4453	375
1775750348348	96777	200	4454	375
1775750443301	-1	-1	4455	375
1775750443326	-1	-1	4455	374
1775750443387	-1	-1	4455	373
1775750443485	-1	-1	4457	374
1775750443527	-1	-1	4457	373
1775750443519	-1	-1	4457	372
1775750347858	97754	200	4459	373
1775750347324	98314	200	4460	373
1775750443675	-1	-1	4460	372
1775750443804	-1	-1	4460	371
1775750443826	-1	-1	4460	370
1775750443914	-1	-1	4460	369
1775750443940	-1	-1	4460	368
1775750346288	99674	200	4460	367
1775750346385	99684	200	4461	367
1775750346894	99551	200	4468	373
1775750346429	100212	200	4470	374
1775750347901	99205	200	4473	376
1775750348406	98831	200	4474	376
1775750348448	99285	200	4479	380
1775750346438	101353	200	4480	380
1775750346444	101718	200	4486	385
1775750354620	93646	200	4487	385
1775750356138	92539	200	4489	386
1775750355631	93140	200	4489	385
1775750355697	93470	200	4490	385
1775750355258	93935	200	4490	384
1775750447345	-1	-1	4490	383
1775750447640	-1	-1	4493	385
1775750447699	-1	-1	4496	387
1775750354228	95503	200	4497	387
1775750354259	95511	200	4499	388
1775750447793	-1	-1	4499	387
1775750447822	-1	-1	4499	386
1775750447899	-1	-1	4500	386
1775750447910	-1	-1	4501	386
1775750448021	-1	-1	4504	388
1775750448121	-1	-1	4505	388
1775750448151	-1	-1	4505	387
1775750448173	-1	-1	4505	386
1775750354747	95495	200	4506	386
1775750354769	95572	200	4506	385
1775750448386	-1	-1	4506	384
1775750448576	-1	-1	4506	383
1775750354875	95839	200	4508	384
1775750356363	94422	200	4508	383
1775750448792	-1	-1	4508	382
1775750354312	96792	200	4513	386
1775750355799	95490	200	4520	392
1775750449429	-1	-1	4522	393
1775750449440	-1	-1	4522	392
1775750449585	-1	-1	4523	392
1775750354385	97226	200	4523	391
1775750449667	-1	-1	4523	390
1775750449674	-1	-1	4523	389
1775750449690	-1	-1	4523	388
1775750355895	95818	200	4523	387
1775750449720	-1	-1	4523	386
1775750449766	-1	-1	4523	385
1775750449770	-1	-1	4523	384
1775750449833	-1	-1	4524	384
1775750449902	-1	-1	4524	383
1775750449940	-1	-1	4524	382
1775750449979	-1	-1	4525	382
1775750449987	-1	-1	4525	381
1775750354417	97677	200	4526	381
1775750450097	-1	-1	4526	380
1775750355924	96283	200	4526	379
1775750450218	-1	-1	4526	378
1775750355480	97118	200	4529	380
1775750450608	-1	-1	4530	380
1775750450658	-1	-1	4530	379
1775750356003	96739	200	4530	378
1775750450804	-1	-1	4531	378
1775750450921	-1	-1	4531	377
1775750450983	-1	-1	4531	376
1775750451034	-1	-1	4532	376
1775750451087	-1	-1	4533	376
1775750356633	96474	200	4533	375
1775750451124	-1	-1	4533	374
1775750451179	-1	-1	4533	373
1775750451178	-1	-1	4533	373
1775750451191	-1	-1	4533	371
1775750451192	-1	-1	4533	370
1775750451214	-1	-1	4533	369
1775750451233	-1	-1	4533	368
1775750356676	96632	200	4533	367
1775750451343	-1	-1	4533	366
1775750451356	-1	-1	4533	365
1775750451544	-1	-1	4534	365
1775750356674	96949	200	4534	364
1775750356900	96908	200	4534	363
1775750451821	-1	-1	4534	362
1775750451970	-1	-1	4536	363
1775750356958	97131	200	4537	363
1775750357164	97065	200	4538	363
1775750357066	97496	200	4541	365
1775750357221	97438	200	4541	364
1775750357224	97926	200	4542	364
1775750357297	97900	200	4542	363
1775750357301	98287	200	4544	364
1775750357368	98220	200	4544	363
1775750362530	93483	200	4547	365
1775750362519	93657	200	4548	365
1775750363534	93126	200	4555	371
1775750362501	94176	200	4555	370
1775750362037	95026	200	4559	373
1775750363067	94050	200	4559	372
1775750363599	93940	200	4564	376
1775750364177	93380	200	4564	375
1775750363174	94780	200	4566	376
1775750364179	93800	200	4566	375
1775750363734	94657	200	4574	382
1775750363685	94711	200	4575	382
1775750362823	96044	200	4579	385
1775750364267	94622	200	4579	384
1775750363736	95524	200	4583	387
1775750363860	95486	200	4583	386
1775750362860	96876	200	4588	390
1775750362386	97363	200	4588	389
1775750457918	-1	-1	4590	390
1775750458054	-1	-1	4592	391
1775750458102	-1	-1	4594	392
1775750458146	-1	-1	4594	391
1775750363407	96767	200	4594	390
1775750458172	-1	-1	4594	389
1775750363406	96795	200	4594	388
1775750458217	-1	-1	4594	387
1775750458273	-1	-1	4594	386
1775750458361	-1	-1	4595	386
1775750458387	-1	-1	4595	385
1775750458398	-1	-1	4595	384
1775750458604	-1	-1	4600	388
1775750458617	-1	-1	4600	387
1775750458631	-1	-1	4600	386
1775750362986	97674	200	4600	385
1775750363927	96889	200	4602	386
1775750458829	-1	-1	4602	385
1775750458963	-1	-1	4605	387
1775750458987	-1	-1	4605	386
1775750459067	-1	-1	4606	386
1775750459118	-1	-1	4606	385
1775750363985	97322	200	4607	385
1775750362437	98909	200	4607	384
1775750459400	-1	-1	4607	383
1775750459410	-1	-1	4607	382
1775750459424	-1	-1	4607	381
1775750459521	-1	-1	4609	382
1775750370500	91061	200	4609	381
1775750459678	-1	-1	4611	382
1775750364790	96954	200	4612	382
1775750459881	-1	-1	4614	383
1775750459913	-1	-1	4614	382
1775750459957	-1	-1	4614	381
1775750460031	-1	-1	4614	380
1775750460073	-1	-1	4614	379
1775750460102	-1	-1	4615	379
1775750460331	-1	-1	4620	383
1775750460434	-1	-1	4621	383
1775750460464	-1	-1	4621	382
1775750460491	-1	-1	4622	382
1775750460496	-1	-1	4622	381
1775750460562	-1	-1	4622	380
1775750364984	97620	200	4622	379
1775750460671	-1	-1	4623	379
1775750364900	97804	200	4624	379
1775750460807	-1	-1	4626	380
1775750460840	-1	-1	4626	379
1775750460928	-1	-1	4626	378
1775750370504	92441	200	4626	377
1775750460949	-1	-1	4626	376
1775750371118	91927	200	4626	375
1775750461076	-1	-1	4627	375
1775750461168	-1	-1	4627	374
1775750371068	92375	200	4631	377
1775750461483	-1	-1	4631	376
1775750461523	-1	-1	4633	377
1775750461602	-1	-1	4635	378
1775750461607	-1	-1	4635	377
1775750369569	94074	200	4635	376
1775750461707	-1	-1	4637	377
1775750461795	-1	-1	4639	378
1775750461801	-1	-1	4639	377
1775750369175	94789	200	4639	376
1775750370667	93500	200	4640	376
1775750369655	94799	200	4644	379
1775750462491	-1	-1	4645	379
1775750371189	93401	200	4645	378
1775750369315	95643	200	4647	379
1775750370337	94718	200	4648	379
1775750463497	-1	-1	4655	385
1775750370695	94850	200	4656	385
1775750370306	95403	200	4659	387
1775750371381	94724	200	4662	389
1775750369857	96297	200	4664	390
1775750370393	96075	200	4664	389
1775750369410	97145	200	4664	388
1775750464643	-1	-1	4665	388
1775750464941	-1	-1	4668	390
1775750465044	-1	-1	4668	389
1775750370458	96755	200	4671	391
1775750465216	-1	-1	4671	390
1775750465216	-1	-1	4671	389
1775750465251	-1	-1	4671	388
1775750465257	-1	-1	4671	387
1775750370929	96391	200	4672	387
1775750465406	-1	-1	4673	387
1775750465467	-1	-1	4674	387
1775750465497	-1	-1	4674	386
1775750465526	-1	-1	4674	385
1775750371506	96050	200	4675	385
1775750369959	97635	200	4676	385
1775750465598	-1	-1	4676	384
1775750465668	-1	-1	4677	384
1775750465695	-1	-1	4677	383
1775750465843	-1	-1	4678	383
1775750371510	96343	200	4678	382
1775750466050	-1	-1	4682	385
1775750466097	-1	-1	4682	384
1775750466133	-1	-1	4682	383
1775750466154	-1	-1	4682	382
1775750371570	96589	200	4682	381
1775750466606	-1	-1	4687	385
1775750466794	-1	-1	4692	389
1775750369471	99356	200	4692	388
1775750466883	-1	-1	4692	387
1775750466899	-1	-1	4692	386
1775750371603	97364	200	4692	385
1775750467079	-1	-1	4693	385
1775750467098	-1	-1	4693	384
1775750467150	-1	-1	4693	383
1775750371597	97630	200	4693	382
1775750371671	97601	200	4695	383
1775750467296	-1	-1	4695	382
1775750467331	-1	-1	4695	381
1775750467438	-1	-1	4696	381
1775750371702	97798	200	4697	381
1775750467551	-1	-1	4698	381
1775750467563	-1	-1	4698	380
1775750467628	-1	-1	4698	379
1775750378022	91746	200	4699	379
1775750467845	-1	-1	4700	379
1775750467911	-1	-1	4701	379
1775750467966	-1	-1	4701	378
1775750468004	-1	-1	4701	377
1775750467999	-1	-1	4701	377
1775750376523	93650	200	4702	376
1775750468287	-1	-1	4702	375
1775750468344	-1	-1	4702	374
1775750468362	-1	-1	4702	373
1775750377603	92873	200	4704	374
1775750468494	-1	-1	4704	373
1775750468570	-1	-1	4704	372
1775750468636	-1	-1	4704	371
1775750468653	-1	-1	4704	370
1775750468704	-1	-1	4704	369
1775750468750	-1	-1	4704	368
1775750468792	-1	-1	4704	367
1775750377526	93329	200	4704	366
1775750468998	-1	-1	4704	365
1775750377695	93386	200	4704	364
1775750377152	94310	200	4707	366
1775750377233	94310	200	4708	366
1775750377234	94549	200	4709	366
1775750377745	94139	200	4709	365
1775750378250	93838	200	4712	367
1775750376751	95644	200	4715	369
1775750377270	95679	200	4723	376
1775750378298	94952	200	4726	378
1775750377787	95584	200	4727	378
1775750376823	96678	200	4729	381
1775750378299	95397	200	4732	381
1775750378382	95632	200	4733	381
1775750377431	96854	200	4740	387
1775750377926	96746	200	4744	390
1775750473018	-1	-1	4749	394
1775750377359	97708	200	4751	395
1775750473065	-1	-1	4751	394
1775750473337	-1	-1	4756	398
1775750378449	96923	200	4758	399
1775750378497	96940	200	4758	398
1775750473446	-1	-1	4758	397
1775750473481	-1	-1	4758	396
1775750473503	-1	-1	4758	395
1775750473503	-1	-1	4758	394
1775750473537	-1	-1	4759	394
1775750378531	97097	200	4759	393
1775750378929	96892	200	4761	394
1775750473957	-1	-1	4763	395
1775750474017	-1	-1	4764	395
1775750474044	-1	-1	4764	394
1775750474071	-1	-1	4764	393
1775750474091	-1	-1	4765	393
1775750474185	-1	-1	4765	392
1775750474233	-1	-1	4765	391
1775750474238	-1	-1	4765	390
1775750474441	-1	-1	4769	393
1775750474446	-1	-1	4769	392
1775750474463	-1	-1	4769	391
1775750474535	-1	-1	4769	390
1775750378926	97688	200	4769	389
1775750474756	-1	-1	4770	389
1775750474791	-1	-1	4770	388
1775750474872	-1	-1	4773	390
1775750474915	-1	-1	4773	389
1775750379033	97959	200	4774	389
1775750474993	-1	-1	4774	388
1775750475041	-1	-1	4774	387
1775750475046	-1	-1	4774	386
1775750475163	-1	-1	4776	387
1775750475178	-1	-1	4776	386
1775750475190	-1	-1	4776	385
1775750475187	-1	-1	4776	384
1775750475222	-1	-1	4776	383
1775750475345	-1	-1	4776	382
1775750475345	-1	-1	4776	381
1775750379048	98353	200	4776	380
1775750379123	98309	200	4776	379
1775750475528	-1	-1	4778	380
1775750379179	98455	200	4779	380
1775750475709	-1	-1	4780	380
1775750475726	-1	-1	4780	379
1775750383551	94282	200	4780	378
1775750475844	-1	-1	4780	377
1775750475848	-1	-1	4780	376
1775750475977	-1	-1	4780	375
1775750476081	-1	-1	4781	375
1775750476285	-1	-1	4782	375
1775750476296	-1	-1	4782	374
1775750476361	-1	-1	4782	373
1775750476440	-1	-1	4783	373
1775750476700	-1	-1	4786	375
1775750379211	99591	200	4787	375
1775750476808	-1	-1	4787	374
1775750476859	-1	-1	4788	374
1775750476874	-1	-1	4788	373
1775750383003	95944	200	4788	372
1775750476979	-1	-1	4788	371
1775750383545	95601	200	4789	371
1775750477141	-1	-1	4789	370
1775750477163	-1	-1	4789	369
1775750384097	95101	200	4789	368
1775750384589	94820	200	4793	371
1775750477451	-1	-1	4793	370
1775750477467	-1	-1	4794	370
1775750477617	-1	-1	4795	370
1775750477675	-1	-1	4796	370
1775750383576	96271	200	4797	370
1775750384129	96211	200	4797	369
1775750384728	95919	200	4797	368
1775750385141	95617	200	4800	370
1775750384650	96315	200	4802	371
1775750385177	95887	200	4802	370
1775750385235	96029	200	4802	369
1775750385353	96127	200	4804	370
1775750385293	96686	200	4808	373
1775750385328	97109	200	4811	375
1775750383357	99404	200	4817	380
1775750384891	97970	200	4817	379
1775750383901	99086	200	4818	379
1775750383464	99720	200	4819	379
1775750385862	97631	200	4824	383
1775750384980	98831	200	4827	385
1775750385517	98670	200	4830	387
1775750385623	98915	200	4832	388
1775750482736	-1	-1	4833	388
1775750385823	98921	200	4833	387
1775750482744	-1	-1	4833	386
1775750482946	-1	-1	4837	389
1775750483011	-1	-1	4837	388
1775750385927	99210	200	4838	388
1775750483210	-1	-1	4841	390
1775750385895	99344	200	4841	389
1775750483258	-1	-1	4841	388
1775750483296	-1	-1	4841	387
1775750483323	-1	-1	4841	386
1775750483453	-1	-1	4842	386
1775750391041	94437	200	4842	385
1775750483538	-1	-1	4843	385
1775750393030	92534	200	4844	385
1775750483654	-1	-1	4845	385
1775750483753	-1	-1	4845	384
1775750391549	94447	200	4849	387
1775750484074	-1	-1	4852	389
1775750484125	-1	-1	4852	388
1775750484159	-1	-1	4852	387
1775750484251	-1	-1	4853	387
1775750391578	94735	200	4853	386
1775750484494	-1	-1	4853	385
1775750393073	93573	200	4855	386
1775750484731	-1	-1	4855	385
1775750484756	-1	-1	4855	384
1775750484772	-1	-1	4855	383
1775750391608	95222	200	4857	384
1775750484843	-1	-1	4857	383
1775750484933	-1	-1	4858	383
1775750485081	-1	-1	4860	384
1775750391110	96035	200	4860	383
1775750485154	-1	-1	4860	382
1775750485174	-1	-1	4861	382
1775750485189	-1	-1	4861	381
1775750485403	-1	-1	4864	383
1775750391110	96322	200	4864	382
1775750485533	-1	-1	4865	382
1775750485543	-1	-1	4865	381
1775750485569	-1	-1	4866	381
1775750392111	95683	200	4869	383
1775750485807	-1	-1	4869	382
1775750485822	-1	-1	4870	382
1775750485894	-1	-1	4870	381
1775750485908	-1	-1	4870	380
1775750393131	94797	200	4870	379
1775750486004	-1	-1	4871	379
1775750486017	-1	-1	4871	378
1775750486058	-1	-1	4871	377
1775750393179	94960	200	4871	376
1775750393141	95094	200	4871	375
1775750486226	-1	-1	4871	374
1775750391151	97287	200	4873	375
1775750486613	-1	-1	4875	376
1775750486638	-1	-1	4875	375
1775750393159	95673	200	4876	375
1775750486826	-1	-1	4876	374
1775750486826	-1	-1	4876	373
1775750486891	-1	-1	4877	373
1775750486981	-1	-1	4879	374
1775750392700	96425	200	4880	374
1775750392718	96688	200	4882	375
1775750392216	97332	200	4882	374
1775750391248	98578	200	4885	376
1775750392278	97657	200	4887	377
1775750391803	98422	200	4889	378
1775750392268	98166	200	4890	378
1775750391816	98804	200	4893	380
1775750391835	98986	200	4894	380
1775750391295	99835	200	4898	383
1775750391354	100248	200	4904	388
1775750393364	98463	200	4906	389
1775750489881	-1	-1	4906	388
1775750489891	-1	-1	4906	387
1775750489952	-1	-1	4907	387
1775750391373	100723	200	4912	391
1775750490134	-1	-1	4912	390
1775750398027	94191	200	4912	389
1775750490273	-1	-1	4912	388
1775750490528	-1	-1	4913	388
1775750490534	-1	-1	4913	387
1775750399558	93027	200	4913	386
1775750490615	-1	-1	4913	385
1775750399028	93605	200	4913	384
1775750490699	-1	-1	4915	385
1775750490832	-1	-1	4916	385
1775750490847	-1	-1	4916	384
1775750490898	-1	-1	4916	383
1775750490946	-1	-1	4917	383
1775750398047	94916	200	4917	382
1775750399071	94050	200	4918	382
1775750491248	-1	-1	4918	381
1775750491314	-1	-1	4919	381
1775750491348	-1	-1	4919	380
1775750491495	-1	-1	4921	381
1775750491510	-1	-1	4921	380
1775750491542	-1	-1	4921	379
1775750399081	94464	200	4921	378
1775750399646	93984	200	4921	377
1775750491629	-1	-1	4921	376
1775750491663	-1	-1	4922	376
1775750491895	-1	-1	4923	376
1775750491982	-1	-1	4925	377
1775750491980	-1	-1	4925	376
1775750491989	-1	-1	4925	375
1775750491993	-1	-1	4925	374
1775750399100	94956	200	4925	373
1775750398164	95909	200	4925	372
1775750492081	-1	-1	4925	371
1775750492347	-1	-1	4926	371
1775750398159	96472	200	4927	371
1775750492643	-1	-1	4927	370
1775750492671	-1	-1	4928	370
1775750399653	95031	200	4928	369
1775750492756	-1	-1	4928	368
1775750492916	-1	-1	4928	367
1775750492976	-1	-1	4928	366
1775750400164	94891	200	4928	365
1775750400194	94973	200	4928	364
1775750493285	-1	-1	4930	365
1775750493429	-1	-1	4933	367
1775750493460	-1	-1	4933	366
1775750398190	97342	200	4933	365
1775750400205	95420	200	4934	365
1775750493644	-1	-1	4934	364
1775750493886	-1	-1	4937	366
1775750493917	-1	-1	4937	365
1775750493976	-1	-1	4938	365
1775750398275	97869	200	4938	364
1775750398714	97473	200	4940	365
1775750398737	97874	200	4945	369
1775750399823	96832	200	4945	368
1775750400270	96766	200	4946	368
1775750400331	96798	200	4947	368
1775750399841	97756	200	4950	370
1775750400364	97241	200	4950	369
1775750398903	99033	200	4951	369
1775750400438	97565	200	4952	369
1775750400512	97923	200	4955	371
1775750399954	98584	200	4955	370
1775750406533	92338	200	4959	373
1775750407051	91893	200	4959	372
1775750407040	92218	200	4962	374
1775750406606	92776	200	4963	374
1775750406094	93740	200	4968	378
1775750407625	92217	200	4968	377
1775750406113	94136	200	4970	378
1775750407189	93104	200	4970	377
1775750408163	92498	200	4975	381
1775750406124	94636	200	4976	381
1775750406630	94462	200	4981	385
1775750408231	93023	200	4983	386
1775750406231	95329	200	4988	390
1775750406735	94932	200	4988	389
1775750499768	-1	-1	4988	388
1775750407718	94248	200	4989	388
1775750500066	-1	-1	4990	388
1775750406739	95426	200	4991	388
1775750500249	-1	-1	4991	387
1775750500462	-1	-1	4992	387
1775750500466	-1	-1	4992	386
1775750406799	95685	200	4992	385
1775750500495	-1	-1	4992	384
1775750500607	-1	-1	4994	385
1775750500650	-1	-1	4994	384
1775750500694	-1	-1	4994	383
1775750408251	94519	200	4994	382
1775750500779	-1	-1	4995	382
1775750500808	-1	-1	4995	381
1775750500897	-1	-1	4996	381
1775750500920	-1	-1	4996	380
1775750500939	-1	-1	4998	381
1775750407284	95793	200	4999	381
1775750501175	-1	-1	5000	381
1775750501224	-1	-1	5000	380
1775750407865	95409	200	5000	379
1775750501328	-1	-1	5000	378
1775750501366	-1	-1	5000	377
1775750501376	-1	-1	5000	376
1775750501526	-1	-1	5000	375
1775750501531	-1	-1	5000	374
1775750408306	95280	200	5000	373
1775750501794	-1	-1	5000	372
1775750406853	96965	200	5000	371
1775750502008	-1	-1	5000	370
1775750407815	96346	200	5000	369
1775750502159	-1	-1	5000	368
1775750502258	-1	-1	5000	367
1775750406369	97937	200	5000	366
1775750502502	-1	-1	5000	365
1775750406903	97688	200	5000	364
1775750502593	-1	-1	5000	363
1775750502777	-1	-1	5000	362
1775750407462	97324	200	5000	361
1775750502895	-1	-1	5000	360
1775750502928	-1	-1	5000	359
1775750502946	-1	-1	5000	358
1775750503002	-1	-1	5000	357
1775750503172	-1	-1	5000	356
1775750408433	96755	200	5000	355
1775750415111	90281	200	5000	354
1775750414585	91105	200	5000	353
1775750415060	90895	200	5000	352
1775750416093	90023	200	5000	351
1775750414679	91718	200	5000	350
1775750415207	91294	200	5000	349
1775750416265	90540	200	5000	348
1775750416292	90718	200	5000	347
1775750414742	92567	200	5000	346
1775750415281	92135	200	5000	345
1775750415237	92475	200	5000	344
1775750414299	93612	200	5000	343
1775750414305	94276	200	5000	342
1775750414304	94506	200	5000	341
1775750414890	94324	200	5000	340
1775750414426	94863	200	5000	339
1775750414459	95087	200	5000	338
1775750416467	93267	200	5000	337
1775750415493	94843	200	5000	336
1775750414493	96059	200	5000	335
1775750415996	95013	200	5000	334
1775750416533	94607	200	5000	333
1775750417097	94350	200	5000	332
1775750416582	94964	200	5000	331
1775750417062	94765	200	5000	330
1775750416591	95463	200	5000	329
1775750417294	95230	200	5000	328
1775750417265	95549	200	5000	327
1775750417214	95904	200	5000	326
1775750417338	95985	200	5000	325
1775750417491	95929	200	5000	324
1775750417486	96106	200	5000	323
1775750417517	96251	200	5000	322
1775750424009	90060	200	5000	321
1775750423569	90818	200	5000	320
1775750424018	90566	200	5000	319
1775750423023	91941	200	5000	318
1775750423546	91606	200	5000	317
1775750422583	92940	200	5000	316
1775750422567	93063	200	5000	315
1775750422074	93871	200	5000	314
1775750422597	93450	200	5000	313
1775750422599	93831	200	5000	312
1775750423610	92895	200	5000	311
1775750422639	94188	200	5000	310
1775750423141	93881	200	5000	309
1775750423229	94089	200	5000	308
1775750423210	94247	200	5000	307
1775750423734	93994	200	5000	306
1775750423791	94138	200	5000	305
1775750423347	94785	200	5000	304
1775750424319	94027	200	5000	303
1775750424294	94321	200	5000	302
1775750424353	94453	200	5000	301
1775750422878	96146	200	5000	300
1775750423376	95929	200	5000	299
1775750422358	97145	200	5000	298
1775750424371	95349	200	5000	297
1775750423431	96499	200	5000	296
1775750423399	96972	200	5000	295
1775750422484	98102	200	5000	294
1775750423920	97142	200	5000	293
1775750430514	90642	200	5000	292
1775750431016	90190	200	5000	291
1775750431060	90336	200	5000	290
1775750430061	91734	200	5000	289
1775750429577	92718	200	5000	288
1775750429601	92790	200	5000	287
1775750429188	93514	200	5000	286
1775750430129	92609	200	5000	285
1775750429126	93902	200	5000	284
1775750430162	93032	200	5000	283
1775750430757	92758	200	5000	282
1775750431219	92482	200	5000	281
1775750429264	94838	200	5000	280
1775750430759	93443	200	5000	279
1775750429267	95335	200	5000	278
1775750430872	93837	200	5000	277
1775750429305	95860	200	5000	276
1775750430825	94436	200	5000	275
1775750430888	94694	200	5000	274
1775750431400	94309	200	5000	273
1775750431395	94634	200	5000	272
1775750431402	94722	200	5000	271
1775750431439	94967	200	5000	270
1775750429954	96661	200	5000	269
1775750429447	97647	200	5000	268
1775750429486	97617	200	5000	267
1775750431682	95749	200	5000	266
1775750429484	98029	200	5000	265
1775750436000	91976	200	5000	264
1775750431701	96316	200	5000	263
1775750436196	92221	200	5000	262
1775750437648	90780	200	5000	261
1775750437648	91178	200	5000	260
1775750437801	91120	200	5000	259
1775750437787	91453	200	5000	258
1775750437260	92084	200	5000	257
1775750436858	92859	200	5000	256
1775750437369	92518	200	5000	255
1775750436845	93381	200	5000	254
1775750436872	93444	200	5000	253
1775750437892	92671	200	5000	252
1775750436922	93727	200	5000	251
1775750436872	94062	200	5000	250
1775750436907	94230	200	5000	249
1775750436931	94420	200	5000	248
1775750436933	94611	200	5000	247
1775750437435	94328	200	5000	246
1775750438448	93602	200	5000	245
1775750436481	95798	200	5000	244
1775750438573	93983	200	5000	243
1775750438674	94275	200	5000	242
1775750438629	94583	200	5000	241
1775750438696	94818	200	5000	240
1775750438743	95011	200	5000	239
1775750438757	95458	200	5000	238
1775750444502	89741	200	5000	237
1775750445537	88879	200	5000	236
1775750444033	90446	200	5000	235
1775750438881	96191	200	5000	234
1775750446009	89257	200	5000	233
1775750445584	90147	200	5000	232
1775750445625	90210	200	5000	231
1775750445071	90919	200	5000	230
1775750446147	89947	200	5000	229
1775750446151	90227	200	5000	228
1775750445124	91586	200	5000	227
1775750444630	92450	200	5000	226
1775750445181	92168	200	5000	225
1775750446159	91504	200	5000	224
1775750444720	93130	200	5000	223
1775750444239	93727	200	5000	222
1775750446354	91847	200	5000	221
1775750444396	93924	200	5000	220
1775750446266	92350	200	5000	219
1775750446308	92592	200	5000	218
1775750446447	92784	200	5000	217
1775750446451	93077	200	5000	216
1775750444454	95445	200	5000	215
1775750445480	94701	200	5000	214
1775750445454	95021	200	5000	213
1775750444976	95700	200	5000	212
1775750446527	94275	200	5000	211
1775750444489	96533	200	5000	210
1775750447011	94213	200	5000	209
1775750447147	94286	200	5000	208
1775750447103	94531	200	5000	207
1775750446943	95084	200	5000	206
1775750447242	94996	200	5000	205
1775750447339	95359	200	5000	204
1775750452509	90321	200	5000	203
1775750453028	89934	200	5000	202
1775750454076	88965	200	5000	201
1775750453090	90326	200	5000	200
1775750452079	91570	200	5000	199
1775750452582	91720	200	5000	198
1775750452609	91700	200	5000	197
1775750454114	90430	200	5000	196
1775750452784	91789	200	5000	195
1775750454309	91007	200	5000	194
1775750452372	93010	200	5000	193
1775750454311	91410	200	5000	192
1775750453448	92296	200	5000	191
1775750453948	92173	200	5000	190
1775750454451	91776	200	5000	189
1775750453958	92667	200	5000	188
1775750455644	90996	200	5000	187
1775750455859	91215	200	5000	186
1775750455080	92092	200	5000	185
1775750455293	92285	200	5000	184
1775750455510	92147	200	5000	183
1775750455999	91955	200	5000	182
1775750456113	91897	200	5000	181
1775750456189	92205	200	5000	180
1775750456268	92145	200	5000	179
1775750456412	92472	200	5000	178
1775750456501	92415	200	5000	177
1775750456370	92948	200	5000	176
1775750456541	92813	200	5000	175
1775750456655	93192	200	5000	174
1775750456839	93015	200	5000	173
1775750457020	93296	200	5000	172
1775750456827	93517	200	5000	171
1775750457037	93847	200	5000	170
1775750457120	93896	200	5000	169
1775750457174	94312	200	5000	168
1775750457319	94293	200	5000	167
1775750457456	94687	200	5000	166
1775750463516	88825	200	5000	165
1775750457540	95108	200	5000	164
1775750457846	95029	200	5000	163
1775750463051	90208	200	5000	162
1775750463554	89990	200	5000	161
1775750463601	90087	200	5000	160
1775750462099	91706	200	5000	159
1775750462626	91357	200	5000	158
1775750464141	90044	200	5000	157
1775750462162	92427	200	5000	156
1775750463666	91224	200	5000	155
1775750462185	93082	200	5000	154
1775750463199	92178	200	5000	153
1775750463692	91892	200	5000	152
1775750462697	92990	200	5000	151
1775750464222	91668	200	5000	150
1775750462224	94069	200	5000	149
1775750463736	92752	200	5000	148
1775750462281	94497	200	5000	147
1775750463785	93213	200	5000	146
1775750463254	93938	200	5000	145
1775750463237	94213	200	5000	144
1775750464297	93400	200	5000	143
1775750462787	95272	200	5000	142
1775750462316	95941	200	5000	141
1775750462796	95588	200	5000	140
1775750462368	96150	200	5000	139
1775750463332	95368	200	5000	138
1775750464377	94537	200	5000	137
1775750464417	94787	200	5000	136
1775750464478	95027	200	5000	135
1775750471216	88490	200	5000	134
1775750469539	90385	200	5000	133
1775750469734	90478	200	5000	132
1775750470051	90518	200	5000	131
1775750471086	89687	200	5000	130
1775750469356	91518	200	5000	129
1775750469247	91787	200	5000	128
1775750469800	91416	200	5000	127
1775750469271	92148	200	5000	126
1775750469905	91816	200	5000	125
1775750469461	92482	200	5000	124
1775750470397	91766	200	5000	123
1775750471383	91049	200	5000	122
1775750470471	92182	200	5000	121
1775750471631	91302	200	5000	120
1775750471531	91734	200	5000	119
1775750471950	91548	200	5000	118
1775750471898	92003	200	5000	117
1775750472219	91812	200	5000	116
1775750471984	92161	200	5000	115
1775750472160	92095	200	5000	114
1775750472607	91941	200	5000	113
1775750472526	92486	200	5000	112
1775750472238	93174	200	5000	111
1775750472604	92951	200	5000	110
1775750472800	92860	200	5000	109
1775750472610	93146	200	5000	108
1775750472692	93283	200	5000	107
1775750472764	93677	200	5000	106
1775750472989	93866	200	5000	105
1775750472840	94126	200	5000	104
1775750478053	89120	200	5000	103
1775750478550	88826	200	5000	102
1775750478583	88998	200	5000	101
1775750478624	89077	200	5000	100
1775750479584	88399	200	5000	99
1775750479105	89179	200	5000	98
1775750479702	88982	200	5000	97
1775750479640	89250	200	5000	96
1775750478706	90644	200	5000	95
1775750478221	91182	200	5000	94
1775750479267	90326	200	5000	93
1775750479340	90358	200	5000	92
1775750478855	91278	200	5000	91
1775750479366	91014	200	5000	90
1775750478425	92343	200	5000	89
1775750479406	91561	200	5000	88
1775750479472	91706	200	5000	87
1775750480654	90581	200	5000	86
1775750480725	90793	200	5000	85
1775750480936	90655	200	5000	84
1775750480743	91086	200	5000	83
1775750481279	90758	200	5000	82
1775750480920	91475	200	5000	81
1775750481474	91156	200	5000	80
1775750481848	91104	200	5000	79
1775750481615	91481	200	5000	78
1775750481959	91531	200	5000	77
1775750481961	91736	200	5000	76
1775750482239	91699	200	5000	75
1775750482540	91587	200	5000	74
1775750482181	92209	200	5000	73
1775750482362	92220	200	5000	72
1775750482656	92226	200	5000	71
1775750488518	86584	200	5000	70
1775750482635	92596	200	5000	69
1775750482559	92853	200	5000	68
1775750487548	87993	200	5000	67
1775750489042	86764	200	5000	66
1775750488544	87467	200	5000	65
1775750487066	89239	200	5000	64
1775750487199	89421	200	5000	63
1775750489144	87647	200	5000	62
1775750487620	89533	200	5000	61
1775750487166	90099	200	5000	60
1775750487781	89803	200	5000	59
1775750487235	90374	200	5000	58
1775750487717	90263	200	5000	57
1775750487824	90258	200	5000	56
1775750488793	89610	200	5000	55
1775750488334	90330	200	5000	54
1775750488348	90701	200	5000	53
1775750488865	90304	200	5000	52
1775750489385	89911	200	5000	51
1775750488960	90455	200	5000	50
1775750487404	92267	200	5000	49
1775750487956	92011	200	5000	48
1775750488966	91385	200	5000	47
1775750487468	93180	200	5000	46
1775750489550	91277	200	5000	45
1775750489752	91276	200	5000	44
1775750489768	91401	200	5000	43
1775750494675	86703	200	5000	42
1775750496160	85415	200	5000	41
1775750496169	85702	200	5000	40
1775750495611	86563	200	5000	39
1775750495258	87405	200	5000	38
1775750495215	87554	200	5000	37
1775750495704	87447	200	5000	36
1775750494281	88943	200	5000	35
1775750495794	87773	200	5000	34
1775750495395	88233	200	5000	33
1775750495797	88171	200	5000	32
1775750495392	88736	200	5000	31
1775750494436	89989	200	5000	30
1775750495427	89147	200	5000	29
1775750496442	88387	200	5000	28
1775750495955	89018	200	5000	27
1775750496461	88778	200	5000	26
1775750496540	88847	200	5000	25
1775750496501	89269	200	5000	24
1775750496521	89351	200	5000	23
1775750497093	89081	200	5000	22
1775750497256	89024	200	5000	21
1775750496848	89830	200	5000	20
1775750497350	89388	200	5000	19
1775750497485	89657	200	5000	18
1775750497891	89274	200	5000	17
1775750498016	89578	200	5000	16
1775750497947	89659	200	5000	15
1775750498839	89232	200	5000	14
1775750498149	89924	200	5000	13
1775750498267	90236	200	5000	12
1775750498709	89805	200	5000	11
1775750498842	90147	200	5000	10
1775750498766	90241	200	5000	9
1775750499073	90397	200	5000	8
1775750498970	90527	200	5000	7
1775750499304	90598	200	5000	6
1775750499237	90683	200	5000	5
1775750499594	90718	200	5000	4
1775750499531	90798	200	5000	3
1775750499599	91108	200	5000	2
1775750499416	91309	200	5000	1