1775756005785	784	200	2	2
1775756006464	679	200	3	2
1775756006832	671	200	3	1
1775756007538	628	200	4	1
1775756008413	777	200	8	4
1775756008451	1065	200	10	5
1775756008758	1348	200	11	5
1775756008818	1806	200	13	6
1775756009263	1669	200	14	6
1775756009419	1811	200	14	5
1775756009999	1408	200	14	4
1775756010515	1319	200	15	4
1775756010596	1588	200	16	4
1775756010847	1465	200	16	3
1775756011571	1016	200	16	2
1775756011988	769	200	16	1
1775756013799	741	200	21	5
1775756013828	914	200	21	4
1775756014114	1001	200	21	3
1775756014234	1203	200	21	2
1775756014464	1104	200	21	1
1775756018388	656	200	25	4
1775756018573	728	200	26	4
1775756018863	841	200	27	4
1775756019041	889	200	29	5
1775756019300	915	200	31	6
1775756019600	1120	200	32	6
1775756019719	1329	200	32	5
1775756019858	1532	200	32	4
1775756019942	1634	200	32	3
1775756020049	1658	200	32	2
1775756020219	1621	200	32	1
1775756023143	670	200	34	2
1775756023222	776	200	34	1
1775756024409	429	200	35	1
1775756025241	456	200	36	1
1775756025867	697	200	39	3
1775756025921	1135	200	39	2
1775756026104	1165	200	40	2
1775756027090	768	200	42	3
1775756027275	1006	200	42	2
1775756027587	914	200	44	3
1775756028409	1610	200	49	7
1775756028444	1779	200	49	6
1775756028587	1820	200	50	6
1775756029717	873	200	50	5
1775756029741	1145	200	51	5
1775756029758	1453	200	51	4
1775756029946	1954	200	51	3
1775756030327	1673	200	51	2
1775756030878	1230	200	52	2
1775756032060	682	200	54	3
1775756032206	809	200	55	3
1775756032699	779	200	56	3
1775756032879	1043	200	56	2
1775756033029	958	200	56	1
1775756034262	539	200	57	1
1775756035327	491	200	58	1
1775756036248	446	200	59	1
1775756036713	506	200	61	2
1775756037047	581	200	62	2
1775756037352	591	200	62	1
1775756039124	563	200	63	1
1775756039816	1237	200	67	4
1775756039865	1419	200	67	3
1775756040108	1315	200	67	2
1775756040725	869	200	67	1
1775756041621	613	200	71	4
1775756041821	1143	200	72	4
1775756041915	1293	200	72	3
1775756041961	1325	200	72	2
1775756042562	837	200	72	1
1775756044332	507	200	74	2
1775756044490	583	200	74	1
1775756045393	584	200	77	3
1775756045555	828	200	78	3
1775756045638	872	200	79	3
1775756046289	600	200	80	3
1775756046504	763	200	80	2
1775756046636	783	200	80	1
1775756047424	578	200	83	3
1775756047738	896	200	85	4
1775756047853	897	200	85	3
1775756048506	1146	200	88	5
1775756048490	1163	200	88	4
1775756049121	731	200	88	3
1775756049439	769	200	88	2
1775756049499	885	200	88	1
1775756050806	426	200	89	1
1775756051305	418	200	90	1
1775756051901	482	200	91	1
1775756052389	752	200	93	2
1775756052675	915	200	94	2
1775756053193	850	200	96	3
1775756053774	721	200	97	3
1775756054040	696	200	98	3
1775756054313	827	200	99	3
1775756054525	933	200	100	3
1775756054776	983	200	100	2
1775756055147	772	200	101	2
1775756055852	532	200	101	1
1775756056648	488	200	102	1
1775756057431	484	200	103	1
1775756058540	525	200	104	1
1775756060259	497	200	106	2
1775756060638	575	200	107	2
1775756061005	615	200	107	1
1775756061970	509	200	108	1
1775756062598	503	200	109	1
1775756063180	516	200	110	1
1775756065576	439	200	112	2
1775756065982	550	200	115	4
1775756066313	1001	200	117	5
1775756066380	1183	200	117	4
1775756066622	1381	200	118	4
1775756066528	1513	200	118	3
1775756066926	1273	200	119	3
1775756067659	756	200	120	3
1775756068195	795	200	120	2
1775756068373	765	200	121	2
1775756069130	565	200	121	1
1775756069729	533	200	123	2
1775756069891	624	200	123	1
1775756071025	626	200	128	5
1775756071231	1031	200	129	5
1775756071319	1309	200	130	5
1775756071558	1736	200	135	9
1775756071560	1761	200	135	8
1775756071746	1813	200	135	7
1775756072615	1067	200	135	6
1775756072901	1717	200	136	6
1775756072922	2108	200	136	5
1775756073091	2360	200	136	4
1775756072969	2553	200	136	3
1775756073139	2622	200	137	3
1775756073767	2167	200	138	3
1775756075744	909	200	139	3
1775756075892	1325	200	143	6
1775756076046	1199	200	143	5
1775756076736	1317	200	146	7
1775756076735	1318	200	146	6
1775756076961	1575	200	146	5
1775756076976	1565	200	146	4
1775756077741	1177	200	148	5
1775756077578	1672	200	148	4
1775756078012	1337	200	148	3
1775756078817	1022	200	148	2
1775756078810	1102	200	148	1
1775756080155	518	200	152	4
1775756080459	1266	200	155	6
1775756080508	1498	200	155	5
1775756080625	1539	200	155	4
1775756081101	1207	200	155	3
1775756081428	1200	200	155	2
1775756081442	1322	200	155	1
1775756084057	441	200	156	1
1775756084557	1200	200	161	5
1775756084518	1296	200	161	4
1775756084720	1256	200	161	3
1775756085492	715	200	162	3
1775756085735	706	200	164	4
1775756086060	660	200	165	4
1775756086280	1048	200	168	6
1775756086255	1176	200	168	5
1775756086516	1088	200	169	5
1775756086975	747	200	169	4
1775756087109	880	200	169	3
1775756087221	1041	200	169	2
1775756087488	907	200	169	1
1775756089003	463	200	172	3
1775756089355	752	200	174	4
1775756089311	864	200	175	4
1775756089794	666	200	176	4
1775756089888	766	200	176	3
1775756090135	914	200	179	5
1775756090306	898	200	179	4
1775756090691	1038	200	182	6
1775756090661	1242	200	182	5
1775756091035	1280	200	182	4
1775756091289	1213	200	182	3
1775756091329	1495	200	184	4
1775756091604	1337	200	184	3
1775756092594	1107	200	185	3
1775756092657	1061	200	185	2
1775756093637	615	200	187	3
1775756093800	1011	200	188	3
1775756093875	949	200	188	2
1775756094603	552	200	190	3
1775756094973	989	200	192	4
1775756094970	1128	200	192	3
1775756095233	1154	200	192	2
1775756095685	793	200	192	1
1775756099265	388	200	194	2
1775756099568	563	200	194	1
1775756101315	538	200	195	1
1775756102961	550	200	200	5
1775756103164	846	200	201	5
1775756103260	1579	200	203	6
1775756103288	1652	200	203	5
1775756103478	1541	200	203	4
1775756103959	1170	200	203	3
1775756104109	1751	200	206	5
1775756104285	1847	200	206	4
1775756105479	1640	200	208	5
1775756105499	1649	200	208	4
1775756105521	1762	200	208	3
1775756106969	1318	200	209	3
1775756107014	1614	200	209	2
1775756107618	1270	200	210	2
1775756108767	931	200	214	5
1775756109149	1389	200	215	5
1775756109352	1772	200	215	4
1775756109332	2088	200	216	4
1775756109524	1997	200	217	4
1775756110132	1460	200	217	3
1775756111272	618	200	218	3
1775756111452	686	200	218	2
1775756111831	576	200	218	1
1775756112793	725	200	220	2
1775756112871	835	200	220	1
1775756114153	796	200	225	5
1775756114162	1042	200	225	4
1775756114206	1481	200	227	5
1775756114417	1392	200	227	4
1775756114753	1107	200	227	3
1775756115557	591	200	228	3
1775756115572	780	200	228	2
1775756115972	585	200	230	3
1775756116471	1169	200	234	6
1775756116537	1334	200	235	6
1775756116578	1335	200	235	5
1775756116998	1199	200	235	4
1775756116990	1306	200	235	3
1775756117198	1564	200	235	2
1775756117695	1100	200	235	1
1775756119551	497	200	239	4
1775756119750	834	200	239	3
1775756119847	1132	200	239	2
1775756119851	1129	200	239	1
1775756121219	830	200	243	4
1775756121245	833	200	243	3
1775756121696	908	200	243	2
1775756121750	995	200	243	1
1775756122914	483	200	244	1
1775756125808	626	200	245	1
1775756127801	642	200	248	3
1775756128174	1001	200	249	3
1775756128303	1041	200	249	2
1775756128958	661	200	251	3
1775756129489	912	200	253	4
1775756129551	932	200	253	3
1775756130222	607	200	254	3
1775756130392	691	200	256	4
1775756130630	758	200	256	3
1775756130834	898	200	256	2
1775756130959	921	200	256	1
1775756132014	487	200	257	1
1775756133261	421	200	259	2
1775756133498	521	200	259	1
1775756134200	433	200	261	2
1775756134520	521	200	261	1
1775756135126	580	200	262	1
1775756135815	549	200	263	1
1775756137677	624	200	265	2
1775756138210	706	200	265	1
1775756140248	767	200	266	1
1775756141257	773	200	268	2
1775756142041	1406	200	273	6
1775756142005	1558	200	273	5
1775756142625	1546	200	275	6
1775756142876	1438	200	275	5
1775756143345	1636	200	277	6
1775756143357	1658	200	277	5
1775756143681	2039	200	277	4
1775756143727	2090	200	277	3
1775756144527	1891	200	278	3
1775756144956	1498	200	278	2
1775756146187	815	200	279	2
1775756146934	876	200	280	2
1775756147222	863	200	280	1
1775756149158	550	200	281	1
1775756151402	468	200	282	1
1775756151883	532	200	284	2
1775756152253	572	200	284	1
1775756153579	533	200	285	1
1775756154166	773	200	292	7
1775756154179	1018	200	292	6
1775756154501	1213	200	293	6
1775756154480	1433	200	293	5
1775756154642	1598	200	294	5
1775756154680	1772	200	294	4
1775756154843	1922	200	294	3
1775756155462	1507	200	295	3
1775756156216	884	200	295	2
1775756156963	835	200	299	5
1775756157122	1429	200	303	8
1775756157234	1819	200	306	10
1775756157198	1861	200	306	9
1775756157700	1503	200	307	9
1775756157993	1430	200	308	9
1775756158179	2502	200	313	13
1775756158141	2609	200	313	12
1775756158214	2756	200	314	12
1775756158640	2382	200	314	11
1775756158729	2895	200	315	11
1775756158807	3030	200	315	10
1775756159169	3193	200	315	9
1775756159288	3400	200	315	8
1775756159485	3786	200	318	10
1775756159428	3845	200	318	9
1775756159864	3712	200	320	10
1775756160022	3730	200	320	9
1775756160359	4051	200	321	9
1775756160915	3601	200	321	8
1775756163002	1977	200	321	7
1775756161428	3603	200	321	6
1775756163099	2364	200	324	8
1775756163220	2355	200	324	7
1775756163422	2675	200	326	8
1775756163569	2738	200	326	7
1775756163819	2987	200	327	7
1775756165067	1973	200	327	6
1775756165130	2022	200	327	5
1775756165224	2165	200	327	4
1775756165784	1805	200	327	3
1775756166066	1878	200	328	3
1775756166597	1481	200	328	2
1775756167751	581	200	328	1
1775756169419	661	200	330	2
1775756169530	756	200	330	1
1775756170620	471	200	331	1
1775756171162	502	200	332	1
1775756171889	499	200	334	2
1775756172379	708	200	337	4
1775756172464	1005	200	338	4
1775756172641	993	200	338	3
1775756173030	930	200	338	2
1775756173147	967	200	338	1
1775756174701	467	200	339	1
1775756175245	483	200	340	1
1775756176253	457	200	341	1
1775756176984	451	200	344	3
1775756177250	727	200	346	4
1775756177378	782	200	346	3
1775756177780	1119	200	347	3
1775756177858	1073	200	347	2
1775756178624	715	200	350	4
1775756179098	1050	200	351	4
1775756179231	1307	200	352	4
1775756179303	1368	200	353	4
1775756179902	912	200	353	3
1775756180477	997	200	353	2
1775756180571	1042	200	354	2
1775756181525	581	200	354	1
1775756182260	536	200	356	2
1775756182578	619	200	356	1
1775756183674	628	200	360	4
1775756183774	681	200	360	3
1775756183996	765	200	360	2
1775756184199	726	200	360	1
1775756186061	447	200	363	3
1775756186310	576	200	363	2
1775756186449	644	200	363	1
1775756187866	1190	200	366	3
1775756187896	1528	200	369	5
1775756188175	1451	200	369	4
1775756189092	1670	200	370	4
1775756189123	1681	200	371	4
1775756189356	1557	200	371	3
1775756190044	965	200	371	2
1775756190788	512	200	372	2
1775756191185	518	200	372	1
1775756191850	501	200	376	4
1775756192058	933	200	376	3
1775756192117	1027	200	376	2
1775756192268	1011	200	377	2
1775756193254	543	200	377	1
1775756193983	444	200	379	2
1775756194265	525	200	379	1
1775756195030	471	200	380	1
1775756195902	429	200	381	1
1775756196644	437	200	382	1
1775756197177	417	200	384	2
1775756197451	478	200	384	1
1775756198425	1329	200	390	6
1775756198462	1347	200	390	5
1775756198452	1372	200	390	4
1775756198680	1254	200	390	3
1775756199466	1035	200	390	2
1775756199602	956	200	390	1
1775756200698	475	200	392	2
1775756200853	557	200	392	1
1775756202135	771	200	397	5
1775756202211	1301	200	398	5
1775756202331	1586	200	398	4
1775756202353	1600	200	398	3
1775756202662	1449	200	398	2
1775756203319	920	200	398	1
1775756204611	435	200	399	1
1775756205646	422	200	400	1
1775756206267	550	200	403	3
1775756206350	737	200	405	4
1775756206514	724	200	405	3
1775756206836	813	200	405	2
1775756206865	825	200	405	1
1775756208006	409	200	406	1
1775756208631	424	200	408	2
1775756208900	462	200	408	1
1775756209983	396	200	410	2
1775756210320	485	200	412	3
1775756210415	603	200	412	2
1775756210699	537	200	412	1
1775756211645	485	200	414	2
1775756211823	519	200	415	2
1775756212276	507	200	415	1
1775756213034	487	200	417	2
1775756213425	493	200	417	1
1775756214227	460	200	418	1
1775756214809	479	200	420	2
1775756215080	521	200	420	1
1775756215968	555	200	424	4
1775756216151	1117	200	426	5
1775756216141	1349	200	426	4
1775756216284	1388	200	426	3
1775756216820	971	200	426	2
1775756216994	957	200	426	1
1775756218118	467	200	428	2
1775756218494	657	200	428	1
1775756219335	811	200	432	4
1775756219504	885	200	432	3
1775756219935	819	200	434	4
1775756220082	935	200	434	3
1775756220491	823	200	434	2
1775756220684	761	200	434	1
1775756221606	530	200	437	3
1775756221724	632	200	438	3
1775756222114	534	200	438	2
1775756222357	554	200	438	1
1775756222937	568	200	439	1
1775756225818	366	200	441	2
1775756226114	431	200	442	2
1775756226301	462	200	442	1
1775756227586	383	200	444	2
1775756227657	534	200	444	1
1775756228231	447	200	447	3
1775756228363	557	200	448	3
1775756228629	604	200	448	2
1775756228781	671	200	449	2
1775756229240	556	200	449	1
1775756230728	452	200	452	3
1775756230988	832	200	453	3
1775756230979	870	200	453	2
1775756231283	749	200	453	1
1775756232462	442	200	455	2
1775756232631	512	200	455	1
1775756233648	416	200	456	1
1775756234078	506	200	458	2
1775756234203	575	200	460	3
1775756234776	749	200	460	2
1775756234748	782	200	460	1
1775756235665	444	200	464	4
1775756235829	606	200	465	4
1775756236021	944	200	466	4
1775756236061	1168	200	467	4
1775756236254	1166	200	467	3
1775756236642	822	200	467	2
1775756237031	617	200	467	1
1775756237745	499	200	469	2
1775756238079	543	200	469	1
1775756239257	611	200	471	2
1775756239409	739	200	471	1
1775756240929	528	200	472	1
1775756242161	895	200	475	3
1775756242229	1042	200	475	2
1775756242196	1109	200	475	1
1775756244127	392	200	477	2
1775756244436	445	200	477	1
1775756245518	386	200	479	2
1775756245819	438	200	480	2
1775756246186	457	200	480	1
1775756246691	418	200	481	1
1775756247415	392	200	482	1
1775756248117	418	200	484	2
1775756248336	474	200	485	2
1775756248796	527	200	486	2
1775756249105	560	200	487	2
1775756249385	544	200	487	1
1775756251402	383	200	488	1
1775756252406	396	200	490	2
1775756252786	807	200	493	4
1775756252808	786	200	493	3
1775756253260	520	200	493	2
1775756253414	561	200	493	1
1775756254286	397	200	494	1
1775756255043	473	200	497	3
1775756255198	641	200	498	3
1775756255322	676	200	498	2
1775756255840	516	200	499	2
1775756256040	497	200	499	1
1775756257090	451	200	502	3
1775756257261	583	200	503	3
1775756257396	631	200	503	2
1775756257621	629	200	504	2
1775756258035	505	200	504	1
1775756259305	416	200	505	1
1775756259777	436	200	506	1
1775756260395	620	200	509	3
1775756260412	730	200	509	2
1775756260684	595	200	509	1
1775756261575	406	200	511	2
1775756261827	459	200	512	2
1775756262038	501	200	513	2
1775756262387	500	200	513	1
1775756263120	407	200	514	1
1775756263833	499	200	517	3
1775756264112	885	200	518	3
1775756264140	923	200	518	2
1775756264433	797	200	518	1
1775756265310	494	200	519	1
1775756265910	498	200	521	2
1775756266122	521	200	521	1
1775756266868	496	200	524	3
1775756267072	735	200	524	2
1775756267148	713	200	524	1
1775756268558	408	200	527	3
1775756268822	731	200	528	3
1775756268806	784	200	528	2
1775756269288	518	200	530	3
1775756269655	705	200	531	3
1775756269691	773	200	531	2
1775756270112	563	200	532	2
1775756270474	507	200	533	2
1775756270924	499	200	534	2
1775756271348	454	200	534	1
1775756272131	445	200	537	3
1775756272255	695	200	538	3
1775756272353	778	200	539	3
1775756272711	602	200	540	3
1775756272983	594	200	541	3
1775756273185	643	200	542	3
1775756273411	652	200	542	2
1775756273814	608	200	542	1
1775756274520	660	200	546	4
1775756274657	809	200	546	3
1775756274970	1150	200	548	4
1775756275061	1328	200	548	3
1775756275513	1199	200	549	3
1775756275731	1040	200	549	2
1775756276519	584	200	549	1
1775756277500	490	200	550	1
1775756278039	551	200	552	2
1775756278182	641	200	553	2
1775756278816	507	200	553	1
1775756279444	475	200	556	3
1775756279608	799	200	557	3
1775756279692	849	200	557	2
1775756280062	697	200	558	2
1775756280573	613	200	558	1
1775756281478	457	200	560	2
1775756281790	506	200	561	2
1775756282230	535	200	561	1
1775756282972	619	200	564	3
1775756283095	791	200	564	2
1775756283555	689	200	565	2
1775756284191	641	200	567	3
1775756284602	1296	200	568	3
1775756284584	1318	200	568	2
1775756284925	1122	200	569	2
1775756285907	493	200	569	1
1775756286538	516	200	572	3
1775756286862	865	200	572	2
1775756286893	980	200	572	1
1775756287990	743	200	574	2
1775756288017	822	200	574	1
1775756289257	400	200	575	1
1775756291327	402	200	578	3
1775756291572	569	200	578	2
1775756291632	644	200	578	1
1775756292281	487	200	580	2
1775756292661	515	200	582	3
1775756293005	1021	200	584	4
1775756293019	1008	200	584	3
1775756293373	779	200	584	2
1775756294026	449	200	584	1
1775756294741	420	200	585	1
1775756295436	413	200	586	1
1775756296189	408	200	588	2
1775756296342	456	200	589	2
1775756296754	448	200	589	1
1775756297490	390	200	590	1
1775756298304	385	200	592	2
1775756298570	453	200	592	1
1775756299107	415	200	593	1
1775756300058	410	200	594	1
1775756300482	442	200	596	2
1775756300757	472	200	597	2
1775756300976	517	200	598	2
1775756301336	460	200	600	3
1775756301782	892	200	602	4
1775756301789	903	200	602	3
1775756302048	995	200	603	3
1775756302186	907	200	604	3
1775756303030	734	200	605	3
1775756303080	783	200	605	2
1775756303639	505	200	606	2
1775756304122	509	200	606	1
1775756304684	427	200	607	1
1775756305389	424	200	608	1
1775756305960	409	200	610	2
1775756306237	563	200	613	4
1775756306409	806	200	613	3
1775756306469	972	200	614	3
1775756306640	876	200	614	2
1775756307235	546	200	616	3
1775756307627	676	200	618	4
1775756307726	718	200	618	3
1775756308199	668	200	618	2
1775756308243	730	200	618	1
1775756309816	394	200	619	1
1775756310704	391	200	620	1
1775756311701	361	200	621	1
1775756312790	567	200	624	3
1775756312796	666	200	625	3
1775756313225	519	200	626	3
1775756313373	693	200	626	2
1775756313514	677	200	627	2
1775756314078	487	200	627	1
1775756314638	433	200	629	2
1775756314859	505	200	630	2
1775756315181	474	200	631	2
1775756315499	509	200	633	3
1775756315723	507	200	634	3
1775756315894	585	200	638	6
1775756316197	1211	200	640	7
1775756316352	1316	200	641	7
1775756316234	1478	200	641	6
1775756316239	1474	200	641	5
1775756316380	1620	200	642	5
1775756317022	1501	200	642	4
1775756317483	1606	200	643	4
1775756317158	1971	200	643	3
1775756317873	1323	200	643	2
1775756319059	558	200	643	1
1775756319663	474	200	645	2
1775756320017	510	200	646	2
1775756320399	523	200	646	1
1775756321722	728	200	651	5
1775756321843	1017	200	651	4
1775756321887	1176	200	652	4
1775756322311	1298	200	652	3
1775756322326	1498	200	653	3
1775756322872	1069	200	653	2
1775756323724	667	200	653	1
1775756324461	518	200	654	1
1775756325136	662	200	658	4
1775756325189	760	200	658	3
1775756325536	845	200	659	3
1775756325641	908	200	659	2
1775756326118	605	200	659	1
1775756327174	472	200	660	1
1775756328734	605	200	663	3
1775756328809	831	200	663	2
1775756328985	779	200	663	1
1775756329790	434	200	665	2
1775756330074	492	200	667	3
1775756330239	601	200	668	3
1775756330377	685	200	669	3
1775756330650	644	200	670	3
1775756330898	593	200	671	3
1775756331276	594	200	671	2
1775756331409	608	200	671	1
1775756332028	493	200	675	4
1775756332295	821	200	678	6
1775756332424	1351	200	679	6
1775756332419	1421	200	679	5
1775756332576	1406	200	679	4
1775756332880	1131	200	679	3
1775756333023	1494	200	682	5
1775756333494	1121	200	682	4
1775756334250	1184	200	683	4
1775756334280	1166	200	683	3
1775756334446	1185	200	683	2
1775756334804	873	200	683	1
1775756335730	442	200	685	2
1775756335972	488	200	685	1
1775756336522	424	200	686	1
1775756337187	396	200	688	2
1775756337472	476	200	689	2
1775756337857	435	200	689	1
1775756338603	496	200	691	2
1775756338625	699	200	693	3
1775756339176	930	200	695	4
1775756339182	948	200	695	3
1775756339845	750	200	695	2
1775756339901	752	200	695	1
1775756341111	475	200	696	1
1775756341971	598	200	699	3
1775756342030	631	200	699	2
1775756342537	463	200	700	2
1775756342771	519	200	702	3
1775756343170	863	200	702	2
1775756343195	854	200	703	2
1775756344040	558	200	704	2
1775756344222	559	200	704	1
1775756346576	370	200	705	1
1775756347187	427	200	707	2
1775756347338	426	200	708	2
1775756347712	459	200	708	1
1775756348360	478	200	710	2
1775756348502	571	200	710	1
1775756349373	462	200	711	1
1775756350563	371	200	712	1
1775756351495	372	200	713	1
1775756352289	372	200	715	2
1775756352585	421	200	715	1
1775756354309	371	200	716	1
1775756354750	470	200	720	4
1775756354854	567	200	720	3
1775756355106	823	200	722	4
1775756355130	812	200	722	3
1775756355662	639	200	722	2
1775756355789	676	200	722	1
1775756357972	372	200	723	1
1775756358628	354	200	724	1
1775756359101	367	200	725	1
1775756360113	415	200	727	2
1775756360315	477	200	728	2
1775756360577	457	200	728	1
1775756361426	391	200	730	2
1775756361733	437	200	730	1
1775756362695	392	200	731	1
1775756363350	396	200	733	2
1775756363520	432	200	733	1
1775756365722	370	200	734	1
1775756366356	367	200	735	1
1775756367368	359	200	736	1
1775756368622	362	200	738	2
1775756368892	447	200	738	1
1775756369584	378	200	739	1
1775756370940	372	200	741	2
1775756371138	423	200	741	1
1775756372556	426	200	743	2
1775756372653	507	200	743	1
1775756373997	381	200	745	2
1775756374214	425	200	745	1
1775756374780	391	200	746	1
1775756375890	358	200	747	1
1775756376476	375	200	748	1
1775756377194	374	200	751	3
1775756377504	761	200	752	3
1775756377567	719	200	752	2
1775756377915	542	200	753	2
1775756378377	497	200	754	2
1775756378682	486	200	754	1
1775756379721	380	200	756	2
1775756379924	496	200	758	3
1775756380263	512	200	760	4
1775756380412	908	200	760	3
1775756380552	1027	200	760	2
1775756380594	995	200	760	1
1775756382006	392	200	761	1
1775756383171	367	200	762	1
1775756383995	379	200	764	2
1775756384272	453	200	764	1
1775756386886	509	200	767	3
1775756386981	546	200	767	2
1775756387286	428	200	767	1
1775756389403	380	200	769	2
1775756389779	512	200	771	3
1775756389971	833	200	771	2
1775756390038	808	200	771	1
1775756391060	467	200	773	2
1775756391268	507	200	773	1
1775756392004	468	200	777	4
1775756392272	815	200	778	4
1775756392356	1151	200	778	3
1775756392299	1237	200	778	2
1775756392585	1072	200	778	1
1775756393984	394	200	781	3
1775756394234	634	200	785	6
1775756394314	746	200	785	5
1775756394535	823	200	785	4
1775756394599	959	200	786	4
1775756394767	1137	200	786	3
1775756394864	1168	200	786	2
1775756395496	697	200	786	1
1775756396915	413	200	788	2
1775756397049	472	200	788	1
1775756397526	445	200	790	2
1775756397904	461	200	790	1
1775756398676	448	200	793	3
1775756398713	629	200	793	2
1775756398854	658	200	795	3
1775756399393	565	200	796	3
1775756399512	672	200	796	2
1775756399823	573	200	797	2
1775756400208	573	200	799	3
1775756400451	835	200	801	4
1775756400450	836	200	801	3
1775756400909	818	200	801	2
1775756400893	858	200	801	1
1775756402093	389	200	802	1
1775756402773	385	200	803	1
1775756403396	389	200	804	1
1775756404103	377	200	805	1
1775756406100	363	200	806	1
1775756407273	371	200	807	1
1775756407795	368	200	808	1
1775756408216	359	200	809	1
1775756408749	382	200	811	2
1775756409106	460	200	813	3
1775756409307	509	200	813	2
1775756409540	501	200	813	1
1775756411099	371	200	814	1
1775756411708	398	200	816	2
1775756412051	457	200	816	1
1775756412554	424	200	818	2
1775756412639	533	200	818	1
1775756415825	382	200	821	3
1775756415937	596	200	822	3
1775756416027	594	200	822	2
1775756416517	445	200	822	1
1775756417538	358	200	823	1
1775756417973	373	200	824	1
1775756418436	389	200	825	1
1775756419458	368	200	826	1
1775756419958	401	200	827	1
1775756420381	431	200	828	1
1775756421452	383	200	830	2
1775756421575	465	200	830	1
1775756422462	772	200	834	4
1775756422474	1126	200	835	4
1775756422636	1141	200	836	4
1775756422949	927	200	836	3
1775756423518	698	200	836	2
1775756423643	742	200	836	1
1775756425379	543	200	840	4
1775756425405	771	200	841	4
1775756425562	1084	200	844	6
1775756425712	1085	200	845	6
1775756425960	1018	200	845	5
1775756426384	742	200	845	4
1775756426456	944	200	846	4
1775756426538	1109	200	846	3
1775756426770	1078	200	847	3
1775756427296	649	200	847	2
1775756427740	464	200	847	1
1775756428251	407	200	849	2
1775756428630	823	200	851	3
1775756428666	791	200	851	2
1775756428987	653	200	851	1
1775756429997	406	200	852	1
1775756431018	374	200	853	1
1775756431492	416	200	858	5
1775756431625	836	200	859	5
1775756431696	1067	200	859	4
1775756431712	1283	200	859	3
1775756431874	1218	200	859	2
1775756432255	943	200	859	1
1775756434549	389	200	860	1
1775756434978	404	200	862	2
1775756435159	471	200	862	1
1775756435861	385	200	864	2
1775756436050	512	200	864	1
1775756436989	408	200	865	1
1775756437452	427	200	867	2
1775756437577	493	200	867	1
1775756438104	441	200	868	1
1775756438992	406	200	870	2
1775756439211	512	200	870	1
1775756440234	648	200	873	3
1775756440283	797	200	874	3
1775756440680	640	200	875	3
1775756440967	617	200	875	2
1775756441226	566	200	875	1
1775756442212	381	200	876	1
1775756443604	381	200	879	3
1775756443771	448	200	879	2
1775756443969	475	200	879	1
1775756444675	666	200	881	2
1775756444694	683	200	881	1
1775756445559	619	200	884	3
1775756445592	715	200	884	2
1775756445991	480	200	884	1
1775756446523	613	200	886	2
1775756446571	667	200	886	1
1775756447782	368	200	888	2
1775756448079	432	200	888	1
1775756449170	367	200	889	1
1775756450252	361	200	892	3
1775756450527	460	200	892	2
1775756450580	594	200	893	2
1775756451085	459	200	893	1
1775756451681	442	200	894	1
1775756452345	976	200	898	4
1775756452368	1274	200	898	3
1775756452402	1369	200	898	2
1775756452908	952	200	898	1
1775756453913	542	200	901	3
1775756454007	688	200	904	5
1775756454174	722	200	904	4
1775756454517	917	200	904	3
1775756454536	1109	200	905	3
1775756454657	1047	200	905	2
1775756455532	473	200	905	1
1775756456544	393	200	906	1
1775756457484	458	200	909	3
1775756457543	700	200	909	2
1775756457648	687	200	909	1
1775756458410	390	200	910	1
1775756458921	388	200	912	2
1775756459089	524	200	914	3
1775756459317	579	200	915	3
1775756459436	737	200	915	2
1775756459667	634	200	915	1
1775756461203	386	200	917	2
1775756461336	447	200	917	1
1775756461796	407	200	918	1
1775756462271	408	200	920	2
1775756462409	463	200	920	1
1775756463428	372	200	921	1
1775756464126	414	200	923	2
1775756464321	476	200	924	2
1775756464676	465	200	924	1
1775756465339	462	200	927	3
1775756465531	514	200	927	2
1775756465756	486	200	928	2
1775756466183	482	200	929	2
1775756466425	527	200	930	2
1775756466713	484	200	930	1
1775756467291	559	200	934	4
1775756467308	800	200	935	4
1775756467472	1086	200	936	4
1775756467615	1059	200	936	3
1775756467860	910	200	936	2
1775756468499	503	200	936	1
1775756469953	442	200	938	2
1775756470040	533	200	940	3
1775756470487	814	200	942	4
1775756470512	1004	200	942	3
1775756470581	1048	200	943	3
1775756471124	642	200	943	2
1775756471594	549	200	944	2
1775756471832	514	200	944	1
1775756473070	454	200	946	2
1775756473136	524	200	946	1
1775756474633	362	200	947	1
1775756475084	397	200	948	1
1775756475995	477	200	950	2
1775756476069	549	200	950	1
1775756476820	374	200	952	2
1775756477169	442	200	955	4
1775756477374	477	200	955	3
1775756477564	704	200	955	2
1775756477593	721	200	955	1
1775756478999	368	200	956	1
1775756481571	512	200	959	3
1775756481647	758	200	960	3
1775756481656	765	200	960	2
1775756482301	426	200	960	1
1775756483015	359	200	962	2
1775756483206	461	200	963	2
1775756483387	468	200	963	1
1775756484119	400	200	964	1
1775756485697	427	200	967	3
1775756485824	674	200	969	4
1775756485883	777	200	969	3
1775756486197	696	200	970	3
1775756486403	635	200	970	2
1775756486686	570	200	970	1
1775756487858	390	200	972	2
1775756488028	434	200	973	2
1775756488429	484	200	974	2
1775756488680	484	200	974	1
1775756489510	395	200	976	2
1775756489680	454	200	977	2
1775756489944	475	200	977	1
1775756490653	426	200	979	2
1775756491019	459	200	979	1
1775756491804	376	200	980	1
1775756493096	355	200	981	1
1775756493753	376	200	982	1
1775756495815	367	200	983	1
1775756496773	383	200	985	2
1775756497089	399	200	985	1
1775756498329	415	200	987	2
1775756498419	493	200	987	1
1775756499930	375	200	988	1
1775756500729	370	200	989	1
1775756501937	393	200	990	1
1775756502434	422	200	993	3
1775756502546	569	200	995	4
1775756502783	792	200	996	4
1775756502888	956	200	997	4
1775756503010	1078	200	998	4
1775756503409	839	200	998	3
1775756503627	847	200	998	2
1775756503961	605	200	998	1
1775756505611	402	200	1000	2
1775756506004	428	200	1001	2
1775756506251	485	200	1002	2
1775756506580	487	200	1004	3
1775756506847	685	200	1005	3
1775756506933	728	200	1005	2
1775756507459	473	200	1005	1
1775756508149	374	200	1006	1
1775756509172	373	200	1007	1
1775756509762	513	200	1010	3
1775756509801	761	200	1010	2
1775756509958	693	200	1010	1
1775756511484	373	200	1012	2
1775756511828	404	200	1013	2
1775756512110	485	200	1015	3
1775756512334	506	200	1017	4
1775756512503	621	200	1020	6
1775756512655	1031	200	1022	7
1775756512786	1321	200	1023	7
1775756512915	1590	200	1023	6
1775756512907	1636	200	1023	5
1775756512987	1654	200	1023	4
1775756513199	1581	200	1023	3
1775756513640	1632	200	1023	2
1775756513782	1596	200	1023	1
1775756515694	471	200	1024	1
1775756516422	430	200	1025	1
1775756517156	382	200	1027	2
1775756517424	460	200	1028	2
1775756517614	472	200	1028	1
1775756519645	358	200	1029	1
1775756521359	371	200	1032	3
1775756521589	527	200	1034	4
1775756521654	668	200	1034	3
1775756521826	844	200	1034	2
1775756521803	883	200	1034	1
1775756522976	384	200	1036	2
1775756523198	447	200	1036	1
1775756523701	425	200	1039	3
1775756524084	796	200	1042	5
1775756524066	1114	200	1043	5
1775756524201	1160	200	1043	4
1775756524405	1096	200	1043	3
1775756524552	1111	200	1043	2
1775756525161	628	200	1043	1
1775756526323	409	200	1044	1
1775756527185	392	200	1045	1
1775756527896	556	200	1047	2
1775756527942	646	200	1047	1
1775756529376	369	200	1049	2
1775756529569	419	200	1049	1
1775756530046	408	200	1050	1
1775756530488	410	200	1051	1
1775756531529	371	200	1052	1
1775756532195	390	200	1055	3
1775756532344	488	200	1055	2
1775756532551	487	200	1055	1
1775756534849	670	200	1058	3
1775756534902	686	200	1058	2
1775756535436	527	200	1059	2
1775756535717	487	200	1059	1
1775756536340	475	200	1062	3
1775756536561	554	200	1062	2
1775756536792	514	200	1063	2
1775756537155	459	200	1063	1
1775756537862	846	200	1067	4
1775756537890	1063	200	1069	5
1775756537997	1171	200	1069	4
1775756538022	1196	200	1069	3
1775756538838	679	200	1069	2
1775756538914	721	200	1069	1
1775756540078	395	200	1071	2
1775756540212	455	200	1072	2
1775756540544	507	200	1074	3
1775756540699	826	200	1077	5
1775756540809	815	200	1077	4
1775756541249	814	200	1077	3
1775756541340	948	200	1077	2
1775756541407	948	200	1077	1
1775756543509	367	200	1078	1
1775756544884	360	200	1079	1
1775756545268	391	200	1080	1
1775756545678	408	200	1081	1
1775756546778	390	200	1083	2
1775756546959	423	200	1083	1
1775756547638	368	200	1085	2
1775756547875	475	200	1086	2
1775756548083	467	200	1086	1
1775756552178	365	200	1087	1
1775756552695	371	200	1088	1
1775756553075	403	200	1091	3
1775756553241	428	200	1091	2
1775756553447	401	200	1091	1
1775756553886	369	200	1092	1
1775756554393	606	200	1094	2
1775756554472	616	200	1094	1
1775756555285	432	200	1096	2
1775756555397	523	200	1096	1
1775756556385	386	200	1098	2
1775756556563	468	200	1098	1
1775756557321	383	200	1099	1
1775756558748	373	200	1101	2
1775756558842	470	200	1101	1
1775756560147	373	200	1103	2
1775756560360	439	200	1104	2
1775756560751	491	200	1105	2
1775756560912	538	200	1105	1
1775756561939	391	200	1107	2
1775756562079	460	200	1107	1
1775756562807	400	200	1109	2
1775756563099	436	200	1111	3
1775756563516	732	200	1111	2
1775756563520	740	200	1111	1
1775756564479	409	200	1112	1
1775756566003	384	200	1115	3
1775756566207	444	200	1115	2
1775756566386	489	200	1115	1
1775756567380	372	200	1116	1
1775756567888	397	200	1118	2
1775756568092	437	200	1118	1
1775756568801	368	200	1119	1
1775756569535	584	200	1121	2
1775756569542	641	200	1122	2
1775756570179	437	200	1122	1
1775756571155	452	200	1125	3
1775756571171	680	200	1127	4
1775756571369	679	200	1127	3
1775756571634	765	200	1128	3
1775756571706	792	200	1128	2
1775756572328	537	200	1129	2
1775756572559	506	200	1129	1
1775756573703	373	200	1130	1
1775756574528	371	200	1131	1
1775756575085	397	200	1132	1
1775756575696	405	200	1133	1
1775756576708	407	200	1134	1
1775756577560	448	200	1135	1
1775756579516	418	200	1138	3
1775756579787	696	200	1139	3
1775756579764	819	200	1139	2
1775756580074	630	200	1139	1
1775756582639	403	200	1141	2
1775756582732	479	200	1143	3
1775756583078	593	200	1146	5
1775756583190	783	200	1146	4
1775756583362	957	200	1148	5
1775756583412	1087	200	1148	4
1775756583524	1097	200	1149	4
1775756584165	818	200	1152	6
1775756584243	946	200	1153	6
1775756584590	1003	200	1153	5
1775756584731	1292	200	1154	5
1775756584807	1724	200	1156	6
1775756584817	2122	200	1157	6
1775756585107	2032	200	1159	7
1775756585692	1524	200	1159	6
1775756586419	1000	200	1159	5
1775756586477	1149	200	1160	5
1775756586830	1258	200	1162	6
1775756587062	1294	200	1163	6
1775756587098	1663	200	1163	5
1775756587457	1406	200	1164	5
1775756587792	1251	200	1165	5
1775756587833	1271	200	1165	4
1775756588314	1034	200	1165	3
1775756588813	797	200	1165	2
1775756588936	811	200	1165	1
1775756590713	364	200	1166	1
1775756591858	385	200	1168	2
1775756592009	411	200	1168	1
1775756592869	381	200	1169	1
1775756593337	387	200	1170	1
1775756594659	368	200	1171	1
1775756595189	400	200	1172	1
1775756595611	405	200	1173	1
1775756596234	382	200	1174	1
1775756597924	505	200	1176	2
1775756597952	580	200	1176	1
1775756599179	556	200	1180	4
1775756599214	831	200	1181	4
1775756599387	969	200	1181	3
1775756599321	1046	200	1181	2
1775756599841	638	200	1181	1
1775756600979	539	200	1183	2
1775756601053	585	200	1184	2
1775756601523	476	200	1184	1
1775756602065	405	200	1185	1
1775756602619	529	200	1187	2
1775756602682	618	200	1188	2
1775756603244	489	200	1189	2
1775756603688	554	200	1191	3
1775756603842	652	200	1191	2
1775756604099	587	200	1192	2
1775756604599	554	200	1193	2
1775756604759	630	200	1194	2
1775756605201	552	200	1194	1
1775756605853	469	200	1196	2
1775756606081	488	200	1199	4
1775756606327	764	200	1199	3
1775756606449	994	200	1200	3
1775756606489	954	200	1200	2
1775756607103	540	200	1200	1
1775756608151	488	200	1202	2
1775756608189	596	200	1202	1
1775756609184	397	200	1204	2
1775756609498	447	200	1206	3
1775756609811	720	200	1207	3
1775756609802	756	200	1207	2
1775756610200	565	200	1207	1
1775756610827	415	200	1208	1
1775756611398	573	200	1210	2
1775756611414	669	200	1210	1
1775756612572	406	200	1213	3
1775756612669	512	200	1213	2
1775756612875	519	200	1213	1
1775756613471	498	200	1215	2
1775756613587	547	200	1215	1
1775756615518	428	200	1218	3
1775756615637	752	200	1218	2
1775756615632	764	200	1218	1
1775756616729	488	200	1221	3
1775756616768	615	200	1222	3
1775756617073	519	200	1222	2
1775756617352	496	200	1222	1
1775756619839	385	200	1224	2
1775756620182	389	200	1224	1
1775756620792	360	200	1225	1
1775756621403	383	200	1227	2
1775756621536	463	200	1228	2
1775756621872	444	200	1228	1
1775756622847	374	200	1229	1
1775756624160	373	200	1231	2
1775756624399	400	200	1231	1
1775756624863	386	200	1233	2
1775756625118	464	200	1233	1
1775756626691	383	200	1235	2
1775756626949	449	200	1237	3
1775756627125	501	200	1237	2
1775756627284	552	200	1238	2
1775756627652	485	200	1238	1
1775756629177	366	200	1240	2
1775756629442	407	200	1240	1
1775756630264	372	200	1241	1
1775756630779	403	200	1242	1
1775756632611	632	200	1245	3
1775756632632	643	200	1245	2
1775756632996	468	200	1245	1
1775756635107	389	200	1247	2
1775756635275	415	200	1247	1
1775756636016	678	200	1253	6
1775756636042	679	200	1253	5
1775756636364	626	200	1255	6
1775756636476	719	200	1255	5
1775756636578	1441	200	1258	7
1775756636530	1489	200	1258	6
1775756636819	1437	200	1259	6
1775756636926	1369	200	1259	5
1775756637249	1877	200	1261	6
1775756637700	1427	200	1261	5
1775756637874	1728	200	1263	6
1775756638226	1377	200	1263	5
1775756638875	1230	200	1264	5
1775756638619	1585	200	1264	4
1775756639133	1496	200	1264	3
1775756639234	1550	200	1264	2
1775756639718	1235	200	1266	3
1775756640799	1287	200	1267	3
1775756640824	1265	200	1267	2
1775756640978	1227	200	1267	1
1775756642265	461	200	1270	3
1775756642489	526	200	1270	2
1775756642675	551	200	1270	1
1775756644374	382	200	1272	2
1775756644533	512	200	1274	3
1775756644776	535	200	1274	2
1775756644893	619	200	1274	1
1775756646039	389	200	1275	1
1775756646940	371	200	1276	1
1775756648771	355	200	1278	2
1775756649005	394	200	1278	1
1775756649496	391	200	1280	2
1775756649599	464	200	1280	1
1775756650138	399	200	1281	1
1775756650597	413	200	1282	1
1775756651732	365	200	1284	2
1775756652010	411	200	1284	1
1775756653366	651	200	1288	4
1775756653385	749	200	1288	3
1775756653663	627	200	1288	2
1775756653984	514	200	1288	1
1775756654596	688	200	1293	5
1775756654689	1225	200	1296	7
1775756654666	1283	200	1296	6
1775756654867	1269	200	1297	6
1775756655010	1202	200	1297	5
1775756655305	1294	200	1298	5
1775756655534	1271	200	1298	4
1775756655581	1653	200	1299	4
1775756656079	1332	200	1301	5
1775756656451	1065	200	1302	5
1775756657188	731	200	1302	4
1775756657296	1035	200	1302	3
1775756657345	1132	200	1302	2
1775756657493	1030	200	1302	1
1775756660310	387	200	1305	3
1775756660363	506	200	1305	2
1775756660663	413	200	1305	1
1775756661775	366	200	1306	1
1775756664121	368	200	1307	1
1775756664730	384	200	1309	2
1775756664887	419	200	1310	2
1775756665235	424	200	1310	1
1775756665723	390	200	1311	1
1775756666128	587	200	1314	3
1775756666284	889	200	1315	3
1775756666280	897	200	1315	2
1775756666808	541	200	1315	1
1775756667483	657	200	1319	4
1775756667512	864	200	1321	5
1775756667656	940	200	1321	4
1775756667867	855	200	1321	3
1775756668296	808	200	1321	2
1775756668354	789	200	1321	1
1775756669157	764	200	1323	2
1775756669202	720	200	1323	1
1775756670398	386	200	1324	1
1775756671014	393	200	1325	1
1775756671854	375	200	1327	2
1775756672125	423	200	1328	2
1775756672455	506	200	1328	1
1775756673130	391	200	1330	2
1775756673439	478	200	1331	2
1775756673775	466	200	1331	1
1775756675148	382	200	1332	1
1775756676408	367	200	1333	1
1775756677004	374	200	1334	1
1775756677384	454	200	1336	2
1775756677559	489	200	1337	2
1775756677845	483	200	1338	2
1775756678175	473	200	1338	1
1775756679460	438	200	1341	3
1775756679484	620	200	1341	2
1775756679807	497	200	1341	1
1775756680900	370	200	1343	2
1775756681271	432	200	1343	1
1775756682160	401	200	1345	2
1775756682315	475	200	1345	1
1775756683280	515	200	1349	4
1775756683351	972	200	1351	5
1775756683395	1233	200	1351	4
1775756683459	1286	200	1351	3
1775756683830	1037	200	1352	3
1775756684163	800	200	1352	2
1775756684812	490	200	1352	1
1775756685490	439	200	1355	3
1775756685624	519	200	1355	2
1775756685852	496	200	1355	1
1775756686567	420	200	1356	1
1775756687872	405	200	1357	1
1775756688298	631	200	1362	5
1775756688425	664	200	1363	5
1775756688706	959	200	1363	4
1775756688808	1220	200	1365	5
1775756688829	1401	200	1366	5
1775756689002	1276	200	1366	4
1775756689709	842	200	1367	4
1775756689755	1116	200	1367	3
1775756690079	970	200	1367	2
1775756690484	713	200	1367	1
1775756691873	382	200	1369	2
1775756692235	441	200	1369	1
1775756692981	416	200	1371	2
1775756693299	469	200	1371	1
1775756694285	424	200	1373	2
1775756694396	518	200	1373	1
1775756695235	399	200	1374	1
1775756696414	380	200	1375	1
1775756697901	588	200	1377	2
1775756697902	607	200	1377	1
1775756698578	402	200	1378	1
1775756699321	384	200	1380	2
1775756699493	423	200	1381	2
1775756699898	485	200	1381	1
1775756700599	505	200	1384	3
1775756700922	704	200	1386	4
1775756701068	1031	200	1386	3
1775756701137	1062	200	1386	2
1775756701515	798	200	1386	1
1775756702990	442	200	1387	1
1775756703642	470	200	1390	3
1775756703880	645	200	1391	3
1775756703913	913	200	1391	2
1775756704232	752	200	1391	1
1775756705099	448	200	1392	1
1775756705578	428	200	1394	2
1775756705909	489	200	1394	1
1775756706596	414	200	1396	2
1775756706721	484	200	1396	1
1775756707510	378	200	1397	1
1775756709081	368	200	1398	1
1775756709595	361	200	1400	2
1775756709825	435	200	1400	1
1775756710286	410	200	1402	2
1775756710611	475	200	1403	2
1775756710904	487	200	1404	2
1775756711363	462	200	1405	2
1775756711590	489	200	1406	2
1775756712021	483	200	1406	1
1775756712863	405	200	1407	1
1775756713375	407	200	1409	2
1775756713580	459	200	1410	2
1775756714024	438	200	1411	2
1775756714407	449	200	1412	2
1775756714772	438	200	1412	1
1775756716522	362	200	1415	3
1775756716619	510	200	1415	2
1775756716752	539	200	1415	1
1775756717610	613	200	1417	2
1775756717616	709	200	1417	1
1775756718587	527	200	1421	4
1775756718612	622	200	1421	3
1775756718872	694	200	1422	3
1775756718957	730	200	1423	3
1775756719416	496	200	1423	2
1775756719646	482	200	1423	1
1775756720799	375	200	1424	1
1775756721999	356	200	1425	1
1775756723894	377	200	1426	1
1775756725809	364	200	1427	1
1775756726444	416	200	1430	3
1775756726509	501	200	1430	2
1775756726767	437	200	1430	1
1775756727260	394	200	1431	1
1775756727696	390	200	1432	1
1775756728482	421	200	1435	3
1775756728636	465	200	1435	2
1775756728884	472	200	1435	1
1775756730218	505	200	1440	5
1775756730298	983	200	1441	5
1775756730358	1192	200	1442	5
1775756730407	1267	200	1442	4
1775756730696	1193	200	1442	3
1775756731156	865	200	1442	2
1775756731406	748	200	1443	2
1775756732141	503	200	1445	3
1775756732331	709	200	1449	6
1775756732390	855	200	1451	7
1775756732685	758	200	1451	6
1775756732824	923	200	1452	6
1775756732893	1059	200	1453	6
1775756732946	1305	200	1453	5
1775756733063	1392	200	1453	4
1775756733097	1610	200	1453	3
1775756733535	1393	200	1454	3
1775756733910	1112	200	1454	2
1775756734792	475	200	1454	1
1775756735944	377	200	1455	1
1775756736721	603	200	1459	4
1775756736744	645	200	1459	3
1775756737065	768	200	1461	4
1775756737085	771	200	1461	3
1775756737491	905	200	1464	5
1775756737467	930	200	1464	4
1775756737990	849	200	1466	5
1775756738037	988	200	1466	4
1775756738114	1153	200	1466	3
1775756738519	961	200	1467	3
1775756738748	870	200	1468	3
1775756739437	801	200	1469	3
1775756739500	903	200	1469	2
1775756740049	646	200	1470	2
1775756740443	643	200	1471	2
1775756740885	542	200	1473	3
1775756741180	747	200	1474	3
1775756741225	876	200	1475	3
1775756741528	693	200	1476	3
1775756742036	491	200	1476	2
1775756742199	530	200	1476	1
1775756743036	399	200	1478	2
1775756743140	478	200	1478	1
1775756744482	423	200	1480	2
1775756744549	538	200	1480	1
1775756745240	626	200	1483	3
1775756745245	890	200	1483	2
1775756745453	744	200	1483	1
1775756746703	384	200	1485	2
1775756746807	503	200	1486	2
1775756747184	472	200	1486	1
1775756748087	383	200	1487	1
1775756749484	374	200	1489	2
1775756749808	419	200	1490	2
1775756750178	422	200	1492	3
1775756750507	619	200	1492	2
1775756750588	650	200	1492	1
1775756751455	388	200	1493	1
1775756752059	467	200	1495	2
1775756752114	586	200	1495	1
1775756752939	416	200	1496	1
1775756754674	367	200	1497	1
1775756755055	408	200	1498	1
1775756755600	379	200	1499	1
1775756756179	456	200	1502	3
1775756756430	807	200	1504	4
1775756756400	844	200	1504	3
1775756756913	688	200	1504	2
1775756756974	742	200	1504	1
1775756757934	436	200	1505	1
1775756758519	553	200	1508	3
1775756758620	788	200	1508	2
1775756758596	841	200	1508	1
1775756759758	392	200	1509	1
1775756760977	370	200	1511	2
1775756761126	461	200	1511	1
1775756761703	394	200	1512	1
1775756762749	562	200	1515	3
1775756762764	637	200	1515	2
1775756763258	467	200	1515	1
1775756764275	399	200	1517	2
1775756764603	487	200	1519	3
1775756764930	1109	200	1523	6
1775756764876	1221	200	1523	5
1775756765132	1165	200	1523	4
1775756765563	870	200	1524	4
1775756765882	1123	200	1526	5
1775756765886	1274	200	1526	4
1775756766402	1149	200	1526	3
1775756766455	1236	200	1526	2
1775756766828	974	200	1526	1
1775756767929	438	200	1527	1
1775756768761	499	200	1531	4
1775756768978	761	200	1532	4
1775756769067	974	200	1533	4
1775756769237	1006	200	1533	3
1775756769489	1145	200	1533	2
1775756769813	1022	200	1534	2
1775756770650	656	200	1534	1
1775756771386	477	200	1535	1
1775756772224	428	200	1536	1
1775756773123	427	200	1537	1
1775756773922	622	200	1539	2
1775756773926	733	200	1539	1
1775756774745	463	200	1542	3
1775756774926	845	200	1543	3
1775756774909	867	200	1543	2
1775756775532	548	200	1543	1
1775756776984	363	200	1544	1
1775756777585	381	200	1545	1
1775756778127	501	200	1547	2
1775756778146	642	200	1547	1
1775756779451	459	200	1550	3
1775756779526	565	200	1550	2
1775756779788	503	200	1550	1
1775756780647	381	200	1551	1
1775756781215	404	200	1552	1
1775756782140	401	200	1554	2
1775756782457	627	200	1557	4
1775756782589	791	200	1558	4
1775756782786	960	200	1558	3
1775756782794	1170	200	1558	2
1775756783142	912	200	1558	1
1775756784063	474	200	1560	2
1775756784226	509	200	1561	2
1775756784680	472	200	1562	2
1775756784961	471	200	1562	1
1775756786190	394	200	1564	2
1775756786366	437	200	1565	2
1775756786751	467	200	1565	1
1775756787585	380	200	1566	1
1775756788144	420	200	1568	2
1775756788313	459	200	1568	1
1775756789115	387	200	1569	1
1775756789650	521	200	1573	4
1775756789748	1046	200	1574	4
1775756789750	1084	200	1574	3
1775756790035	1161	200	1575	3
1775756790258	1004	200	1575	2
1775756791180	527	200	1575	1
1775756791959	420	200	1577	2
1775756792293	457	200	1577	1
1775756793299	381	200	1578	1
1775756793753	406	200	1579	1
1775756794368	403	200	1580	1
1775756794882	454	200	1582	2
1775756795079	537	200	1584	3
1775756795585	740	200	1586	4
1775756795611	1158	200	1586	3
1775756795676	1106	200	1586	2
1775756795991	906	200	1586	1
1775756797553	406	200	1587	1
1775756799377	366	200	1589	2
1775756799730	430	200	1590	2
1775756799927	484	200	1591	2
1775756800275	475	200	1591	1
1775756801348	446	200	1592	1
1775756802631	703	200	1595	3
1775756802641	937	200	1595	2
1775756802965	731	200	1596	2
1775756803694	468	200	1596	1
1775756804355	397	200	1597	1
1775756805078	453	200	1598	1
1775756806091	391	200	1600	2
1775756806342	483	200	1600	1
1775756808376	398	200	1603	3
1775756808513	631	200	1603	2
1775756808576	673	200	1603	1
1775756810362	400	200	1605	2
1775756810737	488	200	1605	1
1775756811714	418	200	1607	2
1775756812062	662	200	1611	5
1775756812177	960	200	1611	4
1775756812238	1311	200	1612	4
1775756812321	1403	200	1612	3
1775756812398	1510	200	1613	3
1775756813304	689	200	1613	2
1775756813749	624	200	1613	1
1775756814987	533	200	1615	2
1775756815184	614	200	1615	1
1775756815919	472	200	1616	1
1775756817069	965	200	1619	3
1775756817149	1062	200	1619	2
1775756817153	1091	200	1619	1
1775756819496	384	200	1620	1
1775756821389	368	200	1621	1
1775756822735	365	200	1623	2
1775756822968	428	200	1623	1
1775756823550	418	200	1625	2
1775756823775	469	200	1626	2
1775756824221	473	200	1627	2
1775756824689	522	200	1628	2
1775756824837	570	200	1630	3
1775756825349	866	200	1635	7
1775756825383	1418	200	1635	6
1775756825488	1447	200	1635	5
1775756825603	1361	200	1635	4
1775756825651	1416	200	1635	3
1775756825741	1638	200	1636	3
1775756825793	1841	200	1636	2
1775756827141	726	200	1636	1
1775756827913	568	200	1639	3
1775756828209	738	200	1639	2
1775756828332	751	200	1639	1
1775756829518	505	200	1642	3
1775756829603	724	200	1644	4
1775756829716	739	200	1644	3
1775756830129	555	200	1646	4
1775756830297	617	200	1646	3
1775756830629	813	200	1647	3
1775756830669	774	200	1647	3
1775756831344	459	200	1647	1
1775756832159	402	200	1648	1
1775756832637	511	200	1652	4
1775756832815	669	200	1653	4
1775756832929	1052	200	1653	3
1775756832918	1082	200	1653	2
1775756833324	764	200	1653	1
1775756834315	404	200	1655	2
1775756834441	467	200	1655	1
1775756835143	398	200	1656	1
1775756836696	466	200	1658	2
1775756836739	574	200	1658	1
1775756838204	357	200	1659	1
1775756839237	397	200	1661	2
1775756839313	491	200	1661	1
1775756839885	396	200	1662	1
1775756841004	507	200	1665	3
1775756841054	688	200	1667	4
1775756841231	635	200	1667	3
1775756841716	771	200	1671	6
1775756841671	817	200	1671	5
1775756842233	622	200	1672	5
1775756842369	1036	200	1674	6
1775756842421	1540	200	1676	7
1775756842405	1578	200	1676	6
1775756842654	1359	200	1676	5
1775756842972	1170	200	1677	5
1775756842992	1991	200	1680	7
1775756843425	1929	200	1682	8
1775756844031	1369	200	1682	7
1775756843462	1941	200	1682	6
1775756844383	1252	200	1684	7
1775756844402	1691	200	1685	7
1775756845143	1505	200	1685	6
1775756844786	1907	200	1685	5
1775756845321	1506	200	1686	5
1775756845438	1455	200	1686	4
1775756845526	1801	200	1687	4
1775756845866	1680	200	1687	3
1775756846781	1094	200	1687	2
1775756847076	831	200	1687	1
1775756848378	408	200	1689	2
1775756848495	469	200	1691	3
1775756848871	682	200	1691	2
1775756848956	671	200	1691	1
1775756849700	415	200	1693	2
1775756850038	462	200	1694	2
1775756850124	573	200	1694	1
1775756850704	728	200	1697	3
1775756850743	743	200	1697	2
1775756851278	465	200	1697	1
1775756851857	411	200	1698	1
1775756852777	402	200	1699	1
1775756853409	426	200	1701	2
1775756853621	457	200	1701	1
1775756855521	823	200	1704	3
1775756855521	824	200	1704	3
1775756855613	840	200	1704	1
1775756856932	381	200	1707	3
1775756857079	694	200	1708	3
1775756857046	747	200	1708	2
1775756857568	435	200	1708	1
1775756859761	430	200	1711	3
1775756859819	543	200	1712	3
1775756860045	464	200	1712	2
1775756860281	462	200	1712	1
1775756861222	372	200	1713	1
1775756862651	392	200	1715	2
1775756862918	428	200	1715	1
1775756863806	382	200	1717	2
1775756863962	430	200	1717	1
1775756865065	407	200	1720	3
1775756865171	510	200	1722	4
1775756865453	683	200	1726	7
1775756865645	1123	200	1727	7
1775756865657	1240	200	1727	6
1775756865685	1388	200	1728	6
1775756865920	1229	200	1728	5
1775756866048	1303	200	1728	4
1775756866097	1558	200	1729	4
1775756866592	1530	200	1729	3
1775756866900	1300	200	1729	2
1775756867392	904	200	1729	1
1775756869742	401	200	1732	3
1775756869914	665	200	1732	2
1775756869909	689	200	1732	1
1775756870694	384	200	1734	2
1775756870951	465	200	1735	2
1775756871165	476	200	1735	1
1775756872737	370	200	1736	1
1775756873354	381	200	1738	2
1775756873529	438	200	1739	2
1775756873747	458	200	1741	3
1775756874197	1102	200	1746	7
1775756874173	1350	200	1747	7
1775756874245	1352	200	1747	6
1775756874306	1321	200	1747	5
1775756874366	1507	200	1747	4
1775756874883	1353	200	1747	3
1775756875337	1276	200	1748	3
1775756875179	1442	200	1748	2
1775756876612	435	200	1750	3
1775756876975	696	200	1752	4
1775756877041	764	200	1752	3
1775756877235	875	200	1753	3
1775756877357	828	200	1753	2
1775756878074	453	200	1754	2
1775756878201	528	200	1755	2
1775756878717	481	200	1755	1
1775756879293	445	200	1757	2
1775756879359	586	200	1759	3
1775756879785	496	200	1761	4
1775756879943	738	200	1762	4
1775756880145	982	200	1762	3
1775756880119	1123	200	1762	2
1775756880370	933	200	1762	1
1775756881544	412	200	1763	1
1775756881968	465	200	1764	1
1775756882513	434	200	1767	3
1775756882698	487	200	1767	2
1775756882863	539	200	1768	2
1775756883210	502	200	1769	2
1775756883529	504	200	1773	5
1775756883720	794	200	1773	4
1775756883849	1222	200	1774	4
1775756883843	1245	200	1774	3
1775756883997	1199	200	1774	2
1775756884766	587	200	1774	1
1775756885578	421	200	1775	1
1775756886228	388	200	1776	1
1775756886648	406	200	1777	1
1775756887956	380	200	1778	1
1775756888414	392	200	1779	1
1775756889782	602	200	1784	5
1775756889811	697	200	1784	4
1775756890189	1265	200	1788	7
1775756890246	1209	200	1788	6
1775756890356	1345	200	1788	5
1775756890719	1084	200	1788	4
1775756891004	1426	200	1789	4
1775756890824	1647	200	1789	3
1775756891299	1437	200	1789	2
1775756891922	856	200	1789	1
1775756893078	411	200	1791	2
1775756893436	500	200	1793	3
1775756893637	671	200	1794	3
1775756893731	732	200	1794	2
1775756894190	519	200	1795	2
1775756894691	449	200	1795	1
1775756895556	378	200	1796	1
1775756895984	744	200	1799	3
1775756895941	806	200	1799	2
1775756896291	619	200	1799	1
1775756897586	369	200	1801	2
1775756897749	461	200	1801	1
1775756898668	396	200	1803	2
1775756898898	490	200	1804	2
1775756899106	497	200	1804	1
1775756899857	468	200	1807	3
1775756899913	723	200	1808	3
1775756900090	666	200	1808	2
1775756900432	525	200	1809	2
1775756900899	489	200	1811	3
1775756901090	536	200	1812	3
1775756901212	615	200	1812	2
1775756901491	526	200	1813	2
1775756901981	449	200	1813	1
1775756902475	446	200	1814	1
1775756903496	371	200	1815	1
1775756903988	395	200	1816	1
1775756905245	427	200	1819	3
1775756905421	504	200	1820	3
1775756905656	733	200	1820	2
1775756905742	732	200	1820	1
1775756907181	372	200	1821	1
1775756907852	603	200	1824	3
1775756907876	846	200	1824	2
1775756907945	832	200	1824	1
1775756909339	385	200	1825	1
1775756909818	553	200	1828	3
1775756909865	711	200	1828	2
1775756910022	683	200	1828	1
1775756910756	665	200	1832	4
1775756910793	722	200	1832	3
1775756911264	775	200	1833	3
1775756911238	838	200	1833	2
1775756911892	525	200	1834	2
1775756912183	480	200	1834	1
1775756912985	668	200	1837	3
1775756913014	840	200	1837	2
1775756913255	700	200	1837	1
1775756913965	466	200	1839	2
1775756914188	527	200	1839	1
1775756915225	376	200	1840	1
1775756915688	397	200	1842	2
1775756915978	560	200	1842	1
1775756916707	431	200	1843	1
1775756917419	401	200	1844	1
1775756919037	532	200	1846	2
1775756919072	623	200	1847	2
1775756919660	443	200	1848	2
1775756920103	456	200	1849	2
1775756920359	479	200	1849	1
1775756920880	486	200	1851	2
1775756921183	500	200	1853	3
1775756921460	509	200	1853	2
1775756921650	508	200	1853	1
1775756922488	410	200	1854	1
1775756923069	428	200	1857	3
1775756923235	508	200	1858	3
1775756923537	956	200	1860	4
1775756923498	1045	200	1860	3
1775756923750	896	200	1860	2
1775756924241	587	200	1860	1
1775756925740	559	200	1865	5
1775756925781	721	200	1865	4
1775756925878	825	200	1866	4
1775756926165	945	200	1868	5
1775756926167	1045	200	1868	4
1775756926669	1072	200	1869	4
1775756926722	1066	200	1869	3
1775756926726	1177	200	1869	2
1775756927539	540	200	1869	1
1775756928564	384	200	1872	3
1775756928810	779	200	1873	3
1775756928816	786	200	1873	2
1775756929246	560	200	1873	1
1775756930203	396	200	1875	2
1775756930415	425	200	1876	2
1775756930791	437	200	1876	1
1775756931643	430	200	1877	1
1775756932299	403	200	1878	1
1775756932855	436	200	1879	1
1775756933330	445	200	1881	2
1775756933733	459	200	1882	2
1775756934132	581	200	1883	2
1775756934262	581	200	1883	1
1775756934887	416	200	1885	2
1775756935213	448	200	1885	1
1775756936179	574	200	1889	4
1775756936191	780	200	1889	3
1775756936439	753	200	1889	2
1775756936710	584	200	1890	2
1775756937205	485	200	1890	1
1775756937977	431	200	1892	2
1775756938255	447	200	1893	2
1775756938679	454	200	1893	1
1775756939562	556	200	1895	2
1775756939577	650	200	1896	2
1775756940177	518	200	1897	2
1775756940317	547	200	1897	1
1775756941651	386	200	1899	2
1775756941814	449	200	1899	1
1775756942400	392	200	1900	1
1775756942900	406	200	1901	1
1775756944027	571	200	1903	2
1775756944056	609	200	1903	1
1775756944736	409	200	1904	1
1775756945647	382	200	1906	2
1775756945947	455	200	1906	1
1775756946440	677	200	1910	4
1775756946556	1324	200	1912	5
1775756946527	1355	200	1912	4
1775756946622	1323	200	1912	3
1775756947228	830	200	1912	2
1775756947674	642	200	1913	2
1775756948169	481	200	1913	1
1775756949768	360	200	1914	1
1775756950339	383	200	1916	2
1775756950549	465	200	1917	2
1775756950812	461	200	1917	1
1775756951702	400	200	1918	1
1775756952211	466	200	1920	2
1775756952452	543	200	1920	1
1775756953576	459	200	1921	1
1775756954065	451	200	1922	1
1775756956092	387	200	1924	2
1775756956275	413	200	1924	1
1775756957036	468	200	1927	3
1775756957093	720	200	1927	2
1775756957153	770	200	1927	1
1775756958197	386	200	1928	1
1775756958766	401	200	1930	2
1775756959114	517	200	1932	3
1775756959253	634	200	1932	2
1775756959420	626	200	1932	1
1775756961028	371	200	1933	1
1775756961586	364	200	1934	1
1775756962591	387	200	1935	1
1775756963436	449	200	1937	2
1775756963523	531	200	1937	1
1775756964196	396	200	1939	2
1775756964500	474	200	1939	1
1775756965037	421	200	1940	1
1775756965535	413	200	1941	1
1775756966111	502	200	1945	4
1775756966217	1234	200	1948	6
1775756966244	1233	200	1949	6
1775756966353	1257	200	1949	5
1775756966691	1021	200	1949	4
1775756966918	1615	200	1951	5
1775756966935	1628	200	1951	4
1775756967468	1221	200	1951	3
1775756968087	713	200	1951	2
1775756968417	566	200	1952	2
1775756968953	558	200	1954	3
1775756969196	532	200	1954	2
1775756969402	530	200	1955	2
1775756969781	500	200	1955	1
1775756970822	410	200	1957	2
1775756971122	500	200	1960	4
1775756971322	822	200	1961	4
1775756971322	952	200	1961	3
1775756971585	901	200	1962	3
1775756971801	780	200	1962	2
1775756972438	516	200	1963	2
1775756972713	490	200	1963	1
1775756973347	421	200	1965	2
1775756973686	492	200	1965	1
1775756974388	388	200	1967	2
1775756974589	446	200	1967	1
1775756975335	419	200	1970	3
1775756975590	822	200	1972	4
1775756975607	875	200	1972	3
1775756975825	914	200	1972	2
1775756975941	826	200	1972	1
1775756978082	392	200	1974	2
1775756978287	413	200	1976	3
1775756978618	700	200	1979	5
1775756978677	826	200	1979	4
1775756978817	1104	200	1979	3
1775756978892	1179	200	1979	2
1775756978983	1140	200	1979	1
1775756980570	389	200	1981	2
1775756980660	501	200	1981	1
1775756981506	388	200	1984	3
1775756981779	575	200	1985	3
1775756981855	659	200	1985	2
1775756982178	517	200	1985	1
1775756982783	438	200	1987	2
1775756983146	446	200	1988	2
1775756983525	458	200	1988	1
1775756984352	411	200	1989	1
1775756984778	391	200	1990	1
1775756987151	363	200	1991	1
1775756987675	373	200	1992	1
1775756988486	370	200	1993	1
1775756989005	392	200	1994	1
1775756989913	385	200	1996	2
1775756990278	419	200	1996	1
1775756991410	523	200	2000	4
1775756991457	851	200	2000	3
1775756991519	828	200	2000	2
1775756991753	735	200	2001	2
1775756992400	538	200	2003	3
1775756992907	1215	200	2008	7
1775756992932	1253	200	2008	6
1775756992976	1383	200	2008	5
1775756993048	1311	200	2008	4
1775756993887	837	200	2008	3
1775756993908	1100	200	2008	2
1775756993952	1146	200	2008	1
1775756995292	414	200	2009	1
1775756996013	488	200	2013	4
1775756996062	684	200	2014	4
1775756996207	734	200	2014	3
1775756996415	767	200	2014	2
1775756996616	701	200	2014	1
1775756997901	426	200	2015	1
1775756998584	498	200	2016	1
1775756999260	441	200	2017	1
1775757001749	366	200	2020	3
1775757001899	587	200	2022	4
1775757001938	630	200	2022	3
1775757002390	794	200	2023	3
1775757002427	771	200	2023	2
1775757002965	482	200	2023	1
1775757004083	374	200	2024	1
1775757004631	387	200	2025	1
1775757005107	404	200	2027	2
1775757005297	503	200	2029	3
1775757005526	503	200	2030	3
1775757005817	757	200	2030	2
1775757005789	786	200	2030	1
1775757006863	708	200	2034	4
1775757006875	1076	200	2037	6
1775757006934	1039	200	2037	5
1775757007363	851	200	2037	4
1775757007690	624	200	2037	3
1775757007749	949	200	2039	4
1775757007840	895	200	2039	3
1775757008571	658	200	2041	4
1775757008646	762	200	2041	3
1775757008828	973	200	2041	2
1775757008918	919	200	2042	2
1775757009817	444	200	2042	1
1775757011134	373	200	2043	1
1775757011894	371	200	2045	2
1775757012110	443	200	2045	1
1775757013507	411	200	2048	3
1775757013654	692	200	2048	2
1775757013744	672	200	2049	2
1775757014385	528	200	2050	2
1775757014634	554	200	2050	1
1775757015398	602	200	2054	4
1775757015508	696	200	2054	3
1775757015906	862	200	2055	3
1775757015937	1051	200	2056	3
1775757016307	787	200	2057	3
1775757016825	539	200	2058	3
1775757017049	753	200	2059	3
1775757017126	790	200	2059	2
1775757017637	471	200	2059	1
1775757019283	816	200	2064	5
1775757019283	861	200	2065	5
1775757019447	1021	200	2065	4
1775757019506	963	200	2065	3
1775757019825	983	200	2066	3
1775757020133	750	200	2066	2
1775757020670	483	200	2066	1
1775757021382	590	200	2069	3
1775757021409	670	200	2069	2
1775757021916	468	200	2069	1
1775757023486	376	200	2070	1
1775757025172	382	200	2071	1
1775757026022	376	200	2072	1
1775757026881	364	200	2073	1
1775757028468	362	200	2074	1
1775757028869	526	200	2079	5
1775757028891	859	200	2079	4
1775757028998	1130	200	2082	6
1775757028979	1298	200	2083	6
1775757029016	1287	200	2083	5
1775757029947	635	200	2084	5
1775757029979	942	200	2084	4
1775757030105	1299	200	2085	4
1775757030162	1263	200	2085	3
1775757030383	1160	200	2085	2
1775757031397	448	200	2086	2
1775757031810	446	200	2087	2
1775757032230	463	200	2087	1
1775757033667	393	200	2089	2
1775757033817	460	200	2089	1
1775757034286	426	200	2090	1
1775757035318	381	200	2091	1
1775757035986	378	200	2093	2
1775757036192	436	200	2093	1
1775757037002	366	200	2094	1
1775757037501	398	200	2095	1
1775757039051	372	200	2096	1
1775757039501	364	200	2097	1
1775757039996	387	200	2100	3
1775757040227	517	200	2101	3
1775757040342	613	200	2101	2
1775757040582	543	200	2101	1
1775757042051	362	200	2102	1
1775757042544	422	200	2104	2
1775757042599	560	200	2104	1
1775757043471	406	200	2105	1
1775757044126	405	200	2108	3
1775757044390	549	200	2109	3
1775757044575	759	200	2110	3
1775757044531	861	200	2110	2
1775757045272	534	200	2111	2
1775757045555	498	200	2111	1
1775757046614	708	200	2115	4
1775757046649	890	200	2115	3
1775757046853	848	200	2115	2
1775757047174	645	200	2115	1
1775757048828	366	200	2116	1
1775757050333	360	200	2118	2
1775757050575	417	200	2118	1
1775757052966	372	200	2119	1
1775757053390	390	200	2121	2
1775757053464	466	200	2121	1
1775757054487	389	200	2122	1
1775757054982	397	200	2123	1
1775757055600	400	200	2125	2
1775757055770	437	200	2125	1
1775757056450	550	200	2127	2
1775757056673	598	200	2128	2
1775757057256	511	200	2128	1
1775757059089	420	200	2131	3
1775757059336	558	200	2131	2
1775757059407	663	200	2131	1
1775757060157	475	200	2133	2
1775757060411	509	200	2133	1
1775757061091	406	200	2135	2
1775757061229	455	200	2136	2
1775757061538	471	200	2136	1
1775757062915	381	200	2137	1
1775757063740	369	200	2138	1
1775757064264	407	200	2140	2
1775757064636	463	200	2140	1
1775757065397	633	200	2143	3
1775757065459	869	200	2144	3
1775757065436	916	200	2144	2
1775757066158	466	200	2144	1
1775757068196	365	200	2145	1
1775757068596	374	200	2147	2
1775757068782	455	200	2147	1
1775757070781	386	200	2148	1
1775757072073	360	200	2149	1
1775757072806	371	200	2151	2
1775757073042	384	200	2151	1
1775757074078	380	200	2152	1
1775757074697	373	200	2153	1
1775757075368	412	200	2155	2
1775757075491	497	200	2155	1
1775757076259	387	200	2157	2
1775757076522	463	200	2159	3
1775757076742	518	200	2159	2
1775757076926	617	200	2161	3
1775757077264	927	200	2162	3
1775757077346	899	200	2162	2
1775757077950	524	200	2162	1
1775757078496	837	200	2165	3
1775757078480	859	200	2165	2
1775757079228	506	200	2165	1
1775757081306	360	200	2166	1
1775757081668	415	200	2168	2
1775757081989	472	200	2169	2
1775757082097	538	200	2170	2
1775757082542	467	200	2170	1
1775757083257	440	200	2172	2
1775757083415	464	200	2172	1
1775757084560	447	200	2174	2
1775757084687	473	200	2174	1
1775757085801	429	200	2176	2
1775757085886	489	200	2176	1
1775757086842	401	200	2178	2
1775757087013	454	200	2178	1
1775757088873	511	200	2183	5
1775757088964	937	200	2184	5
1775757088973	1232	200	2184	4
1775757089176	1123	200	2184	3
1775757089177	1263	200	2184	2
1775757089449	1095	200	2184	1
1775757091668	362	200	2186	2
1775757091763	457	200	2186	1
1775757092232	432	200	2187	1
1775757093013	404	200	2188	1
1775757093524	401	200	2189	1
1775757094115	402	200	2190	1
1775757095009	373	200	2191	1
1775757095520	406	200	2192	1
1775757096297	434	200	2195	3
1775757096465	892	200	2196	3
1775757096485	887	200	2196	2
1775757096844	679	200	2197	2
1775757097509	448	200	2197	1
1775757098393	401	200	2199	2
1775757098586	446	200	2199	1
1775757099873	420	200	2201	2
1775757099951	514	200	2201	1
1775757100675	395	200	2203	2
1775757100892	470	200	2204	2
1775757101318	461	200	2204	1
1775757102904	554	200	2207	3
1775757102910	856	200	2207	2
1775757102971	843	200	2207	1
1775757103859	424	200	2208	1
1775757104636	406	200	2209	1
1775757105840	376	200	2210	1
1775757107467	375	200	2211	1
1775757107964	372	200	2212	1
1775757108854	370	200	2214	2
1775757109112	404	200	2214	1
1775757109956	369	200	2215	1
1775757110977	398	200	2217	2
1775757111148	447	200	2217	1
1775757111934	377	200	2218	1
1775757112885	456	200	2221	3
1775757113024	565	200	2222	3
1775757113272	527	200	2222	2
1775757113502	519	200	2222	1
1775757114072	435	200	2224	2
1775757114370	474	200	2224	1
1775757115498	579	200	2227	3
1775757115522	830	200	2228	3
1775757115582	876	200	2229	3
1775757116129	522	200	2229	2
1775757116372	496	200	2229	1
1775757116883	863	200	2232	3
1775757116935	859	200	2232	2
1775757117681	453	200	2232	1
1775757119092	374	200	2234	2
1775757119357	424	200	2234	1
1775757119912	423	200	2236	2
1775757120197	491	200	2237	2
1775757120381	547	200	2237	1
1775757121009	557	200	2240	3
1775757121126	830	200	2240	2
1775757121148	816	200	2240	1
1775757122171	539	200	2242	2
1775757122201	654	200	2242	1
1775757124070	372	200	2244	2
1775757124347	465	200	2244	1
1775757125027	456	200	2245	1
1775757125931	411	200	2246	1
1775757127359	369	200	2247	1
1775757128117	360	200	2248	1
1775757129937	366	200	2249	1
1775757131476	479	200	2252	3
1775757131577	716	200	2252	2
1775757131593	706	200	2252	1
1775757133346	509	200	2256	4
1775757133386	778	200	2257	4
1775757133439	904	200	2257	3
1775757133615	989	200	2258	3
1775757133927	767	200	2259	3
1775757134561	650	200	2259	2
1775757134609	703	200	2259	1
1775757135773	390	200	2261	2
1775757135957	462	200	2262	2
1775757136389	449	200	2262	1
1775757137792	367	200	2263	1
1775757138449	364	200	2264	1
1775757138960	378	200	2265	1
1775757139450	488	200	2268	3
1775757139605	563	200	2269	3
1775757139911	713	200	2270	3
1775757140013	827	200	2270	2
1775757140331	678	200	2270	1
1775757141469	464	200	2272	2
1775757141677	511	200	2272	1
1775757142703	448	200	2275	3
1775757142809	819	200	2278	5
1775757142874	847	200	2279	5
1775757143266	644	200	2279	4
1775757143452	705	200	2280	4
1775757143516	971	200	2281	4
1775757143693	892	200	2281	3
1775757144134	825	200	2281	2
1775757144186	814	200	2282	2
1775757144974	446	200	2282	1
1775757146102	377	200	2283	1
1775757146536	403	200	2284	1
1775757147200	390	200	2286	2
1775757147494	478	200	2286	1
1775757149068	465	200	2290	4
1775757149108	624	200	2291	4
1775757149332	649	200	2292	4
1775757149507	633	200	2292	3
1775757149702	705	200	2292	2
1775757149910	627	200	2293	2
1775757150432	488	200	2295	3
1775757150874	674	200	2296	3
1775757150892	658	200	2296	2
1775757151348	469	200	2296	1
1775757153999	382	200	2299	3
1775757154353	756	200	2302	5
1775757154353	788	200	2302	4
1775757154618	899	200	2304	5
1775757154695	897	200	2304	4
1775757154931	908	200	2304	3
1775757155323	741	200	2304	2
1775757155448	736	200	2304	1
1775757156851	384	200	2306	2
1775757156963	459	200	2306	1
1775757159628	361	200	2307	1
1775757160745	374	200	2308	1
1775757161197	364	200	2309	1
1775757161836	363	200	2311	2
1775757162189	402	200	2311	1
1775757162707	377	200	2312	1
1775757163510	400	200	2315	3
1775757163598	491	200	2315	2
1775757163784	494	200	2315	1
1775757164830	386	200	2317	2
1775757165047	578	200	2321	5
1775757165274	985	200	2322	5
1775757165296	1186	200	2322	4
1775757165402	1405	200	2323	4
1775757165507	1301	200	2323	3
1775757165855	1097	200	2323	2
1775757166732	504	200	2324	2
1775757167054	455	200	2324	2
1775757167510	476	200	2325	1
1775757168183	450	200	2327	2
1775757168261	553	200	2327	1
1775757168957	432	200	2329	2
1775757169144	479	200	2329	1
1775757169695	425	200	2331	2
1775757169823	494	200	2331	1
1775757170623	394	200	2332	1
1775757171573	363	200	2333	1
1775757173116	390	200	2335	2
1775757173262	476	200	2336	2
1775757173563	473	200	2336	1
1775757174558	404	200	2337	1
1775757175469	372	200	2340	3
1775757175697	470	200	2341	3
1775757175830	533	200	2341	2
1775757176034	518	200	2341	1
1775757176822	413	200	2342	1
1775757177377	491	200	2344	2
1775757177461	576	200	2344	1
1775757178580	375	200	2345	1
1775757179085	690	200	2347	2
1775757179092	783	200	2348	2
1775757179789	502	200	2348	1
1775757181824	384	200	2350	2
1775757182098	463	200	2350	1
1775757183390	408	200	2353	3
1775757183518	757	200	2353	2
1775757183587	728	200	2353	1
1775757184349	594	200	2356	3
1775757184413	678	200	2356	2
1775757184795	533	200	2358	3
1775757185225	1068	200	2362	6
1775757185188	1110	200	2362	5
1775757185492	1149	200	2363	5
1775757185421	1220	200	2363	4
1775757185684	1419	200	2365	5
1775757186068	1039	200	2365	4
1775757186435	1139	200	2365	3
1775757186657	974	200	2365	2
1775757186879	894	200	2365	1
1775757188605	385	200	2367	2
1775757188739	427	200	2367	1
1775757189539	518	200	2369	2
1775757189613	593	200	2371	3
1775757190156	1090	200	2373	4
1775757190199	1050	200	2373	3
1775757190264	1050	200	2373	2
1775757191116	460	200	2373	1
1775757191726	392	200	2374	1
1775757193344	376	200	2376	2
1775757193704	420	200	2376	1
1775757194842	361	200	2377	1
1775757195925	367	200	2379	2
1775757196238	519	200	2380	2
1775757196324	630	200	2381	2
1775757196824	569	200	2383	3
1775757197020	820	200	2383	2
1775757197077	833	200	2384	2
1775757197860	470	200	2386	3
1775757198243	774	200	2388	4
1775757198298	870	200	2388	3
1775757198556	936	200	2388	2
1775757198596	930	200	2388	1
1775757199781	445	200	2390	2
1775757199954	483	200	2391	2
1775757200252	509	200	2392	2
1775757200744	427	200	2392	1
1775757202833	438	200	2393	1
1775757204045	492	200	2396	3
1775757204126	623	200	2396	2
1775757204297	606	200	2396	1
1775757204916	451	200	2397	1
1775757205648	387	200	2398	1
1775757207371	360	200	2399	1
1775757207853	534	200	2402	3
1775757207878	613	200	2402	2
1775757208351	455	200	2403	2
1775757208634	453	200	2403	1
1775757211337	360	200	2404	1
1775757212235	377	200	2405	1
1775757214635	364	200	2406	1
1775757215487	354	200	2407	1
1775757216771	351	200	2408	1
1775757218256	380	200	2411	3
1775757218487	750	200	2412	3
1775757218438	815	200	2412	2
1775757218647	713	200	2412	1
1775757219778	360	200	2413	1
1775757220155	370	200	2414	1
1775757220600	503	200	2416	2
1775757220616	599	200	2417	2
1775757221202	389	200	2417	1
1775757221916	351	200	2418	1
1775757222367	365	200	2419	1
1775757223262	394	200	2422	3
1775757223371	481	200	2423	3
1775757223621	520	200	2423	2
1775757223777	552	200	2423	1
1775757224477	448	200	2425	2
1775757224909	468	200	2425	1
1775757225551	399	200	2427	2
1775757225916	435	200	2428	2
1775757226223	471	200	2428	1
1775757226927	547	200	2431	3
1775757226971	842	200	2431	2
1775757227014	814	200	2431	1
1775757227924	416	200	2432	1
1775757229727	369	200	2433	1
1775757230107	450	200	2435	2
1775757230275	461	200	2435	1
1775757230853	548	200	2440	5
1775757230920	650	200	2440	4
1775757231148	1085	200	2440	3
1775757231084	1186	200	2440	2
1775757231355	996	200	2440	1
1775757233272	379	200	2442	2
1775757233555	445	200	2443	2
1775757233780	465	200	2443	1
1775757235537	362	200	2444	1
1775757236227	385	200	2447	3
1775757236413	643	200	2447	2
1775757236414	657	200	2447	1
1775757238203	366	200	2448	1
1775757238792	417	200	2451	3
1775757238859	592	200	2451	2
1775757239021	585	200	2451	1
1775757239650	430	200	2452	1
1775757240495	389	200	2454	2
1775757240611	500	200	2454	1
1775757241638	386	200	2456	2
1775757241930	464	200	2457	2
1775757242137	480	200	2457	1
1775757242883	406	200	2458	1
1775757244448	378	200	2459	1
1775757245510	366	200	2460	1
1775757245928	396	200	2462	2
1775757246071	445	200	2463	2
1775757246412	444	200	2463	1
1775757247673	365	200	2464	1
1775757248042	763	200	2469	5
1775757248056	1031	200	2469	4
1775757248110	1167	200	2469	3
1775757248339	1092	200	2470	3
1775757248748	741	200	2470	2
1775757249319	490	200	2470	1
1775757249853	408	200	2472	2
1775757250163	635	200	2475	4
1775757250317	1085	200	2476	4
1775757250304	1141	200	2476	3
1775757250536	1027	200	2477	3
1775757251219	540	200	2477	2
1775757251450	519	200	2477	1
1775757253050	384	200	2479	2
1775757253354	433	200	2480	2
1775757253638	463	200	2480	1
1775757254446	483	200	2483	3
1775757254549	860	200	2483	2
1775757254584	842	200	2483	1
1775757255928	364	200	2484	1
1775757256545	392	200	2485	1
1775757258254	363	200	2486	1
1775757259758	376	200	2487	1
1775757260370	367	200	2489	2
1775757260669	396	200	2489	1
1775757261493	371	200	2490	1
1775757262577	359	200	2491	1
1775757263411	366	200	2492	1
1775757263996	409	200	2496	4
1775757264300	983	200	2499	6
1775757264328	1429	200	2499	5
1775757264367	1394	200	2499	4
1775757264612	1276	200	2499	3
1775757264658	1368	200	2499	2
1775757265136	1113	200	2499	1
1775757266289	459	200	2500	1
1775757267200	390	200	2501	1
1775757267603	405	200	2503	2
1775757267822	482	200	2504	2
1775757268205	451	200	2505	2
1775757268580	661	200	2507	3
1775757268745	890	200	2507	2
1775757268726	928	200	2507	1
1775757271027	394	200	2511	4
1775757271170	721	200	2511	3
1775757271153	855	200	2511	2
1775757271323	809	200	2512	2
1775757272120	434	200	2512	1
1775757272650	426	200	2513	1
1775757273203	515	200	2515	2
1775757273264	611	200	2516	2
1775757273850	538	200	2518	3
1775757273959	757	200	2518	2
1775757274084	748	200	2518	1
1775757275047	391	200	2519	1
1775757275683	385	200	2520	1
1775757276112	806	200	2526	6
1775757276083	903	200	2526	5
1775757276306	1006	200	2527	5
1775757276452	937	200	2527	4
1775757276543	1129	200	2528	4
1775757276851	959	200	2528	3
1775757277119	1028	200	2529	3
1775757277413	885	200	2530	3
1775757277823	617	200	2530	2
1775757278244	495	200	2531	2
1775757278563	471	200	2532	2
1775757278998	448	200	2532	1
1775757279631	619	200	2535	3
1775757279637	661	200	2536	3
1775757280170	697	200	2537	3
1775757280282	707	200	2537	2
1775757280646	530	200	2537	1
1775757281255	402	200	2538	1
1775757282153	366	200	2539	1
1775757283209	380	200	2540	1
1775757283684	395	200	2541	1
1775757284687	395	200	2544	3
1775757285014	666	200	2547	5
1775757285082	905	200	2549	6
1775757285192	1066	200	2549	5
1775757285186	1361	200	2549	4
1775757285289	1465	200	2549	3
1775757285723	1225	200	2549	2
1775757285958	1032	200	2549	1
1775757287019	432	200	2550	1
1775757287485	481	200	2552	2
1775757287553	577	200	2552	1
1775757288756	375	200	2553	1
1775757289215	383	200	2554	1
1775757289708	391	200	2555	1
1775757291198	591	200	2557	2
1775757291232	612	200	2557	1
1775757292827	380	200	2558	1
1775757293492	393	200	2560	2
1775757293702	443	200	2560	1
1775757294886	373	200	2561	1
1775757295334	474	200	2564	3
1775757295475	744	200	2564	2
1775757295480	777	200	2564	1
1775757296547	398	200	2566	2
1775757296820	417	200	2566	1
1775757297390	564	200	2570	4
1775757297430	774	200	2571	4
1775757297621	833	200	2573	5
1775757297830	823	200	2574	5
1775757298098	754	200	2574	4
1775757298279	795	200	2574	3
1775757298437	884	200	2575	3
1775757298618	814	200	2575	2
1775757299213	492	200	2575	1
1775757300746	401	200	2577	2
1775757301036	415	200	2577	1
1775757301465	418	200	2578	1
1775757302626	377	200	2579	1
1775757303938	371	200	2580	1
1775757304347	364	200	2582	2
1775757304574	451	200	2583	2
1775757304986	764	200	2584	2
1775757305037	759	200	2584	1
1775757306367	407	200	2586	2
1775757306487	471	200	2586	1
1775757307317	394	200	2587	1
1775757308331	367	200	2588	1
1775757308720	511	200	2593	5
1775757308753	685	200	2593	4
1775757309049	953	200	2595	5
1775757309082	1185	200	2595	4
1775757309086	1402	200	2595	3
1775757309590	1026	200	2595	2
1775757309983	687	200	2595	1
1775757310956	410	200	2598	3
1775757311080	526	200	2600	4
1775757311262	614	200	2602	5
1775757311452	824	200	2602	4
1775757311571	907	200	2603	4
1775757311767	1084	200	2604	4
1775757311756	1264	200	2604	3
1775757312291	919	200	2604	2
1775757312622	675	200	2604	1
1775757314309	732	200	2609	5
1775757314318	802	200	2609	4
1775757314644	611	200	2609	3
1775757314909	670	200	2610	3
1775757314927	874	200	2610	2
1775757315283	669	200	2610	1
1775757316280	377	200	2611	1
1775757318060	372	200	2614	3
1775757318351	703	200	2615	3
1775757318359	710	200	2615	2
1775757318898	384	200	2616	2
1775757319227	451	200	2617	2
1775757319554	518	200	2618	2
1775757319972	460	200	2618	1
1775757321062	389	200	2619	1
1775757321652	411	200	2621	2
1775757321959	459	200	2622	2
1775757322293	456	200	2622	1
1775757322822	421	200	2623	1
1775757323932	359	200	2624	1
1775757324684	374	200	2626	2
1775757325016	437	200	2626	1
1775757325938	368	200	2627	1
1775757327481	441	200	2629	2
1775757327793	511	200	2630	2
1775757328025	535	200	2632	3
1775757328397	723	200	2633	3
1775757328550	714	200	2634	3
1775757329082	598	200	2634	2
1775757329194	664	200	2634	1
1775757329876	412	200	2636	2
1775757330276	668	200	2637	2
1775757330354	650	200	2637	1
1775757331266	399	200	2638	1
1775757331826	371	200	2639	1
1775757332242	472	200	2643	4
1775757332402	1133	200	2644	4
1775757332485	1085	200	2644	3
1775757332446	1220	200	2644	2
1775757332957	766	200	2644	1
1775757333743	424	200	2645	1
1775757334258	429	200	2647	2
1775757334612	599	200	2648	2
1775757334704	657	200	2648	1
1775757336209	367	200	2649	1
1775757336582	445	200	2651	2
1775757336899	433	200	2651	1
1775757338301	544	200	2654	3
1775757338331	696	200	2654	2
1775757338589	582	200	2654	1
1775757339227	417	200	2655	1
1775757340703	400	200	2657	2
1775757340893	504	200	2657	1
1775757341606	514	200	2660	3
1775757341760	633	200	2660	2
1775757341893	696	200	2660	1
1775757342859	418	200	2661	1
1775757343554	384	200	2663	2
1775757343881	444	200	2664	2
1775757344097	465	200	2664	1
1775757345019	421	200	2666	2
1775757345240	475	200	2666	1
1775757346522	360	200	2667	1
1775757346913	384	200	2669	2
1775757347219	461	200	2670	2
1775757347376	510	200	2671	2
1775757347754	470	200	2672	2
1775757348111	469	200	2672	1
1775757348875	370	200	2674	2
1775757349166	454	200	2674	1
1775757350083	377	200	2676	2
1775757350441	429	200	2677	2
1775757350702	454	200	2678	2
1775757350947	515	200	2680	3
1775757351220	892	200	2681	3
1775757351289	840	200	2681	2
1775757351895	476	200	2681	1
1775757352624	722	200	2685	4
1775757352629	864	200	2685	3
1775757352950	726	200	2685	2
1775757353153	660	200	2685	1
1775757354198	389	200	2687	2
1775757354514	500	200	2687	1
1775757355416	401	200	2688	1
1775757356471	369	200	2690	2
1775757356692	432	200	2690	1
1775757357497	435	200	2693	3
1775757357591	819	200	2694	3
1775757357642	777	200	2694	2
1775757358000	606	200	2694	1
1775757359070	385	200	2695	1
1775757360662	380	200	2698	3
1775757360936	641	200	2700	4
1775757360989	659	200	2700	3
1775757361520	762	200	2702	4
1775757361558	923	200	2702	3
1775757361859	822	200	2703	3
1775757362091	754	200	2703	2
1775757362565	570	200	2703	1
1775757364109	567	200	2709	6
1775757364121	757	200	2709	5
1775757364368	1140	200	2712	7
1775757364440	1306	200	2713	7
1775757364563	1447	200	2713	6
1775757364623	1418	200	2713	5
1775757364890	1423	200	2715	6
1775757365052	1344	200	2715	5
1775757365301	1437	200	2716	5
1775757365556	1337	200	2716	4
1775757366188	1230	200	2716	3
1775757366091	1344	200	2716	2
1775757366573	977	200	2716	1
1775757368162	382	200	2717	1
1775757369084	440	200	2722	5
1775757369182	969	200	2723	5
1775757369222	1231	200	2724	5
1775757369228	1342	200	2724	4
1775757369411	1244	200	2724	3
1775757369903	955	200	2724	2
1775757370415	577	200	2725	2
1775757370951	532	200	2728	4
1775757371139	1156	200	2728	3
1775757371156	1152	200	2728	2
1775757371145	1195	200	2728	1
1775757372861	483	200	2730	2
1775757372881	621	200	2730	1
1775757374472	370	200	2732	2
1775757374802	426	200	2732	1
1775757376094	374	200	2733	1
1775757377040	367	200	2734	1
1775757378338	364	200	2735	1
1775757379299	378	200	2737	2
1775757379617	403	200	2737	1
1775757381301	356	200	2738	1
1775757381755	510	200	2742	4
1775757381770	617	200	2742	3
1775757382158	575	200	2744	4
1775757382226	720	200	2744	3
1775757382400	709	200	2744	2
1775757382718	554	200	2747	4
1775757383177	913	200	2747	3
1775757383179	1037	200	2747	2
1775757383230	1000	200	2747	1
1775757384622	385	200	2748	1
1775757385034	408	200	2749	1
1775757386056	380	200	2750	1
1775757388665	405	200	2752	2
1775757388865	439	200	2752	1
1775757389411	387	200	2753	1
1775757389932	461	200	2756	3
1775757390109	685	200	2759	5
1775757390290	906	200	2759	4
1775757390447	1019	200	2760	4
1775757390586	1170	200	2763	6
1775757390703	1201	200	2763	5
1775757391296	908	200	2763	4
1775757391545	810	200	2763	3
1775757391667	1033	200	2763	2
1775757391756	1010	200	2763	1
1775757392872	501	200	2764	1
1775757393786	419	200	2766	2
1775757394138	464	200	2766	1
1775757394752	417	200	2767	1
1775757396422	407	200	2770	3
1775757396673	649	200	2770	2
1775757396679	652	200	2770	1
1775757397851	363	200	2772	2
1775757398119	424	200	2772	1
1775757399036	423	200	2774	2
1775757399405	607	200	2776	3
1775757399511	812	200	2777	3
1775757399599	847	200	2778	3
1775757400098	544	200	2779	3
1775757400372	493	200	2779	2
1775757400625	510	200	2779	1
1775757401369	482	200	2782	3
1775757401422	599	200	2782	2
1775757401801	480	200	2783	2
1775757402064	458	200	2784	2
1775757402386	519	200	2788	5
1775757402610	902	200	2789	5
1775757402686	1171	200	2789	4
1775757402829	1310	200	2789	3
1775757402886	1282	200	2789	2
1775757403499	741	200	2789	1
1775757404849	423	200	2791	2
1775757404966	495	200	2791	1
1775757405607	423	200	2792	1
1775757406162	391	200	2793	1
1775757406586	386	200	2794	1
1775757407918	360	200	2796	2
1775757408065	442	200	2798	3
1775757408400	579	200	2799	3
1775757408486	671	200	2799	2
1775757408785	555	200	2800	2
1775757409276	467	200	2801	2
1775757409737	479	200	2803	3
1775757409928	554	200	2803	2
1775757410102	553	200	2804	2
1775757410609	520	200	2805	2
1775757411008	441	200	2805	1
1775757413911	368	200	2806	1
1775757415667	433	200	2809	3
1775757415703	604	200	2810	3
1775757415926	570	200	2811	3
1775757416189	490	200	2811	2
1775757416494	451	200	2811	1
1775757417375	434	200	2813	2
1775757417497	501	200	2813	1
1775757418343	474	200	2814	1
1775757418958	394	200	2815	1
1775757419715	657	200	2818	3
1775757419736	702	200	2818	2
1775757420184	511	200	2819	2
1775757420447	499	200	2819	1
1775757422948	366	200	2820	1
1775757424223	415	200	2821	1
1775757425188	396	200	2822	1
1775757425646	431	200	2824	2
1775757426061	461	200	2824	1
1775757426806	406	200	2827	3
1775757426920	673	200	2828	3
1775757426980	831	200	2829	3
1775757427305	620	200	2829	2
1775757427696	479	200	2831	3
1775757428030	654	200	2835	6
1775757428159	731	200	2835	5
1775757428360	1259	200	2835	4
1775757428401	1234	200	2835	3
1775757428643	1240	200	2835	2
1775757428647	1274	200	2835	1
1775757430672	379	200	2836	1
1775757431179	382	200	2839	3
1775757431427	657	200	2840	3
1775757431512	682	200	2840	2
1775757431981	474	200	2840	1
1775757433658	363	200	2841	1
1775757434397	372	200	2843	2
1775757434688	435	200	2843	1
1775757435185	474	200	2846	3
1775757435270	618	200	2848	4
1775757435593	760	200	2848	3
1775757435665	997	200	2849	3
1775757435738	950	200	2849	2
1775757436395	515	200	2849	1
1775757437939	359	200	2850	1
1775757439158	612	200	2855	5
1775757439176	710	200	2856	5
1775757439480	545	200	2856	4
1775757439563	689	200	2856	3
1775757439609	909	200	2857	3
1775757439779	900	200	2857	2
1775757440301	572	200	2857	1
1775757441008	624	200	2859	2
1775757441037	709	200	2859	1
1775757442307	361	200	2860	1
1775757443208	482	200	2863	3
1775757443272	618	200	2863	2
1775757443523	505	200	2863	1
1775757444157	396	200	2865	2
1775757444538	442	200	2865	1
1775757445138	395	200	2866	1
1775757445953	379	200	2867	1
1775757447038	365	200	2869	2
1775757447267	437	200	2870	2
1775757447687	445	200	2871	2
1775757447997	479	200	2873	3
1775757448220	501	200	2873	2
1775757448376	530	200	2874	2
1775757448780	469	200	2874	1
1775757449375	427	200	2875	1
1775757450237	390	200	2876	1
1775757451174	416	200	2878	2
1775757451409	507	200	2878	1
1775757453107	432	200	2880	2
1775757453520	446	200	2881	2
1775757453799	468	200	2881	1
1775757454858	392	200	2883	2
1775757455020	495	200	2884	2
1775757455382	477	200	2884	1
1775757456652	371	200	2885	1
1775757457118	860	200	2890	5
1775757457162	1208	200	2890	4
1775757457126	1328	200	2890	3
1775757457214	1288	200	2890	2
1775757457811	831	200	2890	1
1775757459156	458	200	2892	2
1775757459222	554	200	2893	2
1775757459664	471	200	2893	1
1775757460148	455	200	2896	3
1775757460249	579	200	2896	2
1775757460444	562	200	2896	1
1775757461375	395	200	2897	1
1775757462048	503	200	2899	2
1775757462062	642	200	2899	1
1775757462709	462	200	2900	1
1775757463439	407	200	2902	2
1775757463617	449	200	2903	2
1775757464043	529	200	2905	3
1775757464124	627	200	2905	2
1775757464508	480	200	2905	1
1775757465127	415	200	2906	1
1775757465685	431	200	2907	1
1775757466375	615	200	2910	3
1775757466400	631	200	2910	2
1775757466971	482	200	2912	3
1775757467278	707	200	2913	3
1775757467337	730	200	2913	2
1775757467806	471	200	2913	1
1775757470278	363	200	2917	4
1775757470475	571	200	2917	3
1775757470573	693	200	2917	2
1775757470609	717	200	2918	2
1775757471277	401	200	2918	1
1775757474712	364	200	2919	1
1775757475229	376	200	2920	1
1775757476894	363	200	2921	1
1775757477330	362	200	2922	1
1775757478368	367	200	2924	2
1775757478658	403	200	2925	2
1775757478801	424	200	2925	1
1775757480096	376	200	2927	2
1775757480369	392	200	2928	2
1775757480635	414	200	2929	2
1775757480862	417	200	2930	2
1775757481065	455	200	2930	1
1775757481750	395	200	2931	1
1775757483245	394	200	2933	2
1775757483452	414	200	2933	1
1775757484091	434	200	2936	3
1775757484193	542	200	2937	3
1775757484447	503	200	2938	3
1775757484670	524	200	2939	3
1775757484950	566	200	2939	2
1775757485145	574	200	2939	1
1775757485809	435	200	2940	1
1775757486424	407	200	2941	1
1775757486947	404	200	2943	2
1775757487202	472	200	2943	1
1775757489068	360	200	2944	1
1775757489436	443	200	2945	1
1775757489978	380	200	2946	1
1775757492310	367	200	2947	1
1775757493217	369	200	2948	1
1775757494879	366	200	2950	2
1775757495190	422	200	2950	1
1775757496356	387	200	2952	2
1775757496590	424	200	2952	1
1775757497285	358	200	2953	1
1775757497919	363	200	2955	2
1775757498133	400	200	2957	3
1775757498399	687	200	2958	3
1775757498401	707	200	2958	2
1775757498959	541	200	2959	2
1775757499131	573	200	2959	1
1775757500110	402	200	2961	2
1775757500312	466	200	2962	2
1775757500770	451	200	2963	2
1775757501119	541	200	2966	4
1775757501237	627	200	2968	5
1775757501464	753	200	2968	4
1775757501556	894	200	2969	4
1775757501791	1190	200	2971	5
1775757501745	1253	200	2971	4
1775757502242	1030	200	2972	4
1775757502520	827	200	2972	3
1775757502972	623	200	2972	2
1775757503186	535	200	2972	1
1775757503757	473	200	2975	3
1775757503963	537	200	2976	3
1775757504143	557	200	2976	2
1775757504460	464	200	2976	1
1775757505792	372	200	2978	2
1775757506050	440	200	2979	2
1775757506405	462	200	2979	1
1775757507306	404	200	2981	2
1775757507439	473	200	2982	2
1775757507815	465	200	2983	2
1775757508122	470	200	2984	2
1775757508339	470	200	2984	1
1775757509387	398	200	2985	1
1775757510473	377	200	2987	2
1775757510703	442	200	2987	1
1775757511348	461	200	2990	3
1775757511459	603	200	2994	6
1775757511551	713	200	2995	6
1775757511839	983	200	2996	6
1775757511942	1170	200	2997	6
1775757511944	1486	200	2999	7
1775757512050	1542	200	2999	6
1775757512230	1500	200	2999	5
1775757512312	1660	200	2999	4
1775757513107	1065	200	3000	4
1775757513276	1097	200	3000	3
1775757513347	1351	200	3000	2
1775757513986	861	200	3000	1
1775757514990	1244	200	3007	7
1775757515043	1598	200	3007	6
1775757515034	1614	200	3007	5
1775757515046	1605	200	3007	4
1775757515366	1532	200	3007	3
1775757515648	1752	200	3010	5
1775757515681	1876	200	3010	4
1775757516922	982	200	3014	7
1775757517005	1001	200	3014	6
1775757517306	956	200	3015	6
1775757517612	807	200	3015	5
1775757517629	1127	200	3015	4
1775757517795	1121	200	3016	4
1775757517783	1486	200	3017	4
1775757518202	1190	200	3017	3
1775757518770	822	200	3017	2
1775757519197	540	200	3017	1
1775757519970	399	200	3018	1
1775757522056	363	200	3020	2
1775757522180	408	200	3020	1
1775757523090	372	200	3021	1
1775757524339	363	200	3022	1
1775757524923	372	200	3023	1
1775757525833	367	200	3024	1
1775757527187	360	200	3025	1
1775757527657	372	200	3026	1
1775757528774	372	200	3027	1
1775757529801	366	200	3028	1
1775757530228	398	200	3030	2
1775757530442	460	200	3032	3
1775757530807	938	200	3035	5
1775757530800	1019	200	3035	4
1775757531184	872	200	3035	3
1775757531334	835	200	3035	2
1775757531477	836	200	3035	1
1775757532548	471	200	3037	2
1775757532993	467	200	3037	1
1775757533655	387	200	3038	1
1775757534626	404	200	3041	3
1775757534746	473	200	3042	3
1775757534968	554	200	3042	2
1775757535087	632	200	3042	1
1775757536337	387	200	3043	1
1775757536758	688	200	3050	7
1775757536776	1167	200	3051	7
1775757536835	1303	200	3051	6
1775757536877	1271	200	3051	5
1775757536896	1400	200	3051	4
1775757537320	1108	200	3051	3
1775757537739	1136	200	3051	2
1775757537382	1500	200	3051	1
1775757539321	422	200	3052	1
1775757539759	441	200	3053	1
1775757540206	511	200	3057	4
1775757540430	609	200	3057	3
1775757540460	872	200	3057	2
1775757540583	834	200	3057	1
1775757541699	379	200	3058	1
1775757542149	408	200	3059	1
1775757542636	456	200	3060	1
1775757543112	521	200	3063	3
1775757543340	571	200	3068	7
1775757543560	771	200	3069	7
1775757543710	1632	200	3070	7
1775757543787	1801	200	3070	6
1775757543826	1832	200	3070	5
1775757543882	1942	200	3071	5
1775757543890	2142	200	3072	5
1775757544138	2617	200	3073	5
1775757544775	2378	200	3073	4
1775757545661	1592	200	3073	3
1775757545860	1501	200	3075	4
1775757546400	1059	200	3075	3
1775757547278	750	200	3075	2
1775757547279	783	200	3076	2
1775757548049	469	200	3077	2
1775757548273	469	200	3077	1
1775757548750	478	200	3079	2
1775757548982	512	200	3079	1
1775757549791	384	200	3080	1
1775757550291	396	200	3081	1
1775757550765	400	200	3083	2
1775757551112	460	200	3083	1
1775757552497	413	200	3088	5
1775757552702	1178	200	3089	5
1775757552679	1366	200	3089	4
1775757552737	1375	200	3089	3
1775757552759	1420	200	3089	2
1775757553449	926	200	3089	1
1775757554861	398	200	3092	3
1775757555078	752	200	3092	2
1775757555086	756	200	3092	1
1775757556386	438	200	3095	3
1775757556477	741	200	3095	2
1775757556584	705	200	3096	2
1775757557271	446	200	3096	1
1775757557841	500	200	3098	2
1775757557929	553	200	3098	1
1775757558810	376	200	3099	1
1775757559500	387	200	3101	2
1775757559762	440	200	3101	1
1775757561803	407	200	3102	1
1775757562219	465	200	3103	1
1775757563737	363	200	3104	1
1775757565526	429	200	3107	3
1775757565543	552	200	3108	3
1775757565881	440	200	3108	2
1775757566014	478	200	3109	2
1775757566404	463	200	3109	1
1775757568062	364	200	3110	1
1775757568476	370	200	3111	1
1775757568852	415	200	3112	1
1775757569648	439	200	3115	3
1775757569797	907	200	3117	4
1775757569707	1010	200	3117	3
1775757570160	849	200	3117	2
1775757570310	751	200	3117	1
1775757571623	401	200	3119	2
1775757571718	497	200	3119	1
1775757572226	424	200	3120	1
1775757572767	461	200	3122	2
1775757572846	556	200	3122	1
1775757573467	414	200	3123	1
1775757575710	474	200	3128	5
1775757575774	839	200	3130	6
1775757575866	958	200	3130	5
1775757576069	1264	200	3130	4
1775757576010	1333	200	3130	3
1775757576237	1496	200	3130	2
1775757576530	1238	200	3130	1
1775757578876	390	200	3132	2
1775757579113	440	200	3132	1
1775757579777	404	200	3134	2
1775757580079	468	200	3135	2
1775757580488	450	200	3136	2
1775757580843	445	200	3136	1
1775757581476	393	200	3138	2
1775757581843	484	200	3140	3
1775757582057	469	200	3140	2
1775757582267	499	200	3140	1
1775757582973	489	200	3143	3
1775757583139	597	200	3143	2
1775757583271	622	200	3143	1
1775757585010	365	200	3145	2
1775757585365	485	200	3146	2
1775757585463	565	200	3146	1
1775757586368	385	200	3149	3
1775757586668	587	200	3149	2
1775757586716	627	200	3149	1
1775757587367	715	200	3152	3
1775757587427	770	200	3152	2
1775757587687	675	200	3152	1
1775757588589	463	200	3156	4
1775757588848	826	200	3158	5
1775757588827	1081	200	3158	4
1775757588977	1203	200	3158	3
1775757589247	979	200	3158	2
1775757589433	914	200	3159	2
1775757590243	459	200	3159	1
1775757590768	397	200	3160	1
1775757591464	391	200	3161	1
1775757592209	442	200	3164	3
1775757592426	815	200	3165	3
1775757592541	801	200	3166	3
1775757593070	516	200	3167	3
1775757593344	584	200	3168	3
1775757593476	745	200	3168	2
1775757593614	727	200	3168	1
1775757594492	431	200	3170	2
1775757594623	508	200	3172	3
1775757595049	825	200	3173	3
1775757595072	811	200	3173	2
1775757595545	530	200	3173	1
1775757596726	398	200	3175	2
1775757596844	455	200	3175	1
1775757597491	382	200	3176	1
1775757598305	367	200	3177	1
1775757598725	388	200	3178	1
1775757599362	402	200	3180	2
1775757599477	465	200	3180	1
1775757601175	360	200	3181	1
1775757602388	369	200	3182	1
1775757602908	410	200	3183	1
1775757603362	577	200	3185	2
1775757603376	645	200	3185	1
1775757604178	998	200	3190	5
1775757604178	1060	200	3190	4
1775757604276	1112	200	3190	3
1775757604630	906	200	3190	2
1775757604992	720	200	3190	1
1775757605804	406	200	3192	2
1775757606147	459	200	3192	1
1775757606624	468	200	3194	2
1775757606823	483	200	3195	2
1775757607210	587	200	3197	3
1775757607386	618	200	3198	3
1775757607613	598	200	3198	2
1775757607948	492	200	3199	2
1775757608421	471	200	3199	1
1775757609123	632	200	3203	4
1775757609150	843	200	3203	3
1775757609277	933	200	3203	2
1775757609450	853	200	3203	1
1775757610369	436	200	3205	2
1775757610753	473	200	3205	1
1775757611417	533	200	3208	3
1775757611444	655	200	3209	3
1775757611809	509	200	3209	2
1775757612029	489	200	3211	3
1775757612505	1331	200	3218	9
1775757612451	1405	200	3218	8
1775757612588	1423	200	3218	7
1775757612564	1448	200	3218	6
1775757612772	2096	200	3222	9
1775757612911	2262	200	3223	9
1775757613396	1999	200	3223	8
1775757612953	2450	200	3223	7
1775757613748	1927	200	3223	6
1775757614253	1583	200	3223	5
1775757614631	1553	200	3224	5
1775757614665	1675	200	3224	4
1775757614704	2063	200	3224	3
1775757614956	1837	200	3224	2
1775757616107	813	200	3224	1
1775757617196	445	200	3227	3
1775757617347	495	200	3227	2
1775757617576	473	200	3227	1
1775757618100	417	200	3229	2
1775757618498	415	200	3229	1
1775757619216	821	200	3232	3
1775757619228	889	200	3232	2
1775757619433	775	200	3233	2
1775757620138	497	200	3234	2
1775757620435	455	200	3234	1
1775757621396	383	200	3236	2
1775757621653	442	200	3236	1
1775757622202	406	200	3239	3
1775757622301	504	200	3239	2
1775757622509	498	200	3239	1
1775757623300	392	200	3241	2
1775757623627	477	200	3242	2
1775757624075	427	200	3242	1
1775757625301	378	200	3244	2
1775757625585	446	200	3246	3
1775757625893	594	200	3248	4
1775757625966	695	200	3248	3
1775757626159	873	200	3249	3
1775757626238	872	200	3249	2
1775757626804	498	200	3249	1
1775757627979	401	200	3251	2
1775757628069	473	200	3252	2
1775757628484	463	200	3253	2
1775757628647	489	200	3253	1
1775757629315	435	200	3255	2
1775757629603	486	200	3255	1
1775757630598	371	200	3256	1
1775757631752	356	200	3257	1
1775757632930	414	200	3262	5
1775757633095	868	200	3263	5
1775757633135	1278	200	3266	7
1775757633178	1292	200	3266	6
1775757633266	1278	200	3267	6
1775757633747	928	200	3267	5
1775757633997	1156	200	3269	6
1775757634194	1223	200	3269	5
1775757634208	1517	200	3269	4
1775757634472	1442	200	3269	3
1775757634924	1184	200	3269	2
1775757635121	1066	200	3269	1
1775757636822	372	200	3270	1
1775757638236	416	200	3272	2
1775757638332	493	200	3272	1
1775757639536	463	200	3273	1
1775757640101	494	200	3275	2
1775757640253	570	200	3276	2
1775757640653	497	200	3276	1
1775757641490	389	200	3277	1
1775757641956	572	200	3282	5
1775757641960	771	200	3282	4
1775757642109	823	200	3282	3
1775757642403	811	200	3283	3
1775757642478	878	200	3283	2
1775757643065	491	200	3283	1
1775757644156	406	200	3285	2
1775757644342	450	200	3285	1
1775757644867	737	200	3290	5
1775757644953	1350	200	3294	8
1775757644934	1401	200	3294	7
1775757644973	1436	200	3294	6
1775757645426	1057	200	3295	6
1775757645682	1410	200	3297	7
1775757645891	1635	200	3298	7
1775757645951	2001	200	3299	7
1775757646068	1891	200	3299	6
1775757646446	1664	200	3299	5
1775757646864	1357	200	3299	4
1775757647062	1877	200	3300	4
1775757647214	1751	200	3300	3
1775757647546	1490	200	3300	2
1775757648734	502	200	3300	1
1775757649585	396	200	3302	2
1775757649849	439	200	3302	1
1775757650416	398	200	3303	1
1775757651843	397	200	3305	2
1775757652022	399	200	3305	1
1775757653361	379	200	3307	2
1775757653579	442	200	3307	1
1775757654677	372	200	3309	2
1775757654837	444	200	3309	1
1775757655619	412	200	3310	1
1775757656788	524	200	3312	2
1775757656801	626	200	3312	1
1775757657849	471	200	3315	3
1775757657916	586	200	3315	2
1775757658101	585	200	3317	3
1775757658605	554	200	3317	2
1775757658631	689	200	3317	1
1775757660891	360	200	3318	1
1775757661984	448	200	3320	2
1775757662013	541	200	3320	1
1775757663251	364	200	3321	1
1775757663699	355	200	3322	1
1775757665956	368	200	3323	1
1775757666565	382	200	3325	2
1775757666641	467	200	3326	2
1775757667106	583	200	3327	2
1775757667177	636	200	3327	1
1775757668146	510	200	3330	3
1775757668215	652	200	3330	2
1775757668379	649	200	3330	1
1775757669116	424	200	3331	1
1775757669638	411	200	3332	1
1775757670722	366	200	3334	2
1775757671057	426	200	3334	1
1775757671646	486	200	3336	2
1775757671729	553	200	3337	2
1775757672187	487	200	3339	3
1775757672416	528	200	3339	2
1775757672583	558	200	3339	1
1775757673638	498	200	3341	2
1775757673673	623	200	3341	1
1775757674782	400	200	3343	2
1775757674919	469	200	3344	2
1775757675186	504	200	3344	1
1775757675880	397	200	3345	1
1775757676395	400	200	3346	1
1775757678265	363	200	3349	3
1775757678391	459	200	3349	2
1775757678608	443	200	3350	2
1775757678872	424	200	3350	1
1775757679867	373	200	3351	1
1775757680850	365	200	3352	1
1775757681258	460	200	3355	3
1775757681408	692	200	3356	3
1775757681392	753	200	3356	2
1775757681782	546	200	3357	2
1775757682222	494	200	3357	1
1775757682821	409	200	3358	1
1775757683259	431	200	3360	2
1775757683428	474	200	3361	2
1775757683739	479	200	3362	2
1775757684171	598	200	3363	2
1775757684269	616	200	3363	1
1775757685842	363	200	3364	1
1775757686793	374	200	3366	2
1775757687061	456	200	3366	1
1775757687773	399	200	3367	1
1775757688209	394	200	3369	2
1775757688564	436	200	3370	2
1775757688966	438	200	3371	2
1775757689383	484	200	3371	1
1775757691263	370	200	3372	1
1775757691783	371	200	3374	2
1775757691964	394	200	3375	2
1775757692262	445	200	3377	3
1775757692576	704	200	3377	2
1775757692638	686	200	3377	1
1775757693668	401	200	3378	1
1775757695324	384	200	3379	1
1775757695816	397	200	3380	1
1775757697021	387	200	3382	2
1775757697152	446	200	3383	2
1775757697513	440	200	3383	1
1775757698619	384	200	3384	1
1775757699600	371	200	3385	1
1775757699974	439	200	3387	2
1775757700399	468	200	3388	2
1775757700528	546	200	3389	2
1775757700913	526	200	3391	3
1775757701130	567	200	3391	2
1775757701348	589	200	3391	1
1775757702868	444	200	3392	1
1775757703759	391	200	3394	2
1775757703878	490	200	3394	1
1775757705216	391	200	3396	2
1775757705483	456	200	3396	1
1775757705954	407	200	3398	2
1775757706178	609	200	3402	5
1775757706437	748	200	3403	5
1775757706611	1209	200	3406	7
1775757706698	1425	200	3408	8
1775757706565	1584	200	3408	7
1775757707184	1003	200	3408	6
1775757707473	943	200	3408	5
1775757707798	1570	200	3410	6
1775757707734	1704	200	3410	5
1775757707951	1527	200	3410	4
1775757707961	1569	200	3410	3
1775757708423	1625	200	3413	5
1775757709001	1168	200	3413	4
1775757709678	660	200	3413	3
1775757710010	699	200	3414	3
1775757710047	828	200	3415	3
1775757710494	544	200	3415	2
1775757710773	486	200	3415	1
1775757711502	405	200	3416	1
1775757711949	386	200	3417	1
1775757713609	391	200	3418	1
1775757714027	476	200	3420	2
1775757714078	581	200	3420	1
1775757714691	420	200	3421	1
1775757715141	667	200	3425	4
1775757715150	754	200	3426	4
1775757715507	823	200	3427	4
1775757715487	870	200	3427	3
1775757715844	674	200	3428	3
1775757716290	618	200	3430	4
1775757716396	749	200	3430	3
1775757716634	709	200	3430	2
1775757716893	589	200	3431	2
1775757717430	444	200	3432	2
1775757717807	458	200	3432	1
1775757718678	366	200	3433	1
1775757719289	398	200	3436	3
1775757719540	498	200	3436	2
1775757719687	540	200	3437	2
1775757720217	692	200	3438	2
1775757720272	712	200	3439	2
1775757720952	499	200	3439	1
1775757722267	358	200	3440	1
1775757723210	367	200	3441	1
1775757724752	364	200	3442	1
1775757725729	403	200	3443	1
1775757726166	728	200	3448	5
1775757726197	1226	200	3450	6
1775757726262	1358	200	3450	5
1775757726418	1445	200	3451	5
1775757726507	1496	200	3451	4
1775757727013	1190	200	3453	5
1775757727173	1235	200	3453	4
1775757727683	928	200	3455	5
1775757728086	831	200	3456	5
1775757728156	960	200	3457	5
1775757728479	938	200	3457	4
1775757728513	1027	200	3457	3
1775757728691	1173	200	3457	2
1775757729015	913	200	3458	2
1775757729872	457	200	3458	1
1775757730520	383	200	3459	1
1775757731465	369	200	3460	1
1775757731913	409	200	3462	2
1775757732048	456	200	3462	1
1775757732972	383	200	3463	1
1775757733828	722	200	3465	2
1775757733837	729	200	3465	1
1775757735308	401	200	3467	2
1775757735530	478	200	3469	3
1775757735815	570	200	3469	2
1775757735931	624	200	3469	1
1775757738186	369	200	3471	2
1775757738468	391	200	3471	1
1775757739394	391	200	3473	2
1775757739574	415	200	3473	1
1775757741810	353	200	3475	2
1775757742144	380	200	3475	1
1775757742628	384	200	3476	1
1775757743228	391	200	3479	3
1775757743467	497	200	3479	2
1775757743559	568	200	3479	1
1775757744797	385	200	3480	1
1775757746048	355	200	3481	1
1775757746911	406	200	3483	2
1775757747051	452	200	3484	2
1775757747487	479	200	3485	2
1775757747667	495	200	3485	1
1775757748805	478	200	3487	2
1775757748824	586	200	3488	2
1775757749334	480	200	3489	2
1775757749507	510	200	3489	1
1775757750921	380	200	3490	1
1775757751628	376	200	3493	3
1775757751771	500	200	3493	2
1775757751856	598	200	3494	2
1775757752370	704	200	3496	3
1775757752462	676	200	3496	2
1775757752837	497	200	3496	1
1775757753399	415	200	3497	1
1775757753902	470	200	3499	2
1775757754004	552	200	3499	1
1775757755200	370	200	3500	1
1775757755796	419	200	3502	2
1775757755990	483	200	3502	1
1775757757002	393	200	3504	2
1775757757297	468	200	3504	1
1775757757877	405	200	3505	1
1775757758495	385	200	3506	1
1775757758936	391	200	3507	1
1775757759905	371	200	3508	1
1775757761180	355	200	3509	1
1775757761774	366	200	3510	1
1775757762719	369	200	3511	1
1775757763353	475	200	3513	2
1775757763499	538	200	3513	1
1775757764157	485	200	3516	3
1775757764349	579	200	3519	5
1775757764597	841	200	3522	7
1775757764677	969	200	3522	6
1775757764850	1150	200	3524	7
1775757764910	1258	200	3524	6
1775757765051	1395	200	3525	6
1775757765086	1484	200	3525	5
1775757765308	1667	200	3525	4
1775757765756	1339	200	3525	3
1775757765761	1619	200	3526	3
1775757766286	1159	200	3526	2
1775757767329	499	200	3527	2
1775757767637	446	200	3527	1
1775757770014	923	200	3534	7
1775757770062	1105	200	3535	7
1775757770032	1252	200	3535	6
1775757770206	1147	200	3535	5
1775757770699	824	200	3535	4
1775757770781	910	200	3535	3
1775757770909	1072	200	3535	2
1775757770978	1103	200	3535	1
1775757772709	422	200	3536	1
1775757773168	435	200	3539	3
1775757773272	545	200	3539	2
1775757773442	554	200	3539	1
1775757774675	365	200	3540	1
1775757776051	371	200	3543	3
1775757776316	544	200	3544	3
1775757776391	673	200	3544	2
1775757776596	616	200	3544	1
1775757777278	508	200	3548	4
1775757777358	619	200	3548	3
1775757777547	690	200	3549	3
1775757777742	642	200	3549	2
1775757778079	503	200	3549	1
1775757779108	378	200	3550	1
1775757779965	396	200	3553	3
1775757780087	493	200	3554	3
1775757780335	589	200	3555	3
1775757780525	563	200	3555	2
1775757780908	548	200	3557	3
1775757781114	558	200	3557	2
1775757781324	538	200	3557	1
1775757782309	379	200	3558	1
1775757782712	465	200	3561	3
1775757782849	523	200	3561	2
1775757783167	462	200	3562	2
1775757783567	436	200	3562	1
1775757784473	374	200	3564	2
1775757784730	423	200	3564	1
1775757785399	413	200	3566	2
1775757785800	480	200	3567	2
1775757786163	454	200	3569	3
1775757786364	690	200	3569	2
1775757786368	764	200	3569	1
1775757787808	394	200	3571	2
1775757788107	437	200	3571	1
1775757788847	391	200	3573	2
1775757789043	487	200	3573	1
1775757790505	367	200	3574	1
1775757791018	407	200	3575	1
1775757792016	383	200	3578	3
1775757792248	527	200	3578	2
1775757792353	583	200	3578	1
1775757793992	366	200	3579	1
1775757794896	367	200	3580	1
1775757796994	360	200	3581	1
1775757798026	400	200	3584	3
1775757798258	417	200	3584	2
1775757798407	426	200	3584	1
1775757799906	385	200	3587	3
1775757800005	606	200	3587	2
1775757800108	613	200	3588	2
1775757800715	446	200	3589	2
1775757801011	451	200	3589	1
1775757802590	380	200	3590	1
1775757803224	381	200	3591	1
1775757806272	428	200	3594	3
1775757806305	531	200	3594	2
1775757806698	390	200	3594	1
1775757807686	377	200	3596	2
1775757807840	406	200	3596	1
1775757809556	365	200	3598	2
1775757809731	401	200	3599	2
1775757810039	386	200	3599	1
1775757811553	363	200	3600	1
1775757812572	379	200	3602	2
1775757812943	419	200	3602	1
1775757813454	401	200	3605	3
1775757813630	526	200	3606	3
1775757813765	593	200	3606	2
1775757813998	538	200	3606	1
1775757814993	395	200	3608	2
1775757815369	414	200	3608	1
1775757816095	387	200	3610	2
1775757816274	451	200	3612	3
1775757816644	717	200	3612	2
1775757816727	708	200	3612	1
1775757817439	468	200	3614	2
1775757817712	475	200	3614	1
1775757818380	394	200	3615	1
1775757819696	402	200	3617	2
1775757819905	451	200	3618	2
1775757820240	455	200	3618	1
1775757821527	376	200	3619	1
1775757822524	409	200	3621	2
1775757822586	513	200	3621	1
1775757823327	394	200	3623	2
1775757823549	474	200	3623	1
1775757824397	369	200	3625	2
1775757824730	435	200	3625	1
1775757825313	500	200	3628	3
1775757825394	614	200	3628	2
1775757825811	532	200	3629	2
1775757826219	565	200	3630	2
1775757826664	550	200	3630	1
1775757827307	512	200	3632	2
1775757827462	583	200	3632	1
1775757828213	424	200	3633	1
1775757829841	389	200	3634	1
1775757831215	500	200	3637	3
1775757831276	702	200	3637	2
1775757831321	727	200	3637	1
1775757832618	394	200	3638	1
1775757833072	578	200	3642	4
1775757833135	786	200	3642	3
1775757833231	955	200	3642	2
1775757833423	847	200	3643	2
1775757834210	455	200	3644	2
1775757834409	509	200	3644	1
1775757835899	362	200	3646	2
1775757836256	411	200	3646	1
1775757836982	378	200	3647	1
1775757837644	384	200	3649	2
1775757838019	444	200	3649	1
1775757838529	392	200	3650	1
1775757839050	602	200	3656	6
1775757839145	863	200	3656	5
1775757839110	1260	200	3656	4
1775757839254	1315	200	3656	3
1775757839305	1384	200	3656	2
1775757839488	1250	200	3656	1
1775757841047	383	200	3657	1
1775757842195	368	200	3658	1
1775757843833	359	200	3659	1
1775757844414	367	200	3661	2
1775757844773	399	200	3662	2
1775757845132	597	200	3667	6
1775757845209	795	200	3667	5
1775757845306	854	200	3667	4
1775757845662	752	200	3667	3
1775757845703	903	200	3667	2
1775757845720	997	200	3667	1
1775757847382	377	200	3669	2
1775757847721	455	200	3669	1
1775757848233	418	200	3671	2
1775757848501	439	200	3671	1
1775757851835	360	200	3672	1
1775757852627	361	200	3673	1
1775757853475	370	200	3675	2
1775757853841	400	200	3676	2
1775757854235	397	200	3677	2
1775757854467	413	200	3677	1
1775757855063	368	200	3678	1
1775757856380	408	200	3679	1
1775757857152	362	200	3680	1
1775757857608	378	200	3681	1
1775757858086	522	200	3687	6
1775757858170	745	200	3688	6
1775757858310	1142	200	3688	5
1775757858374	1391	200	3689	5
1775757858475	1418	200	3690	5
1775757858570	1420	200	3690	4
1775757858730	1393	200	3690	3
1775757859585	834	200	3690	2
1775757859788	764	200	3690	1
1775757860997	385	200	3692	2
1775757861160	496	200	3694	3
1775757861538	720	200	3694	2
1775757861520	744	200	3694	1
1775757862547	389	200	3695	1
1775757863147	378	200	3697	2
1775757863458	452	200	3697	1
1775757865408	366	200	3698	1
1775757865987	367	200	3699	1
1775757866491	361	200	3701	2
1775757866778	408	200	3701	1
1775757867340	378	200	3702	1
1775757867845	396	200	3704	2
1775757868006	465	200	3705	2
1775757868324	474	200	3705	1
1775757868822	828	200	3710	5
1775757868825	826	200	3710	4
1775757869039	970	200	3710	3
1775757869168	915	200	3710	2
1775757869185	1039	200	3711	2
1775757870097	545	200	3711	1
1775757871971	373	200	3712	1
1775757872973	438	200	3714	2
1775757873192	480	200	3714	1
1775757874485	423	200	3715	1
1775757874994	411	200	3717	2
1775757875131	463	200	3717	1
1775757876409	495	200	3720	3
1775757876482	913	200	3720	2
1775757876545	897	200	3720	1
1775757877815	399	200	3723	3
1775757878039	489	200	3723	2
1775757878209	514	200	3723	1
1775757879080	520	200	3725	2
1775757879110	644	200	3725	1
1775757880117	387	200	3726	1
1775757880535	664	200	3729	3
1775757880572	747	200	3729	2
1775757880932	547	200	3729	1
1775757882079	392	200	3730	1
1775757882977	391	200	3731	1
1775757883842	603	200	3736	5
1775757883868	723	200	3736	4
1775757884139	566	200	3736	3
1775757884322	715	200	3737	3
1775757884346	874	200	3737	2
1775757884855	524	200	3737	1
1775757885555	417	200	3738	1
1775757886205	404	200	3739	1
1775757888421	442	200	3741	2
1775757888599	518	200	3741	1
1775757889264	648	200	3744	3
1775757889386	688	200	3745	3
1775757889789	588	200	3746	3
1775757889965	786	200	3748	4
1775757890199	731	200	3748	3
1775757890509	721	200	3749	3
1775757890687	696	200	3749	2
1775757891120	480	200	3749	1
1775757891873	396	200	3750	1
1775757892453	463	200	3753	3
1775757892611	771	200	3754	3
1775757892725	839	200	3755	3
1775757893086	612	200	3756	3
1775757893453	588	200	3757	3
1775757893681	585	200	3757	2
1775757893986	535	200	3757	1
1775757894562	416	200	3758	1
1775757895071	437	200	3759	1
1775757895933	407	200	3761	2
1775757896006	521	200	3762	2
1775757896382	460	200	3762	1
1775757898611	365	200	3763	1
1775757899066	363	200	3764	1
1775757899525	381	200	3767	3
1775757899749	466	200	3768	3
1775757899903	515	200	3768	2
1775757900172	479	200	3769	2
1775757900462	486	200	3769	1
1775757901571	397	200	3770	1
1775757902283	381	200	3773	3
1775757902394	604	200	3773	2
1775757902488	688	200	3773	1
1775757903373	389	200	3774	1
1775757904434	433	200	3776	2
1775757904555	471	200	3776	1
1775757905123	433	200	3778	2
1775757905536	469	200	3779	2
1775757905971	593	200	3781	3
1775757906121	871	200	3781	2
1775757906061	945	200	3781	1
1775757907434	444	200	3784	3
1775757907737	644	200	3785	3
1775757907855	852	200	3785	2
1775757908085	758	200	3786	2
1775757908832	497	200	3786	1
1775757909414	582	200	3789	3
1775757909440	716	200	3791	4
1775757909852	530	200	3794	6
1775757910072	1274	200	3796	7
1775757910130	1283	200	3796	6
1775757910184	1413	200	3797	6
1775757910298	1314	200	3797	5
1775757910284	1817	200	3797	4
1775757911128	1225	200	3798	4
1775757911152	1450	200	3798	3
1775757911468	1263	200	3798	2
1775757912290	596	200	3798	1
1775757913313	384	200	3799	1
1775757915046	361	200	3800	1
1775757916254	366	200	3801	1
1775757916950	356	200	3802	1
1775757917507	386	200	3805	3
1775757917676	656	200	3805	2
1775757917689	663	200	3805	1
1775757918397	415	200	3806	1
1775757919179	385	200	3807	1
1775757919633	375	200	3809	2
1775757919988	539	200	3810	2
1775757920038	650	200	3810	1
1775757921281	676	200	3815	5
1775757921302	658	200	3815	4
1775757921634	571	200	3815	3
1775757921714	710	200	3816	3
1775757921752	885	200	3816	2
1775757922289	520	200	3816	1
1775757922934	424	200	3817	1
1775757924026	374	200	3819	2
1775757924225	430	200	3819	1
1775757924717	429	200	3822	3
1775757924939	485	200	3822	2
1775757925114	495	200	3822	1
1775757926255	363	200	3824	2
1775757926485	433	200	3825	2
1775757926830	474	200	3825	1
1775757928471	367	200	3826	1
1775757929197	366	200	3827	1
1775757929760	370	200	3828	1
1775757931183	379	200	3831	3
1775757931422	722	200	3831	2
1775757931502	673	200	3831	1
1775757932281	582	200	3834	3
1775757932310	755	200	3834	2
1775757932491	726	200	3834	1
1775757934518	385	200	3837	3
1775757934809	551	200	3838	3
1775757934889	687	200	3839	3
1775757935046	749	200	3839	2
1775757935470	525	200	3839	1
1775757936588	363	200	3840	1
1775757936995	418	200	3842	2
1775757937265	494	200	3844	3
1775757937700	837	200	3845	3
1775757937700	858	200	3845	2
1775757938095	596	200	3846	2
1775757938637	435	200	3846	1
1775757939582	412	200	3848	2
1775757939670	516	200	3848	1
1775757940682	391	200	3849	1
1775757942206	368	200	3850	1
1775757942797	368	200	3851	1
1775757943340	403	200	3853	2
1775757943420	495	200	3854	2
1775757943810	449	200	3854	1
1775757944700	404	200	3856	2
1775757944937	463	200	3856	1
1775757945633	412	200	3857	1
1775757946795	360	200	3859	2
1775757947088	451	200	3862	4
1775757947313	672	200	3862	3
1775757947382	914	200	3862	2
1775757947530	835	200	3862	1
1775757948707	393	200	3863	1
1775757949689	543	200	3866	3
1775757949740	691	200	3866	2
1775757949927	634	200	3866	1
1775757950989	463	200	3867	1
1775757952080	479	200	3869	2
1775757952297	554	200	3871	3
1775757952564	821	200	3871	2
1775757952670	825	200	3871	1
1775757953555	610	200	3873	2
1775757953588	676	200	3874	2
1775757954191	479	200	3875	2
1775757954408	461	200	3876	2
1775757954824	450	200	3876	1
1775757955639	388	200	3877	1
1775757960282	364	200	3879	2
1775757960440	412	200	3879	1
1775757960987	363	200	3880	1
1775757961882	492	200	3882	2
1775757961945	540	200	3882	1
1775757962831	364	200	3883	1
1775757964405	359	200	3884	1
1775757965003	375	200	3885	1
1775757965569	378	200	3886	1
1775757966335	441	200	3888	2
1775757966396	526	200	3888	1
1775757966968	370	200	3889	1
1775757967387	393	200	3891	2
1775757967450	488	200	3891	1
1775757968358	379	200	3893	2
1775757968604	456	200	3896	4
1775757968822	883	200	3897	4
1775757968855	861	200	3898	4
1775757968961	824	200	3898	3
1775757969560	536	200	3900	4
1775757969712	785	200	3900	3
1775757969826	872	200	3900	2
1775757969924	862	200	3900	1
1775757970916	444	200	3901	1
1775757971542	409	200	3902	1
1775757972141	420	200	3904	2
1775757972381	470	200	3905	2
1775757972581	484	200	3905	1
1775757973237	391	200	3906	1
1775757973839	425	200	3908	2
1775757974061	481	200	3908	1
1775757974661	401	200	3909	1
1775757975268	399	200	3910	1
1775757975705	402	200	3912	2
1775757975968	452	200	3912	1
1775757976941	373	200	3913	1
1775757977478	402	200	3914	1
1775757978029	760	200	3921	7
1775757978043	973	200	3922	7
1775757978245	1278	200	3923	7
1775757978251	1273	200	3923	6
1775757978247	1475	200	3923	5
1775757978674	1144	200	3924	5
1775757978692	1764	200	3925	5
1775757978854	1722	200	3925	4
1775757979083	1775	200	3926	4
1775757979811	1070	200	3926	3
1775757979911	1176	200	3928	4
1775757980855	705	200	3928	3
1775757980935	987	200	3929	3
1775757980998	943	200	3929	2
1775757981708	469	200	3929	1
1775757982800	408	200	3930	1
1775757983949	399	200	3933	3
1775757984110	467	200	3934	3
1775757984304	535	200	3934	2
1775757984450	573	200	3934	1
1775757985849	461	200	3936	2
1775757985929	522	200	3937	2
1775757986377	483	200	3937	1
1775757987076	411	200	3939	2
1775757987385	443	200	3939	1
1775757988786	370	200	3940	1
1775757989599	364	200	3941	1
1775757990528	379	200	3943	2
1775757990718	444	200	3943	1
1775757992026	363	200	3944	1
1775757992567	396	200	3947	3
1775757992701	595	200	3947	2
1775757992785	662	200	3947	1
1775757994215	360	200	3948	1
1775757994983	383	200	3950	2
1775757995283	429	200	3950	1
1775757996058	386	200	3952	2
1775757996399	434	200	3952	1
1775757996843	705	200	3954	2
1775757996905	694	200	3954	1
1775757997934	410	200	3957	3
1775757998216	656	200	3958	3
1775757998254	874	200	3960	4
1775757998437	805	200	3960	3
1775757998973	660	200	3961	3
1775757999033	735	200	3961	2
1775757999546	515	200	3961	1
1775758000109	404	200	3962	1
1775758002433	365	200	3963	1
1775758002831	363	200	3964	1
1775758003309	382	200	3967	3
1775758003396	739	200	3968	3
1775758003460	725	200	3968	2
1775758004009	441	200	3968	1
1775758005114	368	200	3970	2
1775758005360	477	200	3971	2
1775758005734	492	200	3972	2
1775758005985	527	200	3974	3
1775758006273	767	200	3975	3
1775758006264	796	200	3975	2
1775758006721	536	200	3976	2
1775758007102	489	200	3977	2
1775758007343	533	200	3978	2
1775758007781	537	200	3979	2
1775758007975	513	200	3979	1
1775758008752	417	200	3983	4
1775758009021	1071	200	3986	6
1775758009034	1181	200	3986	5
1775758009135	1300	200	3986	4
1775758009279	1160	200	3986	3
1775758009357	1358	200	3986	2
1775758010007	823	200	3986	1
1775758012340	416	200	3988	2
1775758012532	474	200	3988	1
1775758013391	457	200	3989	1
1775758014223	640	200	3991	2
1775758014283	722	200	3991	1
1775758015926	431	200	3993	2
1775758016067	475	200	3993	1
1775758016746	379	200	3994	1
1775758017327	372	200	3995	1
1775758018826	366	200	3996	1
1775758019351	417	200	3998	2
1775758019467	465	200	3998	1
1775758020151	401	200	4000	2
1775758020234	509	200	4002	3
1775758020685	711	200	4002	2
1775758020727	731	200	4002	1
1775758021557	437	200	4004	2
1775758021937	478	200	4004	1
1775758025619	363	200	4005	1
1775758026034	363	200	4006	1
1775758026478	389	200	4009	3
1775758026567	452	200	4009	2
1775758026863	414	200	4009	1
1775758027573	359	200	4010	1
1775758028073	384	200	4012	2
1775758028158	501	200	4012	1
1775758029282	412	200	4014	2
1775758029494	450	200	4015	2
1775758029925	456	200	4015	1
1775758030731	474	200	4020	5
1775758030842	750	200	4020	4
1775758030890	944	200	4020	3
1775758030955	1143	200	4023	5
1775758031002	1110	200	4023	4
1775758031926	778	200	4025	5
1775758031928	1007	200	4027	6
1775758032070	1165	200	4028	6
1775758032259	1117	200	4029	6
1775758032551	1114	200	4031	7
1775758032835	1011	200	4031	6
1775758032814	1360	200	4032	6
1775758032945	1307	200	4032	5
1775758033253	1336	200	4032	4
1775758033636	1115	200	4032	3
1775758033648	1407	200	4034	4
1775758034163	891	200	4034	3
1775758034811	521	200	4034	2
1775758035016	521	200	4034	1
1775758036447	595	200	4036	2
1775758036477	650	200	4036	1
1775758038076	363	200	4037	1
1775758038594	386	200	4038	1
1775758039208	404	200	4040	2
1775758039425	472	200	4040	1
1775758040460	372	200	4041	1
1775758041514	369	200	4043	2
1775758041685	434	200	4043	1
1775758042154	417	200	4045	2
1775758042325	446	200	4045	1
1775758045051	359	200	4047	2
1775758045340	430	200	4048	2
1775758045560	432	200	4049	2
1775758045822	401	200	4049	1
1775758046580	364	200	4050	1
1775758046968	457	200	4053	3
1775758047349	724	200	4053	2
1775758047340	734	200	4053	1
1775758048203	387	200	4054	1
1775758048837	428	200	4056	2
1775758048925	565	200	4057	2
1775758049314	498	200	4058	2
1775758049757	455	200	4058	1
1775758051032	373	200	4059	1
1775758051589	365	200	4060	1
1775758052682	367	200	4062	2
1775758052964	413	200	4062	1
1775758054458	383	200	4064	2
1775758054653	416	200	4064	1
1775758055689	364	200	4065	1
1775758056147	386	200	4066	1
1775758056852	373	200	4068	2
1775758056964	443	200	4070	3
1775758057337	713	200	4070	2
1775758057358	731	200	4070	1
1775758058342	378	200	4071	1
1775758059487	406	200	4073	2
1775758059636	449	200	4073	1
1775758060111	658	200	4075	2
1775758060146	677	200	4075	1
1775758061036	390	200	4076	1
1775758061619	426	200	4078	2
1775758061846	457	200	4078	1
1775758062609	397	200	4079	1
1775758063230	379	200	4080	1
1775758063913	588	200	4082	2
1775758063949	625	200	4083	2
1775758064526	443	200	4083	1
1775758065270	399	200	4085	2
1775758065669	456	200	4086	2
1775758066094	465	200	4086	1
1775758068466	357	200	4088	2
1775758068565	455	200	4089	2
1775758068987	551	200	4092	4
1775758069094	550	200	4092	3
1775758069309	606	200	4093	3
1775758069409	759	200	4093	2
1775758069733	604	200	4093	1
1775758071123	364	200	4094	1
1775758071570	465	200	4096	2
1775758071611	579	200	4096	1
1775758072198	568	200	4098	2
1775758072269	673	200	4098	1
1775758073383	503	200	4100	2
1775758073418	626	200	4101	2
1775758073927	449	200	4101	1
1775758074401	689	200	4103	2
1775758074385	716	200	4103	1
1775758076826	426	200	4104	1
1775758077261	567	200	4107	3
1775758077414	832	200	4109	4
1775758077474	871	200	4109	3
1775758078040	686	200	4109	2
1775758078086	730	200	4109	1
1775758078864	461	200	4111	2
1775758078960	548	200	4111	1
1775758079605	419	200	4113	2
1775758079905	470	200	4115	3
1775758080217	663	200	4115	2
1775758080265	714	200	4115	1
1775758081318	456	200	4117	2
1775758081379	538	200	4117	1
1775758082100	402	200	4119	2
1775758082279	456	200	4119	1
1775758083196	376	200	4120	1
1775758084009	428	200	4123	3
1775758084049	688	200	4123	2
1775758084107	741	200	4123	1
1775758084917	402	200	4124	1
1775758086600	472	200	4126	2
1775758086661	523	200	4126	1
1775758087231	395	200	4128	2
1775758087564	456	200	4128	1
1775758088181	616	200	4131	3
1775758088235	977	200	4131	2
1775758088250	970	200	4131	1
1775758089906	516	200	4133	2
1775758090015	635	200	4133	1
1775758091142	401	200	4135	2
1775758091532	475	200	4135	1
1775758092077	414	200	4137	2
1775758092234	450	200	4137	1
1775758093076	481	200	4138	1
1775758094148	669	200	4143	5
1775758094159	857	200	4143	4
1775758094383	1161	200	4144	4
1775758094281	1300	200	4144	3
1775758094726	953	200	4144	2
1775758095352	526	200	4144	1
1775758096500	370	200	4146	2
1775758096795	442	200	4146	1
1775758097751	498	200	4149	3
1775758097772	670	200	4149	2
1775758098030	582	200	4151	3
1775758098448	550	200	4152	3
1775758098549	703	200	4152	2
1775758098770	657	200	4152	1
1775758099983	375	200	4153	1
1775758100405	385	200	4154	1
1775758101054	459	200	4158	4
1775758101196	700	200	4161	6
1775758101279	1067	200	4165	9
1775758101294	1083	200	4165	8
1775758101656	1072	200	4165	7
1775758101768	998	200	4165	6
1775758101755	1441	200	4165	5
1775758101992	1287	200	4165	4
1775758102038	1664	200	4167	5
1775758102209	1599	200	4167	4
1775758102334	1765	200	4167	3
1775758103408	812	200	4167	2
1775758103451	870	200	4168	2
1775758104284	466	200	4168	1
1775758104843	400	200	4170	2
1775758105138	452	200	4170	1
1775758105944	368	200	4171	1
1775758106732	379	200	4173	2
1775758106953	443	200	4173	1
1775758107581	398	200	4174	1
1775758108141	379	200	4175	1
1775758109445	383	200	4176	1
1775758109881	387	200	4177	1
1775758110270	377	200	4178	1
1775758111057	354	200	4179	1
1775758111473	483	200	4182	3
1775758111519	657	200	4182	2
1775758111755	559	200	4182	1
1775758112525	402	200	4183	1
1775758112939	476	200	4185	2
1775758113100	514	200	4185	1
1775758115367	365	200	4186	1
1775758115744	438	200	4188	2
1775758115874	453	200	4188	1
1775758117537	380	200	4189	1
1775758119273	387	200	4190	1
1775758119700	365	200	4191	1
1775758120533	369	200	4193	2
1775758120740	396	200	4193	1
1775758121250	372	200	4194	1
1775758122528	400	200	4197	3
1775758122632	540	200	4197	2
1775758122771	543	200	4198	2
1775758123240	443	200	4198	1
1775758125336	389	200	4201	3
1775758125620	499	200	4201	2
1775758125703	551	200	4202	2
1775758126171	426	200	4203	2
1775758126562	443	200	4203	1
1775758127904	372	200	4205	2
1775758128272	421	200	4206	2
1775758128460	468	200	4206	1
1775758129851	646	200	4209	3
1775758129861	663	200	4210	3
1775758130440	764	200	4212	4
1775758130501	719	200	4212	3
1775758131155	729	200	4214	4
1775758131198	921	200	4214	3
1775758131295	925	200	4214	2
1775758131837	558	200	4215	2
1775758132223	555	200	4217	3
1775758132463	674	200	4218	3
1775758132567	758	200	4219	3
1775758132975	614	200	4221	4
1775758133320	1029	200	4222	4
1775758133398	1347	200	4222	3
1775758133393	1385	200	4222	2
1775758133635	1223	200	4222	1
1775758136535	422	200	4227	5
1775758136667	725	200	4228	5
1775758136675	748	200	4228	4
1775758136873	927	200	4228	3
1775758136935	882	200	4228	2
1775758137263	705	200	4228	1
1775758138705	461	200	4230	2
1775758139133	534	200	4231	2
1775758139598	535	200	4231	1
1775758140252	434	200	4234	3
1775758140555	669	200	4235	3
1775758140647	667	200	4235	2
1775758141166	443	200	4235	1
1775758142779	387	200	4236	1
1775758143585	373	200	4237	1
1775758144410	598	200	4242	5
1775758144431	709	200	4242	4
1775758144554	914	200	4243	4
1775758144695	1035	200	4244	4
1775758144956	974	200	4244	3
1775758145268	815	200	4246	4
1775758145481	729	200	4246	3
1775758145965	703	200	4246	2
1775758146048	716	200	4249	4
1775758146725	1120	200	4251	5
1775758146702	1367	200	4252	5
1775758146742	1407	200	4252	4
1775758146816	1370	200	4252	3
1775758147210	1191	200	4252	2
1775758148006	557	200	4252	1
1775758149902	366	200	4254	2
1775758150244	428	200	4254	1
1775758151278	371	200	4255	1
1775758151838	388	200	4256	1
1775758152466	381	200	4257	1
1775758152896	690	200	4262	5
1775758152936	751	200	4262	4
1775758153358	779	200	4264	5
1775758153455	989	200	4264	4
1775758153475	1142	200	4264	3
1775758153970	864	200	4264	2
1775758154000	900	200	4264	1
1775758155271	405	200	4265	1
1775758157691	362	200	4266	1
1775758158254	364	200	4267	1
1775758159082	375	200	4269	2
1775758159432	541	200	4272	4
1775758159509	667	200	4272	3
1775758159725	642	200	4272	2
1775758159831	704	200	4273	2
1775758160476	448	200	4274	2
1775758160821	453	200	4275	2
1775758161196	450	200	4275	1
1775758161694	585	200	4277	2
1775758161730	694	200	4277	1
1775758162566	411	200	4278	1
1775758163275	394	200	4281	3
1775758163564	725	200	4283	4
1775758163677	1212	200	4284	4
1775758163667	1236	200	4284	3
1775758164077	948	200	4284	2
1775758164345	786	200	4284	1
1775758165469	438	200	4288	4
1775758165622	542	200	4288	3
1775758165783	790	200	4290	4
1775758165853	916	200	4290	3
1775758166246	676	200	4290	2
1775758166444	615	200	4290	1
1775758167212	409	200	4291	1
1775758167624	539	200	4295	4
1775758167739	667	200	4295	3
1775758167912	748	200	4295	2
1775758168044	723	200	4295	1
1775758168913	420	200	4297	2
1775758169029	494	200	4298	2
1775758169397	566	200	4299	2
1775758169527	608	200	4300	2
1775758170097	463	200	4300	1
1775758171051	362	200	4301	1
1775758171462	758	200	4304	3
1775758171519	909	200	4305	3
1775758171489	957	200	4305	2
1775758172366	495	200	4308	4
1775758172676	940	200	4310	5
1775758172657	1151	200	4310	4
1775758172706	1142	200	4310	3
1775758173373	768	200	4311	3
1775758173560	665	200	4311	2
1775758174137	520	200	4314	4
1775758174422	900	200	4314	3
1775758174415	963	200	4314	2
1775758174528	930	200	4315	2
1775758175429	531	200	4317	3
1775758175592	703	200	4317	2
1775758175709	705	200	4317	1
1775758176487	559	200	4319	2
1775758176530	629	200	4320	2
1775758177147	460	200	4320	1
1775758178636	364	200	4322	2
1775758178976	418	200	4322	1
1775758179598	400	200	4323	1
1775758180158	408	200	4324	1
1775758181013	370	200	4325	1
1775758181740	429	200	4327	2
1775758181807	541	200	4328	2
1775758182330	474	200	4328	1
1775758183250	400	200	4329	1
1775758183863	406	200	4330	1
1775758184385	403	200	4331	1
1775758185079	394	200	4332	1
1775758186521	367	200	4333	1
1775758187017	516	200	4335	2
1775758187054	566	200	4335	1
1775758188196	381	200	4336	1
1775758189235	380	200	4337	1
1775758190060	471	200	4341	4
1775758190280	690	200	4341	3
1775758190428	910	200	4343	4
1775758190364	979	200	4343	3
1775758190986	837	200	4343	2
1775758191036	795	200	4343	1
1775758191882	419	200	4345	2
1775758192085	443	200	4345	1
1775758192650	454	200	4346	1
1775758193128	434	200	4348	2
1775758193363	453	200	4348	1
1775758194807	390	200	4351	3
1775758194891	535	200	4351	2
1775758195196	515	200	4351	1
1775758195802	526	200	4353	2
1775758195869	625	200	4353	1
1775758196883	495	200	4356	3
1775758196920	696	200	4358	4
1775758197061	723	200	4358	3
1775758197528	693	200	4358	2
1775758197588	736	200	4358	1
1775758198444	600	200	4361	3
1775758198498	892	200	4363	4
1775758198575	885	200	4363	3
1775758199146	643	200	4363	2
1775758199217	725	200	4365	3
1775758199849	831	200	4366	3
1775758199849	852	200	4366	2
1775758200404	559	200	4367	2
1775758200824	519	200	4367	1
1775758201425	639	200	4369	2
1775758201501	702	200	4369	1
1775758202219	466	200	4370	1
1775758202708	466	200	4372	2
1775758203094	489	200	4372	1
1775758204396	366	200	4373	1
1775758205635	389	200	4375	2
1775758205912	396	200	4375	1
1775758206675	376	200	4376	1
1775758207082	374	200	4377	1
1775758208598	362	200	4378	1
1775758209336	395	200	4380	2
1775758209428	469	200	4380	1
1775758210417	391	200	4384	4
1775758210550	641	200	4387	6
1775758210638	813	200	4388	6
1775758210770	945	200	4388	5
1775758210853	1049	200	4388	4
1775758210945	1177	200	4388	3
1775758210944	1458	200	4388	2
1775758211354	1096	200	4388	1
1775758212855	387	200	4389	1
1775758213512	427	200	4391	2
1775758213583	580	200	4393	3
1775758214021	669	200	4395	4
1775758214157	887	200	4395	3
1775758214275	1045	200	4396	3
1775758214479	897	200	4396	2
1775758215259	469	200	4396	1
1775758215783	425	200	4399	3
1775758216047	526	200	4399	2
1775758216208	554	200	4400	2
1775758216712	432	200	4400	1
1775758217214	426	200	4401	1
1775758217762	417	200	4402	1
1775758218183	477	200	4405	3
1775758218425	610	200	4405	2
1775758218538	658	200	4405	1
1775758219398	496	200	4408	3
1775758219530	709	200	4408	2
1775758219538	818	200	4409	2
1775758220275	435	200	4410	2
1775758220591	457	200	4410	1
1775758221582	470	200	4412	2
1775758221696	551	200	4412	1
1775758222289	409	200	4413	1
1775758222868	409	200	4415	2
1775758223232	447	200	4415	1
1775758223773	440	200	4417	2
1775758223940	502	200	4418	2
1775758224260	460	200	4419	2
1775758224591	448	200	4419	1
1775758225215	395	200	4420	1
1775758226089	375	200	4422	2
1775758226314	431	200	4422	1
1775758226759	638	200	4425	3
1775758226772	625	200	4425	2
1775758227205	479	200	4426	2
1775758227646	429	200	4426	1
1775758228527	374	200	4427	1
1775758229391	388	200	4428	1
1775758230012	651	200	4432	4
1775758230028	733	200	4432	3
1775758230350	851	200	4432	2
1775758230321	891	200	4433	2
1775758231203	423	200	4434	2
1775758231339	481	200	4434	1
1775758232356	373	200	4435	1
1775758233078	423	200	4437	2
1775758233322	462	200	4437	1
1775758234353	371	200	4438	1
1775758235403	379	200	4440	2
1775758235777	559	200	4441	2
1775758235840	642	200	4442	2
1775758236366	462	200	4442	1
1775758236877	405	200	4443	1
1775758238253	374	200	4444	1
1775758238697	406	200	4446	2
1775758238750	529	200	4446	1
1775758239292	432	200	4447	1
1775758241563	375	200	4449	2
1775758241866	402	200	4450	2
1775758242136	406	200	4450	1
1775758243048	385	200	4452	2
1775758243421	508	200	4456	5
1775758243587	693	200	4456	4
1775758243718	1263	200	4458	5
1775758243702	1359	200	4458	4
1775758243779	1384	200	4458	3
1775758244479	745	200	4458	2
1775758244467	958	200	4458	1
1775758246950	399	200	4461	3
1775758247062	449	200	4461	2
1775758247198	471	200	4461	1
1775758247879	409	200	4464	3
1775758248081	615	200	4466	4
1775758248165	734	200	4466	3
1775758248528	901	200	4468	4
1775758248502	982	200	4468	3
1775758248988	784	200	4468	2
1775758249184	638	200	4468	1
1775758249837	427	200	4470	2
1775758250208	478	200	4471	2
1775758250570	454	200	4471	1
1775758251388	459	200	4473	2
1775758251460	579	200	4474	2
1775758251959	446	200	4474	1
1775758254631	367	200	4475	1
1775758255285	496	200	4478	3
1775758255305	687	200	4480	4
1775758255502	627	200	4480	3
1775758255798	671	200	4480	2
1775758255787	704	200	4481	2
1775758256479	406	200	4481	1
1775758257852	399	200	4484	3
1775758257977	428	200	4484	2
1775758258077	500	200	4484	1
1775758258983	599	200	4489	5
1775758259014	1033	200	4491	6
1775758259054	1014	200	4491	5
1775758259445	972	200	4494	7
1775758259572	848	200	4494	6
1775758259837	1032	200	4494	5
1775758259658	1274	200	4494	4
1775758260276	1182	200	4495	4
1775758260300	1229	200	4495	3
1775758260304	1323	200	4495	2
1775758261250	529	200	4496	2
1775758261663	467	200	4497	2
1775758262010	454	200	4497	1
1775758262728	434	200	4498	1
1775758265051	386	200	4501	3
1775758265272	634	200	4503	4
1775758265383	860	200	4503	3
1775758265526	925	200	4503	2
1775758265703	843	200	4504	2
1775758266476	439	200	4504	1
1775758266953	401	200	4505	1
1775758267538	413	200	4507	2
1775758267649	480	200	4507	1
1775758268333	413	200	4508	1
1775758270084	356	200	4509	1
1775758270875	450	200	4512	3
1775758271001	538	200	4512	2
1775758271252	539	200	4512	1
1775758272205	440	200	4513	1
1775758272804	608	200	4516	3
1775758272826	731	200	4516	2
1775758273336	479	200	4518	3
1775758273658	594	200	4518	2
1775758273813	616	200	4518	1
1775758275767	374	200	4520	2
1775758276006	406	200	4520	1
1775758276422	428	200	4523	3
1775758276841	648	200	4524	3
1775758276841	651	200	4524	2
1775758277390	450	200	4526	3
1775758277535	769	200	4527	3
1775758277623	864	200	4527	2
1775758277944	632	200	4527	1
1775758278621	410	200	4529	2
1775758278965	464	200	4530	2
1775758279093	552	200	4530	1
1775758279922	409	200	4532	2
1775758280309	442	200	4532	1
1775758281075	390	200	4534	2
1775758281439	430	200	4534	1
1775758281977	398	200	4535	1
1775758282641	442	200	4536	1
1775758283518	403	200	4538	2
1775758283675	480	200	4538	1
1775758284977	560	200	4540	2
1775758284991	651	200	4540	1
1775758286215	364	200	4541	1
1775758287109	357	200	4542	1
1775758287780	382	200	4544	2
1775758287994	422	200	4544	1
1775758288667	421	200	4547	3
1775758288941	657	200	4547	2
1775758288939	713	200	4547	1
1775758289710	399	200	4548	1
1775758290252	445	200	4551	3
1775758290390	509	200	4551	2
1775758290668	481	200	4551	1
1775758291416	515	200	4553	2
1775758291444	631	200	4553	1
1775758292493	385	200	4554	1
1775758293169	381	200	4557	3
1775758293440	930	200	4558	3
1775758293438	933	200	4558	2
1775758293723	750	200	4558	1
1775758295345	365	200	4559	1
1775758295985	353	200	4561	2
1775758296179	481	200	4563	3
1775758296400	486	200	4564	3
1775758296574	534	200	4564	2
1775758296765	529	200	4564	1
1775758297542	394	200	4565	1
1775758298796	369	200	4566	1
1775758299340	382	200	4568	2
1775758299672	594	200	4569	2
1775758299728	692	200	4569	1
1775758300690	426	200	4572	3
1775758300934	604	200	4573	3
1775758301021	678	200	4573	2
1775758301487	485	200	4574	2
1775758301936	444	200	4574	1
1775758302987	452	200	4576	3
1775758303060	551	200	4577	2
1775758303440	445	200	4577	1
1775758304170	382	200	4580	3
1775758304302	534	200	4581	3
1775758304510	616	200	4582	3
1775758304561	731	200	4582	2
1775758305097	521	200	4582	1
1775758305669	413	200	4583	1
1775758306329	394	200	4585	2
1775758306420	499	200	4586	2
1775758306776	452	200	4586	1
1775758307703	367	200	4587	1
1775758308374	497	200	4589	2
1775758308415	586	200	4590	2
1775758308893	614	200	4595	6
1775758309043	802	200	4596	6
1775758309094	1146	200	4596	5
1775758309190	1307	200	4596	4
1775758309282	1383	200	4596	3
1775758309312	1465	200	4596	2
1775758309761	1121	200	4596	1
1775758312239	437	200	4599	3
1775758312350	525	200	4599	2
1775758312523	537	200	4599	1
1775758313274	419	200	4601	2
1775758313692	454	200	4602	2
1775758314020	456	200	4602	1
1775758316066	370	200	4603	1
1775758316906	414	200	4606	3
1775758316971	508	200	4606	2
1775758317234	419	200	4606	1
1775758318054	370	200	4607	1
1775758318532	395	200	4608	1
1775758319120	393	200	4609	1
1775758319723	1013	200	4617	8
1775758319784	1270	200	4618	8
1775758319804	1423	200	4618	7
1775758319905	1327	200	4618	6
1775758320206	1218	200	4618	5
1775758320229	1392	200	4618	4
1775758320375	2143	200	4621	6
1775758320542	2029	200	4621	5
1775758321002	1589	200	4621	4
1775758321907	788	200	4622	4
1775758321975	1377	200	4625	6
1775758322307	1326	200	4626	6
1775758322673	1243	200	4626	5
1775758323038	1080	200	4627	5
1775758323074	1144	200	4628	5
1775758323144	1271	200	4628	4
1775758323492	1077	200	4628	3
1775758323960	915	200	4628	2
1775758324156	808	200	4628	1
1775758325188	447	200	4629	1
1775758326289	490	200	4631	2
1775758326395	600	200	4631	1
1775758327228	410	200	4634	3
1775758327370	535	200	4635	3
1775758327486	771	200	4636	3
1775758327643	730	200	4636	2
1775758328086	492	200	4636	1
1775758329419	385	200	4637	1
1775758330241	393	200	4638	1
1775758330638	430	200	4639	1
1775758332024	364	200	4641	2
1775758332306	416	200	4641	1
1775758332739	420	200	4642	1
1775758333370	528	200	4645	3
1775758333478	895	200	4647	4
1775758333456	918	200	4647	3
1775758334026	722	200	4648	3
1775758334059	797	200	4648	2
1775758334501	568	200	4649	2
1775758334896	488	200	4649	1
1775758336088	419	200	4652	3
1775758336312	661	200	4652	2
1775758336325	650	200	4652	1
1775758337166	451	200	4656	4
1775758337236	807	200	4656	3
1775758337326	958	200	4657	3
1775758337396	928	200	4657	2
1775758338076	468	200	4657	1
1775758339086	392	200	4659	2
1775758339224	478	200	4660	2
1775758339532	500	200	4661	2
1775758339805	459	200	4661	1
1775758341523	367	200	4662	1
1775758342415	389	200	4664	2
1775758342624	482	200	4664	1
1775758343474	518	200	4667	3
1775758343486	750	200	4669	4
1775758343693	641	200	4669	3
1775758344207	770	200	4670	3
1775758344230	764	200	4671	3
1775758344585	588	200	4672	3
1775758344983	1110	200	4676	6
1775758345006	1165	200	4677	6
1775758345182	1189	200	4677	5
1775758345289	1144	200	4677	4
1775758346063	679	200	4677	3
1775758346033	945	200	4677	2
1775758346132	956	200	4677	1
1775758347365	527	200	4681	4
1775758347423	1078	200	4681	3
1775758347467	1048	200	4681	2
1775758347644	949	200	4681	1
1775758349115	379	200	4683	2
1775758349493	426	200	4683	1
1775758350043	391	200	4684	1
1775758350806	425	200	4686	2
1775758351078	465	200	4688	3
1775758351246	518	200	4688	2
1775758351500	500	200	4689	2
1775758351989	498	200	4690	2
1775758352154	510	200	4690	1
1775758352687	430	200	4691	1
1775758353249	387	200	4692	1
1775758353918	396	200	4693	1
1775758354419	408	200	4695	2
1775758354660	441	200	4695	1
1775758355179	403	200	4696	1
1775758355812	525	200	4701	5
1775758355830	858	200	4701	4
1775758356052	1211	200	4703	5
1775758356053	1311	200	4704	5
1775758356089	1401	200	4704	4
1775758356695	848	200	4704	3
1775758357026	753	200	4705	3
1775758357362	604	200	4705	2
1775758357757	474	200	4705	1
1775758358672	383	200	4707	2
1775758358973	434	200	4708	2
1775758359405	468	200	4708	1
1775758359997	426	200	4711	3
1775758360305	546	200	4711	2
1775758360409	623	200	4711	1
1775758361618	372	200	4713	2
1775758361850	426	200	4713	1
1775758362291	458	200	4715	2
1775758362358	563	200	4716	2
1775758362908	585	200	4717	2
1775758363000	644	200	4717	1
1775758364123	407	200	4721	4
1775758364248	579	200	4722	4
1775758364412	947	200	4722	3
1775758364436	1076	200	4722	2
1775758364651	900	200	4722	1
1775758365960	389	200	4725	3
1775758366104	440	200	4725	2
1775758366307	463	200	4725	1
1775758366985	393	200	4726	1
1775758367416	589	200	4730	4
1775758367497	674	200	4730	3
1775758367732	626	200	4730	2
1775758367986	550	200	4731	2
1775758368366	449	200	4731	1
1775758368838	420	200	4733	2
1775758369176	479	200	4733	1
1775758369895	496	200	4735	2
1775758369949	582	200	4735	1
1775758371108	397	200	4738	3
1775758371245	488	200	4739	3
1775758371420	521	200	4739	2
1775758371594	564	200	4740	2
1775758372029	482	200	4740	1
1775758372530	485	200	4741	1
1775758373102	430	200	4742	1
1775758374630	359	200	4743	1
1775758375148	376	200	4744	1
1775758376057	359	200	4745	1
1775758376882	361	200	4746	1
1775758377955	363	200	4747	1
1775758378643	360	200	4748	1
1775758379156	437	200	4751	3
1775758379270	808	200	4754	5
1775758379255	866	200	4754	4
1775758379623	772	200	4754	3
1775758379723	863	200	4754	2
1775758379963	743	200	4755	2
1775758380616	472	200	4755	1
1775758381571	382	200	4757	2
1775758381675	474	200	4757	1
1775758383183	352	200	4758	1
1775758384098	369	200	4759	1
1775758385054	368	200	4760	1
1775758385824	395	200	4761	1
1775758386257	401	200	4763	2
1775758386512	469	200	4764	2
1775758386830	481	200	4764	1
1775758387348	460	200	4765	1
1775758387846	489	200	4767	2
1775758388018	542	200	4768	2
1775758388557	550	200	4769	2
1775758388744	580	200	4769	1
1775758389916	404	200	4771	2
1775758390126	487	200	4772	2
1775758390511	453	200	4772	1
1775758391287	398	200	4773	1
1775758392293	384	200	4775	2
1775758392599	428	200	4775	1
1775758393468	396	200	4777	2
1775758393610	486	200	4780	4
1775758393949	673	200	4781	4
1775758394023	1092	200	4782	4
1775758394117	1261	200	4783	4
1775758394078	1375	200	4783	3
1775758394866	690	200	4783	2
1775758395247	527	200	4784	2
1775758395728	443	200	4785	2
1775758396073	459	200	4786	2
1775758396507	459	200	4787	2
1775758396925	500	200	4789	3
1775758397193	587	200	4791	4
1775758397289	693	200	4791	3
1775758397549	911	200	4793	4
1775758397506	955	200	4793	3
1775758398275	752	200	4794	3
1775758398240	799	200	4794	2
1775758398860	483	200	4795	2
1775758399300	485	200	4795	1
1775758401044	369	200	4798	3
1775758401213	532	200	4799	3
1775758401327	559	200	4799	2
1775758401605	466	200	4799	1
1775758403546	381	200	4800	1
1775758404973	374	200	4803	3
1775758405193	467	200	4804	3
1775758405343	509	200	4804	3
1775758405618	470	200	4806	3
1775758405853	674	200	4806	2
1775758405882	743	200	4806	1
1775758406794	413	200	4807	1
1775758407816	361	200	4808	1
1775758408769	372	200	4809	1
1775758409904	354	200	4810	1
1775758411095	374	200	4812	2
1775758411345	481	200	4813	2
1775758411474	510	200	4814	2
1775758411976	441	200	4814	1
1775758412517	420	200	4816	2
1775758412868	475	200	4817	2
1775758413199	452	200	4818	2
1775758413629	441	200	4820	3
1775758413845	688	200	4821	3
1775758413861	703	200	4821	2
1775758414520	461	200	4821	1
1775758416080	357	200	4822	1
1775758416653	374	200	4824	2
1775758417027	428	200	4825	2
1775758417246	435	200	4826	2
1775758417666	429	200	4826	1
1775758418328	387	200	4828	2
1775758418419	502	200	4828	1
1775758419290	405	200	4830	2
1775758419611	445	200	4831	2
1775758419954	459	200	4832	2
1775758420361	460	200	4832	1
1775758421135	391	200	4833	1
1775758421586	393	200	4834	1
1775758422855	389	200	4836	2
1775758422996	442	200	4837	2
1775758423383	581	200	4839	3
1775758423473	810	200	4840	3
1775758423555	840	200	4840	2
1775758424014	532	200	4840	1
1775758424716	512	200	4842	2
1775758424838	605	200	4843	2
1775758425436	441	200	4843	1
1775758426963	378	200	4844	1
1775758427589	363	200	4845	1
1775758428026	536	200	4848	3
1775758428074	608	200	4848	2
1775758428380	486	200	4848	1
1775758429800	367	200	4851	3
1775758430104	594	200	4851	2
1775758430166	653	200	4852	2
1775758430723	705	200	4855	5
1775758430827	702	200	4856	4
1775758431172	915	200	4857	4
1775758431193	903	200	4857	3
1775758431429	977	200	4857	2
1775758431649	796	200	4857	1
1775758433248	403	200	4859	2
1775758433426	461	200	4859	1
1775758433977	402	200	4860	1
1775758434858	570	200	4864	4
1775758434887	717	200	4865	4
1775758435239	986	200	4866	4
1775758435270	986	200	4866	3
1775758435556	807	200	4867	3
1775758436016	534	200	4867	2
1775758436338	487	200	4867	1
1775758436941	401	200	4868	1
1775758437494	389	200	4869	1
1775758437932	404	200	4872	3
1775758438105	450	200	4872	2
1775758438321	472	200	4873	2
1775758438589	449	200	4874	2
1775758438884	498	200	4875	2
1775758439090	497	200	4875	1
1775758439834	401	200	4876	1
1775758440342	383	200	4878	2
1775758440633	429	200	4878	1
1775758441283	379	200	4879	1
1775758442166	358	200	4880	1
1775758442817	383	200	4882	2
1775758442945	439	200	4883	2
1775758443360	442	200	4883	1
1775758444171	392	200	4884	1
1775758444852	376	200	4885	1
1775758445453	400	200	4886	1
1775758446132	381	200	4887	1
1775758446949	435	200	4889	2
1775758447196	515	200	4891	3
1775758447465	524	200	4891	2
1775758447595	616	200	4892	2
1775758448145	527	200	4893	2
1775758448419	561	200	4893	1
1775758450163	469	200	4894	1
1775758450640	523	200	4895	1
1775758451201	477	200	4896	1
1775758452500	461	200	4898	2
1775758452696	529	200	4899	2
1775758453130	560	200	4899	1
1775758453870	462	200	4900	1
1775758455113	660	200	4902	2
1775758455113	668	200	4902	1
1775758456139	411	200	4905	3
1775758456307	547	200	4906	3
1775758456413	672	200	4906	2
1775758456642	605	200	4906	1
1775758457935	370	200	4907	1
1775758459309	382	200	4909	2
1775758459533	431	200	4909	1
1775758460045	420	200	4911	2
1775758460414	542	200	4912	2
1775758460481	634	200	4913	2
1775758461056	458	200	4913	1
1775758461558	407	200	4914	1
1775758462601	389	200	4915	1
1775758465044	477	200	4917	2
1775758465088	552	200	4917	1
1775758466800	376	200	4919	2
1775758467149	391	200	4919	1
1775758468308	364	200	4920	1
1775758469016	365	200	4921	1
1775758471055	486	200	4923	2
1775758471082	570	200	4923	1
1775758473317	378	200	4924	1
1775758473927	369	200	4927	3
1775758474086	814	200	4929	4
1775758474097	878	200	4929	3
1775758474371	737	200	4929	2
1775758474596	576	200	4929	1
1775758475286	362	200	4931	2
1775758475481	413	200	4932	2
1775758475837	389	200	4932	1
1775758476501	367	200	4933	1
1775758476941	374	200	4935	2
1775758477073	417	200	4935	1
1775758477544	675	200	4940	5
1775758477545	981	200	4940	4
1775758477603	1109	200	4940	3
1775758477724	1102	200	4940	2
1775758477877	1013	200	4941	2
1775758478838	472	200	4942	2
1775758479139	542	200	4944	3
1775758479313	618	200	4944	2
1775758479554	560	200	4945	2
1775758480088	463	200	4945	1
1775758481392	398	200	4946	1
1775758481929	456	200	4948	2
1775758481968	606	200	4948	1
1775758482962	547	200	4950	2
1775758483001	654	200	4950	1
1775758484009	387	200	4951	1
1775758484447	440	200	4953	2
1775758484570	525	200	4954	2
1775758484924	501	200	4954	1
1775758485798	395	200	4955	1
1775758486306	474	200	4960	5
1775758486542	1099	200	4960	4
1775758486532	1114	200	4960	3
1775758486670	1166	200	4960	2
1775758486718	1170	200	4960	1
1775758488006	400	200	4962	2
1775758488319	460	200	4962	1
1775758489649	376	200	4964	2
1775758489832	434	200	4964	1
1775758490606	373	200	4965	1
1775758491297	401	200	4967	2
1775758491662	450	200	4967	1
1775758492937	376	200	4968	1
1775758493468	390	200	4969	1
1775758494617	376	200	4973	4
1775758494865	1130	200	4976	6
1775758494903	1148	200	4976	5
1775758494956	1277	200	4977	5
1775758495227	1006	200	4977	4
1775758495368	1430	200	4978	4
1775758495706	1322	200	4979	4
1775758496218	1084	200	4979	3
1775758496256	1118	200	4979	2
1775758496996	537	200	4979	1
1775758497563	418	200	4980	1
1775758498176	539	200	4982	2
1775758498201	603	200	4982	1
1775758499179	386	200	4983	1
1775758500917	364	200	4984	1
1775758501723	412	200	4985	1
1775758502183	401	200	4986	1
1775758503319	395	200	4988	2
1775758503685	483	200	4989	2
1775758503889	508	200	4989	1
1775758504885	399	200	4990	1
1775758505338	408	200	4992	2
1775758505493	454	200	4992	1
1775758506763	365	200	4993	1
1775758507986	507	200	4996	3
1775758508045	563	200	4997	3
1775758508362	448	200	4997	2
1775758508544	461	200	4997	1
1775758509232	408	200	4999	2
1775758509405	518	200	5000	2
1775758509732	476	200	5000	1